=> Booting Puma
=> Rails 8.1.3 application starting in development 
=> Run `bin/rails server --help` for more startup options
Puma starting in single mode...
* Puma version: 8.0.0 ("Into the Arena")
* Ruby version: ruby 3.4.9 (2026-03-11 revision 76cca827ab) +PRISM [x86_64-linux]
*  Min threads: 3
*  Max threads: 3
*  Environment: development
*          PID: 63242
* Listening on http://0.0.0.0:3000
Use Ctrl-C to stop
Started GET "/admin/login" for 127.0.0.1 at 2026-04-14 14:52:24 +0200
  [1m[36mActiveRecord::SchemaMigration Load (0.3ms)[0m  [1m[34mSELECT "schema_migrations"."version" FROM "schema_migrations" ORDER BY "schema_migrations"."version" ASC /*application='FreightSolutionBackEnd'*/[0m
Processing by AdminController#login as */*
  Rendering layout layouts/admin_login.html.erb
  Rendering admin/login.html.erb within layouts/admin_login
  Rendered admin/login.html.erb within layouts/admin_login (Duration: 2.8ms | GC: 0.0ms)
  Rendered layout layouts/admin_login.html.erb (Duration: 3.2ms | GC: 0.0ms)
Completed 200 OK in 7ms (Views: 4.7ms | ActiveRecord: 0.0ms (0 queries, 0 cached) | GC: 0.2ms)


Started POST "/admin/login" for 127.0.0.1 at 2026-04-14 14:52:35 +0200
Processing by AdminController#login as */*
  Parameters: {"email" => "[FILTERED]", "password" => "[FILTERED]"}
  [1m[36mUser Load (0.4ms)[0m  [1m[34mSELECT "users".* FROM "users" WHERE "users"."email" = 'felender7@gmail.com' LIMIT 1 /*action='login',application='FreightSolutionBackEnd',controller='admin'*/[0m
  ↳ app/controllers/admin_controller.rb:9:in 'AdminController#login'
Redirected to http://localhost:3000/admin/dashboard
↳ app/controllers/admin_controller.rb:12:in 'AdminController#login'
Completed 302 Found in 220ms (ActiveRecord: 4.5ms (1 query, 0 cached) | GC: 0.0ms)


Started POST "/admin/dashboard" for 127.0.0.1 at 2026-04-14 14:52:35 +0200
  
ActionController::RoutingError (No route matches [POST] "/admin/dashboard"):
  
Started GET "/admin/dashboard" for 127.0.0.1 at 2026-04-14 14:52:53 +0200
Processing by Admin::DashboardController#index as */*
  [1m[36mEmployee Count (0.4ms)[0m  [1m[34mSELECT COUNT(*) FROM "employees" /*action='index',application='FreightSolutionBackEnd',controller='dashboard'*/[0m
  ↳ app/controllers/admin/dashboard_controller.rb:7:in 'Admin::DashboardController#index'
  [1m[36mVendor Count (0.4ms)[0m  [1m[34mSELECT COUNT(*) FROM "vendors" /*action='index',application='FreightSolutionBackEnd',controller='dashboard'*/[0m
  ↳ app/controllers/admin/dashboard_controller.rb:8:in 'Admin::DashboardController#index'
  [1m[36mShipment Count (0.2ms)[0m  [1m[34mSELECT COUNT(*) FROM "shipments" /*action='index',application='FreightSolutionBackEnd',controller='dashboard'*/[0m
  ↳ app/controllers/admin/dashboard_controller.rb:9:in 'Admin::DashboardController#index'
  [1m[36mInvoice Count (0.3ms)[0m  [1m[34mSELECT COUNT(*) FROM "invoices" /*action='index',application='FreightSolutionBackEnd',controller='dashboard'*/[0m
  ↳ app/controllers/admin/dashboard_controller.rb:10:in 'Admin::DashboardController#index'
  [1m[36mInvoice Sum (0.2ms)[0m  [1m[34mSELECT SUM("invoices"."amount") FROM "invoices" WHERE "invoices"."status" = 'paid' /*action='index',application='FreightSolutionBackEnd',controller='dashboard'*/[0m
  ↳ app/controllers/admin/dashboard_controller.rb:11:in 'Admin::DashboardController#index'
  [1m[36mInvoice Count (0.1ms)[0m  [1m[34mSELECT COUNT(*) FROM "invoices" WHERE "invoices"."status" = 'pending' /*action='index',application='FreightSolutionBackEnd',controller='dashboard'*/[0m
  ↳ app/controllers/admin/dashboard_controller.rb:12:in 'Admin::DashboardController#index'
  Rendering layout layouts/admin.html.erb
  Rendering admin/dashboard/index.html.erb within layouts/admin
  [1m[36mShipment Exists? (0.1ms)[0m  [1m[34mSELECT 1 AS one FROM "shipments" LIMIT 1 /*action='index',application='FreightSolutionBackEnd',controller='dashboard'*/[0m
  ↳ app/views/admin/dashboard/index.html.erb:64
  [1m[36mInvoice Exists? (0.1ms)[0m  [1m[34mSELECT 1 AS one FROM "invoices" LIMIT 1 /*action='index',application='FreightSolutionBackEnd',controller='dashboard'*/[0m
  ↳ app/views/admin/dashboard/index.html.erb:102
  Rendered admin/dashboard/index.html.erb within layouts/admin (Duration: 3.5ms | GC: 0.0ms)
  [1m[36mUser Load (0.2ms)[0m  [1m[34mSELECT "users".* FROM "users" WHERE "users"."id" = 1 LIMIT 1 /*action='index',application='FreightSolutionBackEnd',controller='dashboard'*/[0m
  ↳ app/controllers/admin/dashboard_controller.rb:26:in 'Admin::DashboardController#current_user'
  Rendered layout layouts/admin.html.erb (Duration: 5.9ms | GC: 0.0ms)
Completed 200 OK in 19ms (Views: 6.6ms | ActiveRecord: 3.0ms (9 queries, 0 cached) | GC: 0.0ms)


Started GET "/admin/employees" for 127.0.0.1 at 2026-04-14 14:52:56 +0200
Processing by Admin::EmployeesController#index as */*
  Rendering layout layouts/admin.html.erb
  Rendering admin/employees/index.html.erb within layouts/admin
  [1m[36mEmployee Exists? (1.0ms)[0m  [1m[34mSELECT 1 AS one FROM "employees" LIMIT 1 /*action='index',application='FreightSolutionBackEnd',controller='employees'*/[0m
  ↳ app/views/admin/employees/index.html.erb:17
  Rendered admin/employees/index.html.erb within layouts/admin (Duration: 5.9ms | GC: 3.5ms)
  [1m[36mUser Load (0.4ms)[0m  [1m[34mSELECT "users".* FROM "users" WHERE "users"."id" = 1 LIMIT 1 /*action='index',application='FreightSolutionBackEnd',controller='employees'*/[0m
  ↳ app/controllers/admin/employees_controller.rb:55:in 'Admin::EmployeesController#current_user'
  Rendered layout layouts/admin.html.erb (Duration: 10.8ms | GC: 6.5ms)
Completed 200 OK in 15ms (Views: 10.8ms | ActiveRecord: 2.1ms (2 queries, 0 cached) | GC: 8.4ms)


Started GET "/admin/employees/new" for 127.0.0.1 at 2026-04-14 14:54:05 +0200
Processing by Admin::EmployeesController#new as HTML
  Rendering layout layouts/admin.html.erb
  Rendering admin/employees/new.html.erb within layouts/admin
  Rendered admin/employees/new.html.erb within layouts/admin (Duration: 15.6ms | GC: 6.3ms)
  [1m[36mUser Load (0.2ms)[0m  [1m[34mSELECT "users".* FROM "users" WHERE "users"."id" = 1 LIMIT 1 /*action='new',application='FreightSolutionBackEnd',controller='employees'*/[0m
  ↳ app/controllers/admin/employees_controller.rb:55:in 'Admin::EmployeesController#current_user'
  Rendered layout layouts/admin.html.erb (Duration: 17.6ms | GC: 6.3ms)
Completed 200 OK in 35ms (Views: 18.0ms | ActiveRecord: 0.6ms (1 query, 0 cached) | GC: 17.7ms)


Started GET "/admin/vendors" for 127.0.0.1 at 2026-04-14 14:54:08 +0200
Processing by Admin::VendorsController#index as HTML
  Rendering layout layouts/application.html.erb
  Rendering admin/vendors/index.html.erb within layouts/application
  [1m[36mVendor Exists? (0.1ms)[0m  [1m[34mSELECT 1 AS one FROM "vendors" LIMIT 1 /*action='index',application='FreightSolutionBackEnd',controller='vendors'*/[0m
  ↳ app/views/admin/vendors/index.html.erb:17
  Rendered admin/vendors/index.html.erb within layouts/application (Duration: 1.3ms | GC: 0.0ms)
  Rendered layout layouts/application.html.erb (Duration: 179.5ms | GC: 11.2ms)
Completed 200 OK in 183ms (Views: 180.7ms | ActiveRecord: 0.8ms (1 query, 0 cached) | GC: 11.5ms)


Started GET "/admin/vendors" for 127.0.0.1 at 2026-04-14 14:54:22 +0200
Processing by Admin::VendorsController#index as HTML
  Rendering layout layouts/application.html.erb
  Rendering admin/vendors/index.html.erb within layouts/application
  [1m[36mVendor Exists? (0.2ms)[0m  [1m[34mSELECT 1 AS one FROM "vendors" LIMIT 1 /*action='index',application='FreightSolutionBackEnd',controller='vendors'*/[0m
  ↳ app/views/admin/vendors/index.html.erb:17
  Rendered admin/vendors/index.html.erb within layouts/application (Duration: 1.2ms | GC: 0.0ms)
  Rendered layout layouts/application.html.erb (Duration: 2.2ms | GC: 0.0ms)
Completed 200 OK in 3ms (Views: 2.2ms | ActiveRecord: 0.2ms (1 query, 0 cached) | GC: 0.0ms)


Started GET "/admin/vendors" for 127.0.0.1 at 2026-04-14 14:54:24 +0200
Processing by Admin::VendorsController#index as HTML
  Rendering layout layouts/application.html.erb
  Rendering admin/vendors/index.html.erb within layouts/application
  [1m[36mVendor Exists? (0.3ms)[0m  [1m[34mSELECT 1 AS one FROM "vendors" LIMIT 1 /*action='index',application='FreightSolutionBackEnd',controller='vendors'*/[0m
  ↳ app/views/admin/vendors/index.html.erb:17
  Rendered admin/vendors/index.html.erb within layouts/application (Duration: 1.4ms | GC: 0.0ms)
  Rendered layout layouts/application.html.erb (Duration: 2.4ms | GC: 0.0ms)
Completed 200 OK in 3ms (Views: 2.4ms | ActiveRecord: 0.3ms (1 query, 0 cached) | GC: 0.0ms)


Started GET "/admin/vendors" for 127.0.0.1 at 2026-04-14 14:54:25 +0200
Processing by Admin::VendorsController#index as HTML
  Rendering layout layouts/application.html.erb
  Rendering admin/vendors/index.html.erb within layouts/application
  [1m[36mVendor Exists? (0.2ms)[0m  [1m[34mSELECT 1 AS one FROM "vendors" LIMIT 1 /*action='index',application='FreightSolutionBackEnd',controller='vendors'*/[0m
  ↳ app/views/admin/vendors/index.html.erb:17
  Rendered admin/vendors/index.html.erb within layouts/application (Duration: 1.2ms | GC: 0.0ms)
  Rendered layout layouts/application.html.erb (Duration: 2.3ms | GC: 0.0ms)
Completed 200 OK in 3ms (Views: 2.4ms | ActiveRecord: 0.2ms (1 query, 0 cached) | GC: 0.0ms)


Started GET "/favicon.ico" for 127.0.0.1 at 2026-04-14 14:54:25 +0200
  
ActionController::RoutingError (No route matches [GET] "/favicon.ico"):
  
Started GET "/admin/vendors" for 127.0.0.1 at 2026-04-14 14:54:25 +0200
Processing by Admin::VendorsController#index as HTML
  Rendering layout layouts/application.html.erb
  Rendering admin/vendors/index.html.erb within layouts/application
  [1m[36mVendor Exists? (0.3ms)[0m  [1m[34mSELECT 1 AS one FROM "vendors" LIMIT 1 /*action='index',application='FreightSolutionBackEnd',controller='vendors'*/[0m
  ↳ app/views/admin/vendors/index.html.erb:17
  Rendered admin/vendors/index.html.erb within layouts/application (Duration: 1.2ms | GC: 0.0ms)
  Rendered layout layouts/application.html.erb (Duration: 2.3ms | GC: 0.0ms)
Completed 200 OK in 3ms (Views: 2.4ms | ActiveRecord: 0.3ms (1 query, 0 cached) | GC: 0.0ms)


Started GET "/favicon.ico" for 127.0.0.1 at 2026-04-14 14:54:25 +0200
  
ActionController::RoutingError (No route matches [GET] "/favicon.ico"):
  
Started GET "/admin/vendors" for 127.0.0.1 at 2026-04-14 14:54:26 +0200
Processing by Admin::VendorsController#index as HTML
  Rendering layout layouts/application.html.erb
  Rendering admin/vendors/index.html.erb within layouts/application
  [1m[36mVendor Exists? (0.2ms)[0m  [1m[34mSELECT 1 AS one FROM "vendors" LIMIT 1 /*action='index',application='FreightSolutionBackEnd',controller='vendors'*/[0m
  ↳ app/views/admin/vendors/index.html.erb:17
  Rendered admin/vendors/index.html.erb within layouts/application (Duration: 1.2ms | GC: 0.0ms)
  Rendered layout layouts/application.html.erb (Duration: 2.3ms | GC: 0.0ms)
Completed 200 OK in 3ms (Views: 2.5ms | ActiveRecord: 0.2ms (1 query, 0 cached) | GC: 0.0ms)


Started GET "/favicon.ico" for 127.0.0.1 at 2026-04-14 14:54:26 +0200
  
ActionController::RoutingError (No route matches [GET] "/favicon.ico"):
  
Started GET "/admin/dashboard" for 127.0.0.1 at 2026-04-14 14:54:29 +0200
Processing by Admin::DashboardController#index as HTML
  [1m[36mEmployee Count (0.3ms)[0m  [1m[34mSELECT COUNT(*) FROM "employees" /*action='index',application='FreightSolutionBackEnd',controller='dashboard'*/[0m
  ↳ app/controllers/admin/dashboard_controller.rb:7:in 'Admin::DashboardController#index'
  [1m[36mVendor Count (0.2ms)[0m  [1m[34mSELECT COUNT(*) FROM "vendors" /*action='index',application='FreightSolutionBackEnd',controller='dashboard'*/[0m
  ↳ app/controllers/admin/dashboard_controller.rb:8:in 'Admin::DashboardController#index'
  [1m[36mShipment Count (0.1ms)[0m  [1m[34mSELECT COUNT(*) FROM "shipments" /*action='index',application='FreightSolutionBackEnd',controller='dashboard'*/[0m
  ↳ app/controllers/admin/dashboard_controller.rb:9:in 'Admin::DashboardController#index'
  [1m[36mInvoice Count (0.1ms)[0m  [1m[34mSELECT COUNT(*) FROM "invoices" /*action='index',application='FreightSolutionBackEnd',controller='dashboard'*/[0m
  ↳ app/controllers/admin/dashboard_controller.rb:10:in 'Admin::DashboardController#index'
  [1m[36mInvoice Sum (0.1ms)[0m  [1m[34mSELECT SUM("invoices"."amount") FROM "invoices" WHERE "invoices"."status" = 'paid' /*action='index',application='FreightSolutionBackEnd',controller='dashboard'*/[0m
  ↳ app/controllers/admin/dashboard_controller.rb:11:in 'Admin::DashboardController#index'
  [1m[36mInvoice Count (0.2ms)[0m  [1m[34mSELECT COUNT(*) FROM "invoices" WHERE "invoices"."status" = 'pending' /*action='index',application='FreightSolutionBackEnd',controller='dashboard'*/[0m
  ↳ app/controllers/admin/dashboard_controller.rb:12:in 'Admin::DashboardController#index'
  Rendering layout layouts/admin.html.erb
  Rendering admin/dashboard/index.html.erb within layouts/admin
  [1m[36mShipment Exists? (0.1ms)[0m  [1m[34mSELECT 1 AS one FROM "shipments" LIMIT 1 /*action='index',application='FreightSolutionBackEnd',controller='dashboard'*/[0m
  ↳ app/views/admin/dashboard/index.html.erb:64
  [1m[36mInvoice Exists? (0.1ms)[0m  [1m[34mSELECT 1 AS one FROM "invoices" LIMIT 1 /*action='index',application='FreightSolutionBackEnd',controller='dashboard'*/[0m
  ↳ app/views/admin/dashboard/index.html.erb:102
  Rendered admin/dashboard/index.html.erb within layouts/admin (Duration: 1.2ms | GC: 0.0ms)
  [1m[36mUser Load (0.1ms)[0m  [1m[34mSELECT "users".* FROM "users" WHERE "users"."id" = 1 LIMIT 1 /*action='index',application='FreightSolutionBackEnd',controller='dashboard'*/[0m
  ↳ app/controllers/admin/dashboard_controller.rb:26:in 'Admin::DashboardController#current_user'
  Rendered layout layouts/admin.html.erb (Duration: 2.2ms | GC: 0.0ms)
Completed 200 OK in 8ms (Views: 2.2ms | ActiveRecord: 1.4ms (9 queries, 0 cached) | GC: 0.0ms)


Started GET "/admin/employees" for 127.0.0.1 at 2026-04-14 14:54:30 +0200
Processing by Admin::EmployeesController#index as HTML
  Rendering layout layouts/admin.html.erb
  Rendering admin/employees/index.html.erb within layouts/admin
  [1m[36mEmployee Exists? (0.3ms)[0m  [1m[34mSELECT 1 AS one FROM "employees" LIMIT 1 /*action='index',application='FreightSolutionBackEnd',controller='employees'*/[0m
  ↳ app/views/admin/employees/index.html.erb:17
  Rendered admin/employees/index.html.erb within layouts/admin (Duration: 1.1ms | GC: 0.0ms)
  [1m[36mUser Load (0.2ms)[0m  [1m[34mSELECT "users".* FROM "users" WHERE "users"."id" = 1 LIMIT 1 /*action='index',application='FreightSolutionBackEnd',controller='employees'*/[0m
  ↳ app/controllers/admin/employees_controller.rb:55:in 'Admin::EmployeesController#current_user'
  Rendered layout layouts/admin.html.erb (Duration: 2.2ms | GC: 0.0ms)
Completed 200 OK in 3ms (Views: 2.0ms | ActiveRecord: 0.5ms (2 queries, 0 cached) | GC: 0.0ms)


Started GET "/admin/vendors" for 127.0.0.1 at 2026-04-14 14:54:31 +0200
Processing by Admin::VendorsController#index as HTML
  Rendering layout layouts/application.html.erb
  Rendering admin/vendors/index.html.erb within layouts/application
  [1m[36mVendor Exists? (0.3ms)[0m  [1m[34mSELECT 1 AS one FROM "vendors" LIMIT 1 /*action='index',application='FreightSolutionBackEnd',controller='vendors'*/[0m
  ↳ app/views/admin/vendors/index.html.erb:17
  Rendered admin/vendors/index.html.erb within layouts/application (Duration: 1.3ms | GC: 0.0ms)
  Rendered layout layouts/application.html.erb (Duration: 2.3ms | GC: 0.0ms)
Completed 200 OK in 3ms (Views: 2.3ms | ActiveRecord: 0.3ms (1 query, 0 cached) | GC: 0.0ms)


Started GET "/admin/shipments" for 127.0.0.1 at 2026-04-14 14:54:33 +0200
Processing by Admin::ShipmentsController#index as HTML
  Rendering layout layouts/application.html.erb
  Rendering admin/shipments/index.html.erb within layouts/application
  [1m[36mShipment Exists? (0.2ms)[0m  [1m[34mSELECT 1 AS one FROM "shipments" LIMIT 1 /*action='index',application='FreightSolutionBackEnd',controller='shipments'*/[0m
  ↳ app/views/admin/shipments/index.html.erb:16
  Rendered admin/shipments/index.html.erb within layouts/application (Duration: 1.4ms | GC: 0.0ms)
  Rendered layout layouts/application.html.erb (Duration: 2.5ms | GC: 0.0ms)
Completed 200 OK in 3ms (Views: 2.7ms | ActiveRecord: 0.2ms (1 query, 0 cached) | GC: 0.0ms)


Started GET "/admin/invoices" for 127.0.0.1 at 2026-04-14 14:54:35 +0200
Processing by Admin::InvoicesController#index as HTML
  Rendering layout layouts/application.html.erb
  Rendering admin/invoices/index.html.erb within layouts/application
  [1m[36mInvoice Exists? (0.2ms)[0m  [1m[34mSELECT 1 AS one FROM "invoices" LIMIT 1 /*action='index',application='FreightSolutionBackEnd',controller='invoices'*/[0m
  ↳ app/views/admin/invoices/index.html.erb:9
  Rendered admin/invoices/index.html.erb within layouts/application (Duration: 1.4ms | GC: 0.0ms)
  Rendered layout layouts/application.html.erb (Duration: 2.6ms | GC: 0.0ms)
Completed 200 OK in 3ms (Views: 2.8ms | ActiveRecord: 0.2ms (1 query, 0 cached) | GC: 0.0ms)


Started GET "/admin/invoices" for 127.0.0.1 at 2026-04-14 14:54:38 +0200
Processing by Admin::InvoicesController#index as HTML
  Rendering layout layouts/application.html.erb
  Rendering admin/invoices/index.html.erb within layouts/application
  [1m[36mInvoice Exists? (0.2ms)[0m  [1m[34mSELECT 1 AS one FROM "invoices" LIMIT 1 /*action='index',application='FreightSolutionBackEnd',controller='invoices'*/[0m
  ↳ app/views/admin/invoices/index.html.erb:9
  Rendered admin/invoices/index.html.erb within layouts/application (Duration: 1.1ms | GC: 0.0ms)
  Rendered layout layouts/application.html.erb (Duration: 2.1ms | GC: 0.0ms)
Completed 200 OK in 3ms (Views: 2.2ms | ActiveRecord: 0.2ms (1 query, 0 cached) | GC: 0.0ms)


Started GET "/admin/users" for 127.0.0.1 at 2026-04-14 14:54:40 +0200
Processing by Admin::UsersController#index as HTML
  Rendering layout layouts/application.html.erb
  Rendering admin/users/index.html.erb within layouts/application
  [1m[36mUser Exists? (0.2ms)[0m  [1m[34mSELECT 1 AS one FROM "users" LIMIT 1 /*action='index',application='FreightSolutionBackEnd',controller='users'*/[0m
  ↳ app/views/admin/users/index.html.erb:6
  [1m[36mUser Load (0.2ms)[0m  [1m[34mSELECT "users".* FROM "users" ORDER BY "users"."created_at" DESC /*action='index',application='FreightSolutionBackEnd',controller='users'*/[0m
  ↳ app/views/admin/users/index.html.erb:8
  Rendered admin/users/index.html.erb within layouts/application (Duration: 8.1ms | GC: 5.1ms)
  Rendered layout layouts/application.html.erb (Duration: 8.2ms | GC: 5.1ms)
Completed 500 Internal Server Error in 9ms (ActiveRecord: 0.4ms (2 queries, 0 cached) | GC: 5.1ms)


  
ActionView::Template::Error (wrong number of arguments (given 1, expected 0))
Caused by: ArgumentError (wrong number of arguments (given 1, expected 0))

Information for: ActionView::Template::Error (wrong number of arguments (given 1, expected 0)):
     5:     <% if @users.any? %>
     6:       <table><thead><tr><th>Name</th><th>Email</th><th>Role</th><th>Status</th><th>Actions</th></tr></thead><tbody>
     7:         <% @users.each do |u| %><tr><td><strong><%= u.first_name %> <%= u.last_name %></strong></td><td><%= u.email %></td><td><span class="badge <%= u.role=='admin'?'badge-info':'badge-warning' %>"><%= u.role %></span></td><td><span class="badge <%= u.must_update_password?'badge-error':'badge-success' %>"><%= u.must_update_password ? 'Password needed' : 'Active' %></span></td><td><div class="actions"><a href="<%= admin_user_path(u) %>" class="btn btn-sm btn-secondary">View</a><a href="<%= edit_admin_user_path(u) %>" class="btn btn-sm btn-secondary">Edit</a><%= button_to 'Delete', admin_user_path(u), method: :delete, data: { confirm: 'Sure?' }, class: 'btn btn-sm btn-danger' %></div></td></tr><% end %></tbody></table>
     8:     <% else %><div class="empty-state"><svg fill="none" stroke="currentColor" viewBox="0 0 24 24"><path stroke-linecap="round" stroke-linejoin="round" stroke-width="2" d="M12 6V4m0 2a2 2 0 100 4m0-4a2 2 0 110 4m-6 8a2 2 0 100-4m0 4a2 2 0 110-4m0 4v2m0-6V4m6 6v10m6-2a2 2 0 100-4m0 4a2 2 0 110-4m0 4v2m0-6V4"/></svg><p>No users</p></div><% end %>
     9:   </div></div>
    10: </div>
  
app/views/admin/users/index.html.erb:8
app/views/admin/users/index.html.erb:8

Information for cause: ArgumentError (wrong number of arguments (given 1, expected 0)):
  
app/views/admin/users/index.html.erb:8
app/views/admin/users/index.html.erb:8
Started GET "/admin/employees/new" for 127.0.0.1 at 2026-04-14 14:54:45 +0200
Processing by Admin::EmployeesController#new as HTML
  Rendering layout layouts/admin.html.erb
  Rendering admin/employees/new.html.erb within layouts/admin
  Rendered admin/employees/new.html.erb within layouts/admin (Duration: 1.4ms | GC: 0.0ms)
  [1m[36mUser Load (0.2ms)[0m  [1m[34mSELECT "users".* FROM "users" WHERE "users"."id" = 1 LIMIT 1 /*action='new',application='FreightSolutionBackEnd',controller='employees'*/[0m
  ↳ app/controllers/admin/employees_controller.rb:55:in 'Admin::EmployeesController#current_user'
  Rendered layout layouts/admin.html.erb (Duration: 2.7ms | GC: 0.0ms)
Completed 200 OK in 4ms (Views: 2.8ms | ActiveRecord: 0.2ms (1 query, 0 cached) | GC: 0.0ms)


Started GET "/admin/shipments" for 127.0.0.1 at 2026-04-14 14:54:47 +0200
Processing by Admin::ShipmentsController#index as HTML
  Rendering layout layouts/application.html.erb
  Rendering admin/shipments/index.html.erb within layouts/application
  [1m[36mShipment Exists? (0.2ms)[0m  [1m[34mSELECT 1 AS one FROM "shipments" LIMIT 1 /*action='index',application='FreightSolutionBackEnd',controller='shipments'*/[0m
  ↳ app/views/admin/shipments/index.html.erb:16
  Rendered admin/shipments/index.html.erb within layouts/application (Duration: 1.2ms | GC: 0.0ms)
  Rendered layout layouts/application.html.erb (Duration: 2.4ms | GC: 0.0ms)
Completed 200 OK in 3ms (Views: 2.6ms | ActiveRecord: 0.2ms (1 query, 0 cached) | GC: 0.0ms)


Started GET "/admin/employees" for 127.0.0.1 at 2026-04-14 14:54:52 +0200
Processing by Admin::EmployeesController#index as HTML
  Rendering layout layouts/admin.html.erb
  Rendering admin/employees/index.html.erb within layouts/admin
  [1m[36mEmployee Exists? (0.2ms)[0m  [1m[34mSELECT 1 AS one FROM "employees" LIMIT 1 /*action='index',application='FreightSolutionBackEnd',controller='employees'*/[0m
  ↳ app/views/admin/employees/index.html.erb:17
  Rendered admin/employees/index.html.erb within layouts/admin (Duration: 1.0ms | GC: 0.0ms)
  [1m[36mUser Load (0.1ms)[0m  [1m[34mSELECT "users".* FROM "users" WHERE "users"."id" = 1 LIMIT 1 /*action='index',application='FreightSolutionBackEnd',controller='employees'*/[0m
  ↳ app/controllers/admin/employees_controller.rb:55:in 'Admin::EmployeesController#current_user'
  Rendered layout layouts/admin.html.erb (Duration: 2.0ms | GC: 0.0ms)
Completed 200 OK in 3ms (Views: 2.0ms | ActiveRecord: 0.4ms (2 queries, 0 cached) | GC: 0.0ms)


Started GET "/admin/dashboard" for 127.0.0.1 at 2026-04-14 14:54:53 +0200
Processing by Admin::DashboardController#index as HTML
  [1m[36mEmployee Count (0.2ms)[0m  [1m[34mSELECT COUNT(*) FROM "employees" /*action='index',application='FreightSolutionBackEnd',controller='dashboard'*/[0m
  ↳ app/controllers/admin/dashboard_controller.rb:7:in 'Admin::DashboardController#index'
  [1m[36mVendor Count (0.1ms)[0m  [1m[34mSELECT COUNT(*) FROM "vendors" /*action='index',application='FreightSolutionBackEnd',controller='dashboard'*/[0m
  ↳ app/controllers/admin/dashboard_controller.rb:8:in 'Admin::DashboardController#index'
  [1m[36mShipment Count (0.1ms)[0m  [1m[34mSELECT COUNT(*) FROM "shipments" /*action='index',application='FreightSolutionBackEnd',controller='dashboard'*/[0m
  ↳ app/controllers/admin/dashboard_controller.rb:9:in 'Admin::DashboardController#index'
  [1m[36mInvoice Count (0.1ms)[0m  [1m[34mSELECT COUNT(*) FROM "invoices" /*action='index',application='FreightSolutionBackEnd',controller='dashboard'*/[0m
  ↳ app/controllers/admin/dashboard_controller.rb:10:in 'Admin::DashboardController#index'
  [1m[36mInvoice Sum (0.1ms)[0m  [1m[34mSELECT SUM("invoices"."amount") FROM "invoices" WHERE "invoices"."status" = 'paid' /*action='index',application='FreightSolutionBackEnd',controller='dashboard'*/[0m
  ↳ app/controllers/admin/dashboard_controller.rb:11:in 'Admin::DashboardController#index'
  [1m[36mInvoice Count (0.1ms)[0m  [1m[34mSELECT COUNT(*) FROM "invoices" WHERE "invoices"."status" = 'pending' /*action='index',application='FreightSolutionBackEnd',controller='dashboard'*/[0m
  ↳ app/controllers/admin/dashboard_controller.rb:12:in 'Admin::DashboardController#index'
  Rendering layout layouts/admin.html.erb
  Rendering admin/dashboard/index.html.erb within layouts/admin
  [1m[36mShipment Exists? (0.1ms)[0m  [1m[34mSELECT 1 AS one FROM "shipments" LIMIT 1 /*action='index',application='FreightSolutionBackEnd',controller='dashboard'*/[0m
  ↳ app/views/admin/dashboard/index.html.erb:64
  [1m[36mInvoice Exists? (0.1ms)[0m  [1m[34mSELECT 1 AS one FROM "invoices" LIMIT 1 /*action='index',application='FreightSolutionBackEnd',controller='dashboard'*/[0m
  ↳ app/views/admin/dashboard/index.html.erb:102
  Rendered admin/dashboard/index.html.erb within layouts/admin (Duration: 1.1ms | GC: 0.0ms)
  [1m[36mUser Load (0.1ms)[0m  [1m[34mSELECT "users".* FROM "users" WHERE "users"."id" = 1 LIMIT 1 /*action='index',application='FreightSolutionBackEnd',controller='dashboard'*/[0m
  ↳ app/controllers/admin/dashboard_controller.rb:26:in 'Admin::DashboardController#current_user'
  Rendered layout layouts/admin.html.erb (Duration: 2.0ms | GC: 0.0ms)
Completed 200 OK in 7ms (Views: 2.0ms | ActiveRecord: 0.9ms (9 queries, 0 cached) | GC: 0.0ms)


Started GET "/admin/employees" for 127.0.0.1 at 2026-04-14 14:54:55 +0200
Processing by Admin::EmployeesController#index as HTML
  Rendering layout layouts/admin.html.erb
  Rendering admin/employees/index.html.erb within layouts/admin
  [1m[36mEmployee Exists? (0.2ms)[0m  [1m[34mSELECT 1 AS one FROM "employees" LIMIT 1 /*action='index',application='FreightSolutionBackEnd',controller='employees'*/[0m
  ↳ app/views/admin/employees/index.html.erb:17
  Rendered admin/employees/index.html.erb within layouts/admin (Duration: 1.0ms | GC: 0.0ms)
  [1m[36mUser Load (0.2ms)[0m  [1m[34mSELECT "users".* FROM "users" WHERE "users"."id" = 1 LIMIT 1 /*action='index',application='FreightSolutionBackEnd',controller='employees'*/[0m
  ↳ app/controllers/admin/employees_controller.rb:55:in 'Admin::EmployeesController#current_user'
  Rendered layout layouts/admin.html.erb (Duration: 2.2ms | GC: 0.0ms)
Completed 200 OK in 3ms (Views: 2.0ms | ActiveRecord: 0.4ms (2 queries, 0 cached) | GC: 0.0ms)


Started GET "/admin/employees/new" for 127.0.0.1 at 2026-04-14 14:54:56 +0200
Processing by Admin::EmployeesController#new as HTML
  Rendering layout layouts/admin.html.erb
  Rendering admin/employees/new.html.erb within layouts/admin
  Rendered admin/employees/new.html.erb within layouts/admin (Duration: 1.5ms | GC: 0.0ms)
  [1m[36mUser Load (0.3ms)[0m  [1m[34mSELECT "users".* FROM "users" WHERE "users"."id" = 1 LIMIT 1 /*action='new',application='FreightSolutionBackEnd',controller='employees'*/[0m
  ↳ app/controllers/admin/employees_controller.rb:55:in 'Admin::EmployeesController#current_user'
  Rendered layout layouts/admin.html.erb (Duration: 2.8ms | GC: 0.0ms)
Completed 200 OK in 4ms (Views: 2.9ms | ActiveRecord: 0.3ms (1 query, 0 cached) | GC: 0.0ms)


Started GET "/admin/vendors" for 127.0.0.1 at 2026-04-14 14:54:58 +0200
Processing by Admin::VendorsController#index as HTML
  Rendering layout layouts/application.html.erb
  Rendering admin/vendors/index.html.erb within layouts/application
  [1m[36mVendor Exists? (0.2ms)[0m  [1m[34mSELECT 1 AS one FROM "vendors" LIMIT 1 /*action='index',application='FreightSolutionBackEnd',controller='vendors'*/[0m
  ↳ app/views/admin/vendors/index.html.erb:17
  Rendered admin/vendors/index.html.erb within layouts/application (Duration: 1.6ms | GC: 0.0ms)
  Rendered layout layouts/application.html.erb (Duration: 7.1ms | GC: 3.6ms)
Completed 200 OK in 8ms (Views: 7.5ms | ActiveRecord: 0.2ms (1 query, 0 cached) | GC: 3.6ms)


Started POST "/api/v1/auth/login" for 127.0.0.1 at 2026-04-14 14:55:31 +0200
Processing by Api::V1::AuthController#login as JSON
  Parameters: {"email" => "[FILTERED]", "password" => "[FILTERED]", "auth" => {"email" => "[FILTERED]", "password" => "[FILTERED]"}}
HTTP Origin header (http://localhost:4200) didn't match request.base_url (http://localhost:3000)
  [1m[36mUser Load (0.2ms)[0m  [1m[34mSELECT "users".* FROM "users" WHERE "users"."email" = 'felender7@gmail.com' LIMIT 1 /*action='login',application='FreightSolutionBackEnd',controller='auth'*/[0m
  ↳ app/controllers/api/v1/auth_controller.rb:5:in 'Api::V1::AuthController#login'
Completed 200 OK in 191ms (Views: 0.1ms | ActiveRecord: 0.2ms (1 query, 0 cached) | GC: 0.0ms)


Started GET "/admin/login" for 127.0.0.1 at 2026-04-14 14:55:44 +0200
Processing by AdminController#login as HTML
  Rendering layout layouts/admin_login.html.erb
  Rendering admin/login.html.erb within layouts/admin_login
  Rendered admin/login.html.erb within layouts/admin_login (Duration: 0.8ms | GC: 0.0ms)
  Rendered layout layouts/admin_login.html.erb (Duration: 1.1ms | GC: 0.0ms)
Completed 200 OK in 2ms (Views: 1.5ms | ActiveRecord: 0.0ms (0 queries, 0 cached) | GC: 0.0ms)


Started POST "/admin/login" for 127.0.0.1 at 2026-04-14 14:55:46 +0200
Processing by AdminController#login as HTML
  Parameters: {"authenticity_token" => "[FILTERED]", "email" => "[FILTERED]", "password" => "[FILTERED]"}
  [1m[36mUser Load (0.3ms)[0m  [1m[34mSELECT "users".* FROM "users" WHERE "users"."email" = 'felender7@gmail.com' LIMIT 1 /*action='login',application='FreightSolutionBackEnd',controller='admin'*/[0m
  ↳ app/controllers/admin_controller.rb:9:in 'AdminController#login'
Redirected to http://localhost:3000/admin/dashboard
↳ app/controllers/admin_controller.rb:12:in 'AdminController#login'
Completed 302 Found in 224ms (ActiveRecord: 0.3ms (1 query, 0 cached) | GC: 0.0ms)


Started GET "/admin/dashboard" for 127.0.0.1 at 2026-04-14 14:55:46 +0200
Processing by Admin::DashboardController#index as HTML
  [1m[36mEmployee Count (0.3ms)[0m  [1m[34mSELECT COUNT(*) FROM "employees" /*action='index',application='FreightSolutionBackEnd',controller='dashboard'*/[0m
  ↳ app/controllers/admin/dashboard_controller.rb:7:in 'Admin::DashboardController#index'
  [1m[36mVendor Count (0.1ms)[0m  [1m[34mSELECT COUNT(*) FROM "vendors" /*action='index',application='FreightSolutionBackEnd',controller='dashboard'*/[0m
  ↳ app/controllers/admin/dashboard_controller.rb:8:in 'Admin::DashboardController#index'
  [1m[36mShipment Count (0.1ms)[0m  [1m[34mSELECT COUNT(*) FROM "shipments" /*action='index',application='FreightSolutionBackEnd',controller='dashboard'*/[0m
  ↳ app/controllers/admin/dashboard_controller.rb:9:in 'Admin::DashboardController#index'
  [1m[36mInvoice Count (0.1ms)[0m  [1m[34mSELECT COUNT(*) FROM "invoices" /*action='index',application='FreightSolutionBackEnd',controller='dashboard'*/[0m
  ↳ app/controllers/admin/dashboard_controller.rb:10:in 'Admin::DashboardController#index'
  [1m[36mInvoice Sum (0.1ms)[0m  [1m[34mSELECT SUM("invoices"."amount") FROM "invoices" WHERE "invoices"."status" = 'paid' /*action='index',application='FreightSolutionBackEnd',controller='dashboard'*/[0m
  ↳ app/controllers/admin/dashboard_controller.rb:11:in 'Admin::DashboardController#index'
  [1m[36mInvoice Count (0.1ms)[0m  [1m[34mSELECT COUNT(*) FROM "invoices" WHERE "invoices"."status" = 'pending' /*action='index',application='FreightSolutionBackEnd',controller='dashboard'*/[0m
  ↳ app/controllers/admin/dashboard_controller.rb:12:in 'Admin::DashboardController#index'
  Rendering layout layouts/admin.html.erb
  Rendering admin/dashboard/index.html.erb within layouts/admin
  [1m[36mShipment Exists? (0.1ms)[0m  [1m[34mSELECT 1 AS one FROM "shipments" LIMIT 1 /*action='index',application='FreightSolutionBackEnd',controller='dashboard'*/[0m
  ↳ app/views/admin/dashboard/index.html.erb:64
  [1m[36mInvoice Exists? (0.2ms)[0m  [1m[34mSELECT 1 AS one FROM "invoices" LIMIT 1 /*action='index',application='FreightSolutionBackEnd',controller='dashboard'*/[0m
  ↳ app/views/admin/dashboard/index.html.erb:102
  Rendered admin/dashboard/index.html.erb within layouts/admin (Duration: 1.5ms | GC: 0.0ms)
  [1m[36mUser Load (0.2ms)[0m  [1m[34mSELECT "users".* FROM "users" WHERE "users"."id" = 1 LIMIT 1 /*action='index',application='FreightSolutionBackEnd',controller='dashboard'*/[0m
  ↳ app/controllers/admin/dashboard_controller.rb:26:in 'Admin::DashboardController#current_user'
  Rendered layout layouts/admin.html.erb (Duration: 2.5ms | GC: 0.0ms)
Completed 200 OK in 8ms (Views: 2.3ms | ActiveRecord: 1.2ms (9 queries, 0 cached) | GC: 0.5ms)


Started GET "/admin/employees" for 127.0.0.1 at 2026-04-14 14:55:50 +0200
Processing by Admin::EmployeesController#index as HTML
  Rendering layout layouts/admin.html.erb
  Rendering admin/employees/index.html.erb within layouts/admin
  [1m[36mEmployee Exists? (0.2ms)[0m  [1m[34mSELECT 1 AS one FROM "employees" LIMIT 1 /*action='index',application='FreightSolutionBackEnd',controller='employees'*/[0m
  ↳ app/views/admin/employees/index.html.erb:17
  Rendered admin/employees/index.html.erb within layouts/admin (Duration: 1.2ms | GC: 0.0ms)
  [1m[36mUser Load (0.1ms)[0m  [1m[34mSELECT "users".* FROM "users" WHERE "users"."id" = 1 LIMIT 1 /*action='index',application='FreightSolutionBackEnd',controller='employees'*/[0m
  ↳ app/controllers/admin/employees_controller.rb:55:in 'Admin::EmployeesController#current_user'
  Rendered layout layouts/admin.html.erb (Duration: 2.7ms | GC: 0.0ms)
Completed 200 OK in 3ms (Views: 2.7ms | ActiveRecord: 0.3ms (2 queries, 0 cached) | GC: 0.0ms)


Started GET "/admin/vendors" for 127.0.0.1 at 2026-04-14 14:55:51 +0200
Processing by Admin::VendorsController#index as HTML
  Rendering layout layouts/application.html.erb
  Rendering admin/vendors/index.html.erb within layouts/application
  [1m[36mVendor Exists? (0.2ms)[0m  [1m[34mSELECT 1 AS one FROM "vendors" LIMIT 1 /*action='index',application='FreightSolutionBackEnd',controller='vendors'*/[0m
  ↳ app/views/admin/vendors/index.html.erb:17
  Rendered admin/vendors/index.html.erb within layouts/application (Duration: 1.7ms | GC: 0.0ms)
  Rendered layout layouts/application.html.erb (Duration: 3.2ms | GC: 0.0ms)
Completed 200 OK in 4ms (Views: 3.4ms | ActiveRecord: 0.2ms (1 query, 0 cached) | GC: 0.0ms)


Started GET "/admin/vendors/new" for 127.0.0.1 at 2026-04-14 14:56:16 +0200
Processing by Admin::VendorsController#new as HTML
  Rendering layout layouts/application.html.erb
  Rendering admin/vendors/new.html.erb within layouts/application
  Rendered admin/vendors/new.html.erb within layouts/application (Duration: 6.3ms | GC: 0.2ms)
  Rendered layout layouts/application.html.erb (Duration: 7.3ms | GC: 0.2ms)
Completed 200 OK in 13ms (Views: 7.7ms | ActiveRecord: 0.4ms (0 queries, 0 cached) | GC: 1.1ms)


Started GET "/admin/employees/new" for 127.0.0.1 at 2026-04-14 14:56:20 +0200
Processing by Admin::EmployeesController#new as HTML
  Rendering layout layouts/admin.html.erb
  Rendering admin/employees/new.html.erb within layouts/admin
  Rendered admin/employees/new.html.erb within layouts/admin (Duration: 1.2ms | GC: 0.0ms)
  [1m[36mUser Load (0.2ms)[0m  [1m[34mSELECT "users".* FROM "users" WHERE "users"."id" = 1 LIMIT 1 /*action='new',application='FreightSolutionBackEnd',controller='employees'*/[0m
  ↳ app/controllers/admin/employees_controller.rb:55:in 'Admin::EmployeesController#current_user'
  Rendered layout layouts/admin.html.erb (Duration: 2.6ms | GC: 0.0ms)
Completed 200 OK in 3ms (Views: 2.7ms | ActiveRecord: 0.2ms (1 query, 0 cached) | GC: 0.0ms)


Started POST "/admin/employees" for 127.0.0.1 at 2026-04-14 14:56:51 +0200
Processing by Admin::EmployeesController#create as HTML
  Parameters: {"authenticity_token" => "[FILTERED]", "employee" => {"first_name" => "Natalie", "last_name" => "Knight", "email" => "[FILTERED]", "phone" => "0795071651", "position" => "Admin", "department" => "friend", "salary" => "20000", "hire_date" => "2026-04-07"}, "commit" => "Create Employee"}
  [1m[36mTRANSACTION (0.1ms)[0m  [1m[35mBEGIN /*action='create',application='FreightSolutionBackEnd',controller='employees'*/[0m
  ↳ app/controllers/admin/employees_controller.rb:20:in 'Admin::EmployeesController#create'
  [1m[36mEmployee Create (1.1ms)[0m  [1m[32mINSERT INTO "employees" ("first_name", "last_name", "email", "phone", "position", "department", "salary", "hire_date", "created_at", "updated_at") VALUES ('Natalie', 'Knight', 'knightnatalie7@gmail.com', '0795071651', 'Admin', 'friend', 20000.0, '2026-04-07', '2026-04-14 12:56:51.346700', '2026-04-14 12:56:51.346700') RETURNING "id" /*action='create',application='FreightSolutionBackEnd',controller='employees'*/[0m
  ↳ app/controllers/admin/employees_controller.rb:20:in 'Admin::EmployeesController#create'
  [1m[36mTRANSACTION (0.4ms)[0m  [1m[35mCOMMIT /*action='create',application='FreightSolutionBackEnd',controller='employees'*/[0m
  ↳ app/controllers/admin/employees_controller.rb:20:in 'Admin::EmployeesController#create'
Redirected to http://localhost:3000/admin/employees
↳ app/controllers/admin/employees_controller.rb:21:in 'Admin::EmployeesController#create'
Completed 302 Found in 5ms (ActiveRecord: 1.6ms (1 query, 0 cached) | GC: 0.5ms)


Started GET "/admin/employees" for 127.0.0.1 at 2026-04-14 14:56:51 +0200
Processing by Admin::EmployeesController#index as HTML
  Rendering layout layouts/admin.html.erb
  Rendering admin/employees/index.html.erb within layouts/admin
  [1m[36mEmployee Exists? (0.2ms)[0m  [1m[34mSELECT 1 AS one FROM "employees" LIMIT 1 /*action='index',application='FreightSolutionBackEnd',controller='employees'*/[0m
  ↳ app/views/admin/employees/index.html.erb:17
  [1m[36mEmployee Load (0.2ms)[0m  [1m[34mSELECT "employees".* FROM "employees" ORDER BY "employees"."created_at" DESC /*action='index',application='FreightSolutionBackEnd',controller='employees'*/[0m
  ↳ app/views/admin/employees/index.html.erb:31
  Rendered admin/employees/index.html.erb within layouts/admin (Duration: 3.0ms | GC: 0.0ms)
  [1m[36mUser Load (0.1ms)[0m  [1m[34mSELECT "users".* FROM "users" WHERE "users"."id" = 1 LIMIT 1 /*action='index',application='FreightSolutionBackEnd',controller='employees'*/[0m
  ↳ app/controllers/admin/employees_controller.rb:55:in 'Admin::EmployeesController#current_user'
  Rendered layout layouts/admin.html.erb (Duration: 4.3ms | GC: 0.0ms)
Completed 200 OK in 5ms (Views: 4.2ms | ActiveRecord: 0.5ms (3 queries, 0 cached) | GC: 0.0ms)


Started GET "/admin/employees/1" for 127.0.0.1 at 2026-04-14 14:56:59 +0200
Processing by Admin::EmployeesController#show as HTML
  Parameters: {"id" => "1"}
  [1m[36mEmployee Load (0.3ms)[0m  [1m[34mSELECT "employees".* FROM "employees" WHERE "employees"."id" = 1 LIMIT 1 /*action='show',application='FreightSolutionBackEnd',controller='employees'*/[0m
  ↳ app/controllers/admin/employees_controller.rb:11:in 'Admin::EmployeesController#show'
  Rendering layout layouts/admin.html.erb
  Rendering admin/employees/show.html.erb within layouts/admin
  Rendered admin/employees/show.html.erb within layouts/admin (Duration: 0.5ms | GC: 0.0ms)
  [1m[36mUser Load (0.2ms)[0m  [1m[34mSELECT "users".* FROM "users" WHERE "users"."id" = 1 LIMIT 1 /*action='show',application='FreightSolutionBackEnd',controller='employees'*/[0m
  ↳ app/controllers/admin/employees_controller.rb:55:in 'Admin::EmployeesController#current_user'
  Rendered layout layouts/admin.html.erb (Duration: 1.7ms | GC: 0.0ms)
Completed 200 OK in 5ms (Views: 1.8ms | ActiveRecord: 0.5ms (2 queries, 0 cached) | GC: 0.4ms)


Started GET "/admin/employees/1/edit" for 127.0.0.1 at 2026-04-14 14:57:04 +0200
Processing by Admin::EmployeesController#edit as HTML
  Parameters: {"id" => "1"}
  [1m[36mEmployee Load (0.3ms)[0m  [1m[34mSELECT "employees".* FROM "employees" WHERE "employees"."id" = 1 LIMIT 1 /*action='edit',application='FreightSolutionBackEnd',controller='employees'*/[0m
  ↳ app/controllers/admin/employees_controller.rb:28:in 'Admin::EmployeesController#edit'
  Rendering layout layouts/admin.html.erb
  Rendering admin/employees/edit.html.erb within layouts/admin
  Rendered admin/employees/edit.html.erb within layouts/admin (Duration: 1.6ms | GC: 0.0ms)
  [1m[36mUser Load (0.2ms)[0m  [1m[34mSELECT "users".* FROM "users" WHERE "users"."id" = 1 LIMIT 1 /*action='edit',application='FreightSolutionBackEnd',controller='employees'*/[0m
  ↳ app/controllers/admin/employees_controller.rb:55:in 'Admin::EmployeesController#current_user'
  Rendered layout layouts/admin.html.erb (Duration: 2.7ms | GC: 0.0ms)
Completed 200 OK in 5ms (Views: 3.1ms | ActiveRecord: 0.5ms (2 queries, 0 cached) | GC: 0.4ms)


Started GET "/admin/employees" for 127.0.0.1 at 2026-04-14 14:57:05 +0200
Processing by Admin::EmployeesController#index as HTML
  Rendering layout layouts/admin.html.erb
  Rendering admin/employees/index.html.erb within layouts/admin
  [1m[36mEmployee Exists? (0.2ms)[0m  [1m[34mSELECT 1 AS one FROM "employees" LIMIT 1 /*action='index',application='FreightSolutionBackEnd',controller='employees'*/[0m
  ↳ app/views/admin/employees/index.html.erb:17
  [1m[36mEmployee Load (0.1ms)[0m  [1m[34mSELECT "employees".* FROM "employees" ORDER BY "employees"."created_at" DESC /*action='index',application='FreightSolutionBackEnd',controller='employees'*/[0m
  ↳ app/views/admin/employees/index.html.erb:31
  Rendered admin/employees/index.html.erb within layouts/admin (Duration: 1.9ms | GC: 0.0ms)
  [1m[36mUser Load (0.1ms)[0m  [1m[34mSELECT "users".* FROM "users" WHERE "users"."id" = 1 LIMIT 1 /*action='index',application='FreightSolutionBackEnd',controller='employees'*/[0m
  ↳ app/controllers/admin/employees_controller.rb:55:in 'Admin::EmployeesController#current_user'
  Rendered layout layouts/admin.html.erb (Duration: 2.8ms | GC: 0.0ms)
Completed 200 OK in 4ms (Views: 2.8ms | ActiveRecord: 0.4ms (3 queries, 0 cached) | GC: 0.0ms)


Started GET "/admin/vendors" for 127.0.0.1 at 2026-04-14 14:57:16 +0200
Processing by Admin::VendorsController#index as HTML
  Rendering layout layouts/application.html.erb
  Rendering admin/vendors/index.html.erb within layouts/application
  [1m[36mVendor Exists? (0.2ms)[0m  [1m[34mSELECT 1 AS one FROM "vendors" LIMIT 1 /*action='index',application='FreightSolutionBackEnd',controller='vendors'*/[0m
  ↳ app/views/admin/vendors/index.html.erb:17
  Rendered admin/vendors/index.html.erb within layouts/application (Duration: 1.5ms | GC: 0.0ms)
  Rendered layout layouts/application.html.erb (Duration: 3.8ms | GC: 0.6ms)
Completed 200 OK in 4ms (Views: 4.0ms | ActiveRecord: 0.2ms (1 query, 0 cached) | GC: 0.6ms)


Started GET "/admin/vendors" for 127.0.0.1 at 2026-04-14 14:57:52 +0200
Processing by Admin::VendorsController#index as HTML
  Rendering layout layouts/application.html.erb
  Rendering admin/vendors/index.html.erb within layouts/application
  [1m[36mVendor Exists? (0.2ms)[0m  [1m[34mSELECT 1 AS one FROM "vendors" LIMIT 1 /*action='index',application='FreightSolutionBackEnd',controller='vendors'*/[0m
  ↳ app/views/admin/vendors/index.html.erb:17
  Rendered admin/vendors/index.html.erb within layouts/application (Duration: 1.2ms | GC: 0.0ms)
  Rendered layout layouts/application.html.erb (Duration: 5.3ms | GC: 2.8ms)
Completed 200 OK in 6ms (Views: 5.5ms | ActiveRecord: 0.2ms (1 query, 0 cached) | GC: 2.8ms)


Started GET "/admin/shipments" for 127.0.0.1 at 2026-04-14 14:57:54 +0200
Processing by Admin::ShipmentsController#index as HTML
  Rendering layout layouts/application.html.erb
  Rendering admin/shipments/index.html.erb within layouts/application
  [1m[36mShipment Exists? (0.3ms)[0m  [1m[34mSELECT 1 AS one FROM "shipments" LIMIT 1 /*action='index',application='FreightSolutionBackEnd',controller='shipments'*/[0m
  ↳ app/views/admin/shipments/index.html.erb:16
  Rendered admin/shipments/index.html.erb within layouts/application (Duration: 1.3ms | GC: 0.0ms)
  Rendered layout layouts/application.html.erb (Duration: 2.6ms | GC: 0.0ms)
Completed 200 OK in 3ms (Views: 2.8ms | ActiveRecord: 0.3ms (1 query, 0 cached) | GC: 0.0ms)


Started GET "/admin/invoices" for 127.0.0.1 at 2026-04-14 14:58:06 +0200
Processing by Admin::InvoicesController#index as HTML
  Rendering layout layouts/application.html.erb
  Rendering admin/invoices/index.html.erb within layouts/application
  [1m[36mInvoice Exists? (0.2ms)[0m  [1m[34mSELECT 1 AS one FROM "invoices" LIMIT 1 /*action='index',application='FreightSolutionBackEnd',controller='invoices'*/[0m
  ↳ app/views/admin/invoices/index.html.erb:9
  Rendered admin/invoices/index.html.erb within layouts/application (Duration: 1.5ms | GC: 0.0ms)
  Rendered layout layouts/application.html.erb (Duration: 3.0ms | GC: 0.0ms)
Completed 200 OK in 4ms (Views: 3.2ms | ActiveRecord: 0.2ms (1 query, 0 cached) | GC: 0.0ms)


Started GET "/admin/users" for 127.0.0.1 at 2026-04-14 14:58:16 +0200
Processing by Admin::UsersController#index as HTML
  Rendering layout layouts/application.html.erb
  Rendering admin/users/index.html.erb within layouts/application
  [1m[36mUser Exists? (0.2ms)[0m  [1m[34mSELECT 1 AS one FROM "users" LIMIT 1 /*action='index',application='FreightSolutionBackEnd',controller='users'*/[0m
  ↳ app/views/admin/users/index.html.erb:6
  [1m[36mUser Load (0.1ms)[0m  [1m[34mSELECT "users".* FROM "users" ORDER BY "users"."created_at" DESC /*action='index',application='FreightSolutionBackEnd',controller='users'*/[0m
  ↳ app/views/admin/users/index.html.erb:8
  Rendered admin/users/index.html.erb within layouts/application (Duration: 1.9ms | GC: 0.0ms)
  Rendered layout layouts/application.html.erb (Duration: 2.1ms | GC: 0.0ms)
Completed 500 Internal Server Error in 3ms (ActiveRecord: 0.3ms (2 queries, 0 cached) | GC: 0.0ms)


  
ActionView::Template::Error (wrong number of arguments (given 1, expected 0))
Caused by: ArgumentError (wrong number of arguments (given 1, expected 0))

Information for: ActionView::Template::Error (wrong number of arguments (given 1, expected 0)):
     5:     <% if @users.any? %>
     6:       <table><thead><tr><th>Name</th><th>Email</th><th>Role</th><th>Status</th><th>Actions</th></tr></thead><tbody>
     7:         <% @users.each do |u| %><tr><td><strong><%= u.first_name %> <%= u.last_name %></strong></td><td><%= u.email %></td><td><span class="badge <%= u.role=='admin'?'badge-info':'badge-warning' %>"><%= u.role %></span></td><td><span class="badge <%= u.must_update_password?'badge-error':'badge-success' %>"><%= u.must_update_password ? 'Password needed' : 'Active' %></span></td><td><div class="actions"><a href="<%= admin_user_path(u) %>" class="btn btn-sm btn-secondary">View</a><a href="<%= edit_admin_user_path(u) %>" class="btn btn-sm btn-secondary">Edit</a><%= button_to 'Delete', admin_user_path(u), method: :delete, data: { confirm: 'Sure?' }, class: 'btn btn-sm btn-danger' %></div></td></tr><% end %></tbody></table>
     8:     <% else %><div class="empty-state"><svg fill="none" stroke="currentColor" viewBox="0 0 24 24"><path stroke-linecap="round" stroke-linejoin="round" stroke-width="2" d="M12 6V4m0 2a2 2 0 100 4m0-4a2 2 0 110 4m-6 8a2 2 0 100-4m0 4a2 2 0 110-4m0 4v2m0-6V4m6 6v10m6-2a2 2 0 100-4m0 4a2 2 0 110-4m0 4v2m0-6V4"/></svg><p>No users</p></div><% end %>
     9:   </div></div>
    10: </div>
  
app/views/admin/users/index.html.erb:8
app/views/admin/users/index.html.erb:8

Information for cause: ArgumentError (wrong number of arguments (given 1, expected 0)):
  
app/views/admin/users/index.html.erb:8
app/views/admin/users/index.html.erb:8
Started GET "/admin/vendors" for 127.0.0.1 at 2026-04-14 14:58:29 +0200
Processing by Admin::VendorsController#index as */*
  Rendering layout layouts/application.html.erb
  Rendering admin/vendors/index.html.erb within layouts/application
  [1m[36mVendor Exists? (0.2ms)[0m  [1m[34mSELECT 1 AS one FROM "vendors" LIMIT 1 /*action='index',application='FreightSolutionBackEnd',controller='vendors'*/[0m
  ↳ app/views/admin/vendors/index.html.erb:17
  Rendered admin/vendors/index.html.erb within layouts/application (Duration: 3.3ms | GC: 1.8ms)
  Rendered layout layouts/application.html.erb (Duration: 4.9ms | GC: 1.9ms)
Completed 200 OK in 6ms (Views: 5.2ms | ActiveRecord: 0.2ms (1 query, 0 cached) | GC: 2.0ms)


Started GET "/admin/vendors" for 127.0.0.1 at 2026-04-14 14:58:33 +0200
Processing by Admin::VendorsController#index as */*
  Rendering layout layouts/application.html.erb
  Rendering admin/vendors/index.html.erb within layouts/application
  [1m[36mVendor Exists? (0.2ms)[0m  [1m[34mSELECT 1 AS one FROM "vendors" LIMIT 1 /*action='index',application='FreightSolutionBackEnd',controller='vendors'*/[0m
  ↳ app/views/admin/vendors/index.html.erb:17
  Rendered admin/vendors/index.html.erb within layouts/application (Duration: 1.3ms | GC: 0.0ms)
  Rendered layout layouts/application.html.erb (Duration: 3.3ms | GC: 0.8ms)
Completed 200 OK in 4ms (Views: 3.5ms | ActiveRecord: 0.2ms (1 query, 0 cached) | GC: 0.8ms)


Started GET "/admin/vendors" for 127.0.0.1 at 2026-04-14 14:58:37 +0200
Processing by Admin::VendorsController#index as */*
  Rendering layout layouts/application.html.erb
  Rendering admin/vendors/index.html.erb within layouts/application
  [1m[36mVendor Exists? (0.2ms)[0m  [1m[34mSELECT 1 AS one FROM "vendors" LIMIT 1 /*action='index',application='FreightSolutionBackEnd',controller='vendors'*/[0m
  ↳ app/views/admin/vendors/index.html.erb:17
  Rendered admin/vendors/index.html.erb within layouts/application (Duration: 1.2ms | GC: 0.0ms)
  Rendered layout layouts/application.html.erb (Duration: 2.3ms | GC: 0.0ms)
Completed 200 OK in 3ms (Views: 2.4ms | ActiveRecord: 0.2ms (1 query, 0 cached) | GC: 0.0ms)


Started GET "/admin/vendors" for 127.0.0.1 at 2026-04-14 14:58:59 +0200
Processing by Admin::VendorsController#index as */*
  Rendering layout layouts/admin.html.erb
  Rendering admin/vendors/index.html.erb within layouts/admin
  [1m[36mVendor Exists? (0.1ms)[0m  [1m[34mSELECT 1 AS one FROM "vendors" LIMIT 1 /*action='index',application='FreightSolutionBackEnd',controller='vendors'*/[0m
  ↳ app/views/admin/vendors/index.html.erb:17
  Rendered admin/vendors/index.html.erb within layouts/admin (Duration: 1.3ms | GC: 0.0ms)
  [1m[36mUser Load (0.1ms)[0m  [1m[34mSELECT "users".* FROM "users" WHERE "users"."id" = 1 LIMIT 1 /*action='index',application='FreightSolutionBackEnd',controller='vendors'*/[0m
  ↳ app/controllers/admin/base_controller.rb:14:in 'Admin::BaseController#current_user'
  Rendered layout layouts/admin.html.erb (Duration: 7.1ms | GC: 0.3ms)
Completed 200 OK in 10ms (Views: 6.7ms | ActiveRecord: 1.9ms (2 queries, 0 cached) | GC: 0.3ms)


Started GET "/admin/vendors" for 127.0.0.1 at 2026-04-14 14:59:15 +0200
Processing by Admin::VendorsController#index as */*
  Rendering layout layouts/admin.html.erb
  Rendering admin/vendors/index.html.erb within layouts/admin
  [1m[36mVendor Exists? (0.2ms)[0m  [1m[34mSELECT 1 AS one FROM "vendors" LIMIT 1 /*action='index',application='FreightSolutionBackEnd',controller='vendors'*/[0m
  ↳ app/views/admin/vendors/index.html.erb:17
  Rendered admin/vendors/index.html.erb within layouts/admin (Duration: 1.0ms | GC: 0.0ms)
  [1m[36mUser Load (0.1ms)[0m  [1m[34mSELECT "users".* FROM "users" WHERE "users"."id" = 1 LIMIT 1 /*action='index',application='FreightSolutionBackEnd',controller='vendors'*/[0m
  ↳ app/controllers/admin/base_controller.rb:14:in 'Admin::BaseController#current_user'
  Rendered layout layouts/admin.html.erb (Duration: 1.9ms | GC: 0.0ms)
Completed 200 OK in 2ms (Views: 1.9ms | ActiveRecord: 0.3ms (2 queries, 0 cached) | GC: 0.0ms)


Started GET "/admin/vendors" for 127.0.0.1 at 2026-04-14 14:59:29 +0200
Processing by Admin::VendorsController#index as */*
  Rendering layout layouts/admin.html.erb
  Rendering admin/vendors/index.html.erb within layouts/admin
  [1m[36mVendor Exists? (0.2ms)[0m  [1m[34mSELECT 1 AS one FROM "vendors" LIMIT 1 /*action='index',application='FreightSolutionBackEnd',controller='vendors'*/[0m
  ↳ app/views/admin/vendors/index.html.erb:17
  Rendered admin/vendors/index.html.erb within layouts/admin (Duration: 1.1ms | GC: 0.0ms)
  [1m[36mUser Load (0.2ms)[0m  [1m[34mSELECT "users".* FROM "users" WHERE "users"."id" = 1 LIMIT 1 /*action='index',application='FreightSolutionBackEnd',controller='vendors'*/[0m
  ↳ app/controllers/admin/base_controller.rb:14:in 'Admin::BaseController#current_user'
  Rendered layout layouts/admin.html.erb (Duration: 2.1ms | GC: 0.0ms)
Completed 200 OK in 3ms (Views: 2.1ms | ActiveRecord: 0.3ms (2 queries, 0 cached) | GC: 0.0ms)


Started GET "/admin/vendors" for 127.0.0.1 at 2026-04-14 14:59:33 +0200
Processing by Admin::VendorsController#index as */*
  Rendering layout layouts/admin.html.erb
  Rendering admin/vendors/index.html.erb within layouts/admin
  [1m[36mVendor Exists? (0.2ms)[0m  [1m[34mSELECT 1 AS one FROM "vendors" LIMIT 1 /*action='index',application='FreightSolutionBackEnd',controller='vendors'*/[0m
  ↳ app/views/admin/vendors/index.html.erb:17
  Rendered admin/vendors/index.html.erb within layouts/admin (Duration: 1.1ms | GC: 0.0ms)
  [1m[36mUser Load (0.1ms)[0m  [1m[34mSELECT "users".* FROM "users" WHERE "users"."id" = 1 LIMIT 1 /*action='index',application='FreightSolutionBackEnd',controller='vendors'*/[0m
  ↳ app/controllers/admin/base_controller.rb:14:in 'Admin::BaseController#current_user'
  Rendered layout layouts/admin.html.erb (Duration: 2.2ms | GC: 0.0ms)
Completed 200 OK in 3ms (Views: 2.1ms | ActiveRecord: 0.3ms (2 queries, 0 cached) | GC: 0.0ms)


Started GET "/admin/shipments" for 127.0.0.1 at 2026-04-14 14:59:45 +0200
Processing by Admin::ShipmentsController#index as */*
  Rendering layout layouts/admin.html.erb
  Rendering admin/shipments/index.html.erb within layouts/admin
  [1m[36mShipment Exists? (0.2ms)[0m  [1m[34mSELECT 1 AS one FROM "shipments" LIMIT 1 /*action='index',application='FreightSolutionBackEnd',controller='shipments'*/[0m
  ↳ app/views/admin/shipments/index.html.erb:16
  Rendered admin/shipments/index.html.erb within layouts/admin (Duration: 1.7ms | GC: 0.0ms)
  [1m[36mUser Load (0.2ms)[0m  [1m[34mSELECT "users".* FROM "users" WHERE "users"."id" = 1 LIMIT 1 /*action='index',application='FreightSolutionBackEnd',controller='shipments'*/[0m
  ↳ app/controllers/admin/base_controller.rb:14:in 'Admin::BaseController#current_user'
  Rendered layout layouts/admin.html.erb (Duration: 3.3ms | GC: 0.0ms)
Completed 200 OK in 6ms (Views: 3.3ms | ActiveRecord: 1.1ms (2 queries, 0 cached) | GC: 0.3ms)


Started GET "/admin/invoices" for 127.0.0.1 at 2026-04-14 14:59:49 +0200
Processing by Admin::InvoicesController#index as */*
  Rendering layout layouts/admin.html.erb
  Rendering admin/invoices/index.html.erb within layouts/admin
  [1m[36mInvoice Exists? (0.1ms)[0m  [1m[34mSELECT 1 AS one FROM "invoices" LIMIT 1 /*action='index',application='FreightSolutionBackEnd',controller='invoices'*/[0m
  ↳ app/views/admin/invoices/index.html.erb:9
  Rendered admin/invoices/index.html.erb within layouts/admin (Duration: 1.2ms | GC: 0.0ms)
  [1m[36mUser Load (0.1ms)[0m  [1m[34mSELECT "users".* FROM "users" WHERE "users"."id" = 1 LIMIT 1 /*action='index',application='FreightSolutionBackEnd',controller='invoices'*/[0m
  ↳ app/controllers/admin/base_controller.rb:14:in 'Admin::BaseController#current_user'
  Rendered layout layouts/admin.html.erb (Duration: 2.3ms | GC: 0.0ms)
Completed 200 OK in 5ms (Views: 2.4ms | ActiveRecord: 0.9ms (2 queries, 0 cached) | GC: 0.0ms)


Started GET "/admin/vendors" for 127.0.0.1 at 2026-04-14 15:00:11 +0200
Processing by Admin::VendorsController#index as */*
  Rendering layout layouts/admin.html.erb
  Rendering admin/vendors/index.html.erb within layouts/admin
  [1m[36mVendor Exists? (0.2ms)[0m  [1m[34mSELECT 1 AS one FROM "vendors" LIMIT 1 /*action='index',application='FreightSolutionBackEnd',controller='vendors'*/[0m
  ↳ app/views/admin/vendors/index.html.erb:17
  Rendered admin/vendors/index.html.erb within layouts/admin (Duration: 1.6ms | GC: 0.0ms)
  [1m[36mUser Load (0.2ms)[0m  [1m[34mSELECT "users".* FROM "users" WHERE "users"."id" = 1 LIMIT 1 /*action='index',application='FreightSolutionBackEnd',controller='vendors'*/[0m
  ↳ app/controllers/admin/base_controller.rb:14:in 'Admin::BaseController#current_user'
  Rendered layout layouts/admin.html.erb (Duration: 5.0ms | GC: 1.9ms)
Completed 200 OK in 6ms (Views: 5.0ms | ActiveRecord: 0.4ms (2 queries, 0 cached) | GC: 1.9ms)


Started POST "/admin/login?email=[FILTERED]&password=[FILTERED]" for 127.0.0.1 at 2026-04-14 15:00:32 +0200
Processing by AdminController#login as */*
  Parameters: {"email" => "[FILTERED]", "password" => "[FILTERED]"}
  [1m[36mUser Load (0.2ms)[0m  [1m[34mSELECT "users".* FROM "users" WHERE "users"."email" = 'felender7@gmail.com' LIMIT 1 /*action='login',application='FreightSolutionBackEnd',controller='admin'*/[0m
  ↳ app/controllers/admin_controller.rb:9:in 'AdminController#login'
Redirected to http://localhost:3000/admin/dashboard
↳ app/controllers/admin_controller.rb:12:in 'AdminController#login'
Completed 302 Found in 205ms (ActiveRecord: 0.2ms (1 query, 0 cached) | GC: 0.0ms)


Started POST "/admin/dashboard" for 127.0.0.1 at 2026-04-14 15:00:33 +0200
  
ActionController::RoutingError (No route matches [POST] "/admin/dashboard"):
  
Started POST "/admin/login" for 127.0.0.1 at 2026-04-14 15:00:38 +0200
Processing by AdminController#login as */*
  Parameters: {"email" => "[FILTERED]", "password" => "[FILTERED]"}
  [1m[36mUser Load (0.2ms)[0m  [1m[34mSELECT "users".* FROM "users" WHERE "users"."email" = 'felender7@gmail.com' LIMIT 1 /*action='login',application='FreightSolutionBackEnd',controller='admin'*/[0m
  ↳ app/controllers/admin_controller.rb:9:in 'AdminController#login'
Redirected to http://localhost:3000/admin/dashboard
↳ app/controllers/admin_controller.rb:12:in 'AdminController#login'
Completed 302 Found in 204ms (ActiveRecord: 0.2ms (1 query, 0 cached) | GC: 0.1ms)


Started POST "/admin/dashboard" for 127.0.0.1 at 2026-04-14 15:00:38 +0200
  
ActionController::RoutingError (No route matches [POST] "/admin/dashboard"):
  
Started GET "/admin/vendors/new" for 127.0.0.1 at 2026-04-14 15:00:58 +0200
Processing by Admin::VendorsController#new as */*
  Rendering layout layouts/admin.html.erb
  Rendering admin/vendors/new.html.erb within layouts/admin
  Rendered admin/vendors/new.html.erb within layouts/admin (Duration: 1.8ms | GC: 0.0ms)
  [1m[36mUser Load (0.3ms)[0m  [1m[34mSELECT "users".* FROM "users" WHERE "users"."id" = 1 LIMIT 1 /*action='new',application='FreightSolutionBackEnd',controller='vendors'*/[0m
  ↳ app/controllers/admin/base_controller.rb:14:in 'Admin::BaseController#current_user'
  Rendered layout layouts/admin.html.erb (Duration: 3.1ms | GC: 0.0ms)
Completed 200 OK in 10ms (Views: 3.2ms | ActiveRecord: 0.6ms (1 query, 0 cached) | GC: 3.6ms)


Started GET "/admin/shipments/new" for 127.0.0.1 at 2026-04-14 15:01:05 +0200
Processing by Admin::ShipmentsController#new as */*
  Rendering layout layouts/admin.html.erb
  Rendering admin/shipments/new.html.erb within layouts/admin
  Rendered admin/shipments/new.html.erb within layouts/admin (Duration: 2.9ms | GC: 0.9ms)
  [1m[36mUser Load (0.2ms)[0m  [1m[34mSELECT "users".* FROM "users" WHERE "users"."id" = 1 LIMIT 1 /*action='new',application='FreightSolutionBackEnd',controller='shipments'*/[0m
  ↳ app/controllers/admin/base_controller.rb:14:in 'Admin::BaseController#current_user'
  Rendered layout layouts/admin.html.erb (Duration: 4.0ms | GC: 0.9ms)
Completed 200 OK in 9ms (Views: 4.2ms | ActiveRecord: 0.6ms (1 query, 0 cached) | GC: 1.7ms)


Started POST "/admin/login" for 127.0.0.1 at 2026-04-14 15:01:14 +0200
Processing by AdminController#login as */*
  Parameters: {"email" => "[FILTERED]", "password" => "[FILTERED]"}
  [1m[36mUser Load (0.2ms)[0m  [1m[34mSELECT "users".* FROM "users" WHERE "users"."email" = 'felender7@gmail.com' LIMIT 1 /*action='login',application='FreightSolutionBackEnd',controller='admin'*/[0m
  ↳ app/controllers/admin_controller.rb:9:in 'AdminController#login'
Redirected to http://localhost:3000/admin/dashboard
↳ app/controllers/admin_controller.rb:12:in 'AdminController#login'
Completed 302 Found in 220ms (ActiveRecord: 0.2ms (1 query, 0 cached) | GC: 0.8ms)


Started POST "/admin/dashboard" for 127.0.0.1 at 2026-04-14 15:01:15 +0200
  
ActionController::RoutingError (No route matches [POST] "/admin/dashboard"):
  
Started POST "/admin/login" for 127.0.0.1 at 2026-04-14 15:01:24 +0200
Processing by AdminController#login as */*
  Parameters: {"email" => "[FILTERED]", "password" => "[FILTERED]"}
  [1m[36mUser Load (0.2ms)[0m  [1m[34mSELECT "users".* FROM "users" WHERE "users"."email" = 'felender7@gmail.com' LIMIT 1 /*action='login',application='FreightSolutionBackEnd',controller='admin'*/[0m
  ↳ app/controllers/admin_controller.rb:9:in 'AdminController#login'
Redirected to http://localhost:3000/admin/dashboard
↳ app/controllers/admin_controller.rb:12:in 'AdminController#login'
Completed 302 Found in 222ms (ActiveRecord: 0.2ms (1 query, 0 cached) | GC: 0.0ms)


Started POST "/admin/dashboard" for 127.0.0.1 at 2026-04-14 15:01:24 +0200
  
ActionController::RoutingError (No route matches [POST] "/admin/dashboard"):
  
Started POST "/admin/login" for 127.0.0.1 at 2026-04-14 15:01:34 +0200
Processing by AdminController#login as */*
  Parameters: {"email" => "[FILTERED]", "password" => "[FILTERED]"}
  [1m[36mUser Load (0.2ms)[0m  [1m[34mSELECT "users".* FROM "users" WHERE "users"."email" = 'felender7@gmail.com' LIMIT 1 /*action='login',application='FreightSolutionBackEnd',controller='admin'*/[0m
  ↳ app/controllers/admin_controller.rb:9:in 'AdminController#login'
Redirected to http://localhost:3000/admin/dashboard
↳ app/controllers/admin_controller.rb:12:in 'AdminController#login'
Completed 302 Found in 210ms (ActiveRecord: 0.2ms (1 query, 0 cached) | GC: 0.5ms)


Started POST "/admin/login" for 127.0.0.1 at 2026-04-14 15:01:49 +0200
Processing by AdminController#login as */*
  Parameters: {"email" => "[FILTERED]", "password" => "[FILTERED]"}
  [1m[36mUser Load (0.3ms)[0m  [1m[34mSELECT "users".* FROM "users" WHERE "users"."email" = 'felender7@gmail.com' LIMIT 1 /*action='login',application='FreightSolutionBackEnd',controller='admin'*/[0m
  ↳ app/controllers/admin_controller.rb:9:in 'AdminController#login'
Redirected to http://localhost:3000/admin/dashboard
↳ app/controllers/admin_controller.rb:12:in 'AdminController#login'
Completed 302 Found in 210ms (ActiveRecord: 0.3ms (1 query, 0 cached) | GC: 0.0ms)


Started GET "/admin/vendors" for 127.0.0.1 at 2026-04-14 15:01:54 +0200
Processing by Admin::VendorsController#index as */*
  Rendering layout layouts/admin.html.erb
  Rendering admin/vendors/index.html.erb within layouts/admin
  [1m[36mVendor Exists? (0.2ms)[0m  [1m[34mSELECT 1 AS one FROM "vendors" LIMIT 1 /*action='index',application='FreightSolutionBackEnd',controller='vendors'*/[0m
  ↳ app/views/admin/vendors/index.html.erb:17
  Rendered admin/vendors/index.html.erb within layouts/admin (Duration: 1.2ms | GC: 0.0ms)
  [1m[36mUser Load (0.2ms)[0m  [1m[34mSELECT "users".* FROM "users" WHERE "users"."id" = 1 LIMIT 1 /*action='index',application='FreightSolutionBackEnd',controller='vendors'*/[0m
  ↳ app/controllers/admin/base_controller.rb:14:in 'Admin::BaseController#current_user'
  Rendered layout layouts/admin.html.erb (Duration: 3.1ms | GC: 0.4ms)
Completed 200 OK in 4ms (Views: 3.0ms | ActiveRecord: 0.5ms (2 queries, 0 cached) | GC: 0.4ms)


Started GET "/admin/shipments" for 127.0.0.1 at 2026-04-14 15:02:04 +0200
Processing by Admin::ShipmentsController#index as */*
  Rendering layout layouts/admin.html.erb
  Rendering admin/shipments/index.html.erb within layouts/admin
  [1m[36mShipment Exists? (0.2ms)[0m  [1m[34mSELECT 1 AS one FROM "shipments" LIMIT 1 /*action='index',application='FreightSolutionBackEnd',controller='shipments'*/[0m
  ↳ app/views/admin/shipments/index.html.erb:16
  Rendered admin/shipments/index.html.erb within layouts/admin (Duration: 1.1ms | GC: 0.0ms)
  [1m[36mUser Load (0.1ms)[0m  [1m[34mSELECT "users".* FROM "users" WHERE "users"."id" = 1 LIMIT 1 /*action='index',application='FreightSolutionBackEnd',controller='shipments'*/[0m
  ↳ app/controllers/admin/base_controller.rb:14:in 'Admin::BaseController#current_user'
  Rendered layout layouts/admin.html.erb (Duration: 2.1ms | GC: 0.0ms)
Completed 200 OK in 3ms (Views: 2.0ms | ActiveRecord: 0.3ms (2 queries, 0 cached) | GC: 0.0ms)


Started GET "/admin/vendors" for 127.0.0.1 at 2026-04-14 15:04:18 +0200
Processing by Admin::VendorsController#index as HTML
  Rendering layout layouts/admin.html.erb
  Rendering admin/vendors/index.html.erb within layouts/admin
  [1m[36mVendor Exists? (0.2ms)[0m  [1m[34mSELECT 1 AS one FROM "vendors" LIMIT 1 /*action='index',application='FreightSolutionBackEnd',controller='vendors'*/[0m
  ↳ app/views/admin/vendors/index.html.erb:17
  Rendered admin/vendors/index.html.erb within layouts/admin (Duration: 1.4ms | GC: 0.0ms)
  [1m[36mUser Load (0.1ms)[0m  [1m[34mSELECT "users".* FROM "users" WHERE "users"."id" = 1 LIMIT 1 /*action='index',application='FreightSolutionBackEnd',controller='vendors'*/[0m
  ↳ app/controllers/admin/base_controller.rb:14:in 'Admin::BaseController#current_user'
  Rendered layout layouts/admin.html.erb (Duration: 3.0ms | GC: 0.0ms)
Completed 200 OK in 4ms (Views: 3.1ms | ActiveRecord: 0.3ms (2 queries, 0 cached) | GC: 0.0ms)


Started GET "/admin/vendors/new" for 127.0.0.1 at 2026-04-14 15:04:21 +0200
Processing by Admin::VendorsController#new as HTML
  Rendering layout layouts/admin.html.erb
  Rendering admin/vendors/new.html.erb within layouts/admin
  Rendered admin/vendors/new.html.erb within layouts/admin (Duration: 1.5ms | GC: 0.0ms)
  [1m[36mUser Load (0.3ms)[0m  [1m[34mSELECT "users".* FROM "users" WHERE "users"."id" = 1 LIMIT 1 /*action='new',application='FreightSolutionBackEnd',controller='vendors'*/[0m
  ↳ app/controllers/admin/base_controller.rb:14:in 'Admin::BaseController#current_user'
  Rendered layout layouts/admin.html.erb (Duration: 2.8ms | GC: 0.0ms)
Completed 200 OK in 3ms (Views: 2.8ms | ActiveRecord: 0.3ms (1 query, 0 cached) | GC: 0.0ms)


Started GET "/admin/shipments" for 127.0.0.1 at 2026-04-14 15:04:22 +0200
Processing by Admin::ShipmentsController#index as HTML
  Rendering layout layouts/admin.html.erb
  Rendering admin/shipments/index.html.erb within layouts/admin
  [1m[36mShipment Exists? (0.2ms)[0m  [1m[34mSELECT 1 AS one FROM "shipments" LIMIT 1 /*action='index',application='FreightSolutionBackEnd',controller='shipments'*/[0m
  ↳ app/views/admin/shipments/index.html.erb:16
  Rendered admin/shipments/index.html.erb within layouts/admin (Duration: 1.4ms | GC: 0.0ms)
  [1m[36mUser Load (0.2ms)[0m  [1m[34mSELECT "users".* FROM "users" WHERE "users"."id" = 1 LIMIT 1 /*action='index',application='FreightSolutionBackEnd',controller='shipments'*/[0m
  ↳ app/controllers/admin/base_controller.rb:14:in 'Admin::BaseController#current_user'
  Rendered layout layouts/admin.html.erb (Duration: 2.7ms | GC: 0.0ms)
Completed 200 OK in 3ms (Views: 2.7ms | ActiveRecord: 0.4ms (2 queries, 0 cached) | GC: 0.0ms)


Started GET "/admin/shipments" for 127.0.0.1 at 2026-04-14 15:04:25 +0200
Processing by Admin::ShipmentsController#index as HTML
  Rendering layout layouts/admin.html.erb
  Rendering admin/shipments/index.html.erb within layouts/admin
  [1m[36mShipment Exists? (0.3ms)[0m  [1m[34mSELECT 1 AS one FROM "shipments" LIMIT 1 /*action='index',application='FreightSolutionBackEnd',controller='shipments'*/[0m
  ↳ app/views/admin/shipments/index.html.erb:16
  Rendered admin/shipments/index.html.erb within layouts/admin (Duration: 2.9ms | GC: 1.3ms)
  [1m[36mUser Load (0.2ms)[0m  [1m[34mSELECT "users".* FROM "users" WHERE "users"."id" = 1 LIMIT 1 /*action='index',application='FreightSolutionBackEnd',controller='shipments'*/[0m
  ↳ app/controllers/admin/base_controller.rb:14:in 'Admin::BaseController#current_user'
  Rendered layout layouts/admin.html.erb (Duration: 4.1ms | GC: 1.3ms)
Completed 200 OK in 5ms (Views: 3.9ms | ActiveRecord: 0.4ms (2 queries, 0 cached) | GC: 1.3ms)


Started GET "/admin/invoices" for 127.0.0.1 at 2026-04-14 15:04:28 +0200
Processing by Admin::InvoicesController#index as HTML
  Rendering layout layouts/admin.html.erb
  Rendering admin/invoices/index.html.erb within layouts/admin
  [1m[36mInvoice Exists? (0.2ms)[0m  [1m[34mSELECT 1 AS one FROM "invoices" LIMIT 1 /*action='index',application='FreightSolutionBackEnd',controller='invoices'*/[0m
  ↳ app/views/admin/invoices/index.html.erb:9
  Rendered admin/invoices/index.html.erb within layouts/admin (Duration: 1.5ms | GC: 0.0ms)
  [1m[36mUser Load (0.2ms)[0m  [1m[34mSELECT "users".* FROM "users" WHERE "users"."id" = 1 LIMIT 1 /*action='index',application='FreightSolutionBackEnd',controller='invoices'*/[0m
  ↳ app/controllers/admin/base_controller.rb:14:in 'Admin::BaseController#current_user'
  Rendered layout layouts/admin.html.erb (Duration: 3.0ms | GC: 0.0ms)
Completed 200 OK in 4ms (Views: 3.0ms | ActiveRecord: 0.4ms (2 queries, 0 cached) | GC: 0.0ms)


Started GET "/admin/shipments" for 127.0.0.1 at 2026-04-14 15:04:30 +0200
Processing by Admin::ShipmentsController#index as HTML
  Rendering layout layouts/admin.html.erb
  Rendering admin/shipments/index.html.erb within layouts/admin
  [1m[36mShipment Exists? (0.2ms)[0m  [1m[34mSELECT 1 AS one FROM "shipments" LIMIT 1 /*action='index',application='FreightSolutionBackEnd',controller='shipments'*/[0m
  ↳ app/views/admin/shipments/index.html.erb:16
  Rendered admin/shipments/index.html.erb within layouts/admin (Duration: 1.3ms | GC: 0.0ms)
  [1m[36mUser Load (0.2ms)[0m  [1m[34mSELECT "users".* FROM "users" WHERE "users"."id" = 1 LIMIT 1 /*action='index',application='FreightSolutionBackEnd',controller='shipments'*/[0m
  ↳ app/controllers/admin/base_controller.rb:14:in 'Admin::BaseController#current_user'
  Rendered layout layouts/admin.html.erb (Duration: 2.9ms | GC: 0.0ms)
Completed 200 OK in 3ms (Views: 2.8ms | ActiveRecord: 0.4ms (2 queries, 0 cached) | GC: 0.0ms)


Started GET "/admin/invoices" for 127.0.0.1 at 2026-04-14 15:04:31 +0200
Processing by Admin::InvoicesController#index as HTML
  Rendering layout layouts/admin.html.erb
  Rendering admin/invoices/index.html.erb within layouts/admin
  [1m[36mInvoice Exists? (0.2ms)[0m  [1m[34mSELECT 1 AS one FROM "invoices" LIMIT 1 /*action='index',application='FreightSolutionBackEnd',controller='invoices'*/[0m
  ↳ app/views/admin/invoices/index.html.erb:9
  Rendered admin/invoices/index.html.erb within layouts/admin (Duration: 1.6ms | GC: 0.0ms)
  [1m[36mUser Load (0.2ms)[0m  [1m[34mSELECT "users".* FROM "users" WHERE "users"."id" = 1 LIMIT 1 /*action='index',application='FreightSolutionBackEnd',controller='invoices'*/[0m
  ↳ app/controllers/admin/base_controller.rb:14:in 'Admin::BaseController#current_user'
  Rendered layout layouts/admin.html.erb (Duration: 3.0ms | GC: 0.0ms)
Completed 200 OK in 4ms (Views: 3.0ms | ActiveRecord: 0.4ms (2 queries, 0 cached) | GC: 0.0ms)


Started GET "/admin/vendors" for 127.0.0.1 at 2026-04-14 15:04:31 +0200
Processing by Admin::VendorsController#index as HTML
  Rendering layout layouts/admin.html.erb
  Rendering admin/vendors/index.html.erb within layouts/admin
  [1m[36mVendor Exists? (0.2ms)[0m  [1m[34mSELECT 1 AS one FROM "vendors" LIMIT 1 /*action='index',application='FreightSolutionBackEnd',controller='vendors'*/[0m
  ↳ app/views/admin/vendors/index.html.erb:17
  Rendered admin/vendors/index.html.erb within layouts/admin (Duration: 1.8ms | GC: 0.0ms)
  [1m[36mUser Load (0.3ms)[0m  [1m[34mSELECT "users".* FROM "users" WHERE "users"."id" = 1 LIMIT 1 /*action='index',application='FreightSolutionBackEnd',controller='vendors'*/[0m
  ↳ app/controllers/admin/base_controller.rb:14:in 'Admin::BaseController#current_user'
  Rendered layout layouts/admin.html.erb (Duration: 3.4ms | GC: 0.0ms)
Completed 200 OK in 4ms (Views: 3.3ms | ActiveRecord: 0.4ms (2 queries, 0 cached) | GC: 0.0ms)


Started GET "/admin/vendors" for 127.0.0.1 at 2026-04-14 15:04:32 +0200
Processing by Admin::VendorsController#index as HTML
  Rendering layout layouts/admin.html.erb
  Rendering admin/vendors/index.html.erb within layouts/admin
  [1m[36mVendor Exists? (0.2ms)[0m  [1m[34mSELECT 1 AS one FROM "vendors" LIMIT 1 /*action='index',application='FreightSolutionBackEnd',controller='vendors'*/[0m
  ↳ app/views/admin/vendors/index.html.erb:17
  Rendered admin/vendors/index.html.erb within layouts/admin (Duration: 1.1ms | GC: 0.0ms)
  [1m[36mUser Load (0.1ms)[0m  [1m[34mSELECT "users".* FROM "users" WHERE "users"."id" = 1 LIMIT 1 /*action='index',application='FreightSolutionBackEnd',controller='vendors'*/[0m
  ↳ app/controllers/admin/base_controller.rb:14:in 'Admin::BaseController#current_user'
  Rendered layout layouts/admin.html.erb (Duration: 2.1ms | GC: 0.0ms)
Completed 200 OK in 3ms (Views: 2.1ms | ActiveRecord: 0.3ms (2 queries, 0 cached) | GC: 0.0ms)


Started GET "/admin/employees" for 127.0.0.1 at 2026-04-14 15:04:33 +0200
Processing by Admin::EmployeesController#index as HTML
  Rendering layout layouts/admin.html.erb
  Rendering admin/employees/index.html.erb within layouts/admin
  [1m[36mEmployee Exists? (0.1ms)[0m  [1m[34mSELECT 1 AS one FROM "employees" LIMIT 1 /*action='index',application='FreightSolutionBackEnd',controller='employees'*/[0m
  ↳ app/views/admin/employees/index.html.erb:17
  [1m[36mEmployee Load (0.1ms)[0m  [1m[34mSELECT "employees".* FROM "employees" ORDER BY "employees"."created_at" DESC /*action='index',application='FreightSolutionBackEnd',controller='employees'*/[0m
  ↳ app/views/admin/employees/index.html.erb:31
  Rendered admin/employees/index.html.erb within layouts/admin (Duration: 3.9ms | GC: 0.0ms)
  [1m[36mUser Load (0.1ms)[0m  [1m[34mSELECT "users".* FROM "users" WHERE "users"."id" = 1 LIMIT 1 /*action='index',application='FreightSolutionBackEnd',controller='employees'*/[0m
  ↳ app/controllers/admin/employees_controller.rb:55:in 'Admin::EmployeesController#current_user'
  Rendered layout layouts/admin.html.erb (Duration: 4.8ms | GC: 0.0ms)
Completed 200 OK in 8ms (Views: 4.9ms | ActiveRecord: 1.1ms (3 queries, 0 cached) | GC: 0.0ms)


Started GET "/admin/users" for 127.0.0.1 at 2026-04-14 15:04:36 +0200
Processing by Admin::UsersController#index as HTML
  Rendering layout layouts/admin.html.erb
  Rendering admin/users/index.html.erb within layouts/admin
  [1m[36mUser Exists? (0.2ms)[0m  [1m[34mSELECT 1 AS one FROM "users" LIMIT 1 /*action='index',application='FreightSolutionBackEnd',controller='users'*/[0m
  ↳ app/views/admin/users/index.html.erb:6
  [1m[36mUser Load (0.2ms)[0m  [1m[34mSELECT "users".* FROM "users" ORDER BY "users"."created_at" DESC /*action='index',application='FreightSolutionBackEnd',controller='users'*/[0m
  ↳ app/views/admin/users/index.html.erb:8
  Rendered admin/users/index.html.erb within layouts/admin (Duration: 2.6ms | GC: 0.0ms)
  Rendered layout layouts/admin.html.erb (Duration: 6.0ms | GC: 3.2ms)
Completed 500 Internal Server Error in 7ms (ActiveRecord: 0.4ms (2 queries, 0 cached) | GC: 3.2ms)


  
ActionView::Template::Error (wrong number of arguments (given 1, expected 0))
Caused by: ArgumentError (wrong number of arguments (given 1, expected 0))

Information for: ActionView::Template::Error (wrong number of arguments (given 1, expected 0)):
     5:     <% if @users.any? %>
     6:       <table><thead><tr><th>Name</th><th>Email</th><th>Role</th><th>Status</th><th>Actions</th></tr></thead><tbody>
     7:         <% @users.each do |u| %><tr><td><strong><%= u.first_name %> <%= u.last_name %></strong></td><td><%= u.email %></td><td><span class="badge <%= u.role=='admin'?'badge-info':'badge-warning' %>"><%= u.role %></span></td><td><span class="badge <%= u.must_update_password?'badge-error':'badge-success' %>"><%= u.must_update_password ? 'Password needed' : 'Active' %></span></td><td><div class="actions"><a href="<%= admin_user_path(u) %>" class="btn btn-sm btn-secondary">View</a><a href="<%= edit_admin_user_path(u) %>" class="btn btn-sm btn-secondary">Edit</a><%= button_to 'Delete', admin_user_path(u), method: :delete, data: { confirm: 'Sure?' }, class: 'btn btn-sm btn-danger' %></div></td></tr><% end %></tbody></table>
     8:     <% else %><div class="empty-state"><svg fill="none" stroke="currentColor" viewBox="0 0 24 24"><path stroke-linecap="round" stroke-linejoin="round" stroke-width="2" d="M12 6V4m0 2a2 2 0 100 4m0-4a2 2 0 110 4m-6 8a2 2 0 100-4m0 4a2 2 0 110-4m0 4v2m0-6V4m6 6v10m6-2a2 2 0 100-4m0 4a2 2 0 110-4m0 4v2m0-6V4"/></svg><p>No users</p></div><% end %>
     9:   </div></div>
    10: </div>
  
app/views/admin/users/index.html.erb:8
app/views/admin/users/index.html.erb:8

Information for cause: ArgumentError (wrong number of arguments (given 1, expected 0)):
  
app/views/admin/users/index.html.erb:8
app/views/admin/users/index.html.erb:8
Started GET "/admin/employees" for 127.0.0.1 at 2026-04-14 15:05:04 +0200
Processing by Admin::EmployeesController#index as HTML
  Rendering layout layouts/admin.html.erb
  Rendering admin/employees/index.html.erb within layouts/admin
  [1m[36mEmployee Exists? (0.1ms)[0m  [1m[34mSELECT 1 AS one FROM "employees" LIMIT 1 /*action='index',application='FreightSolutionBackEnd',controller='employees'*/[0m
  ↳ app/views/admin/employees/index.html.erb:17
  [1m[36mEmployee Load (0.1ms)[0m  [1m[34mSELECT "employees".* FROM "employees" ORDER BY "employees"."created_at" DESC /*action='index',application='FreightSolutionBackEnd',controller='employees'*/[0m
  ↳ app/views/admin/employees/index.html.erb:31
  Rendered admin/employees/index.html.erb within layouts/admin (Duration: 5.5ms | GC: 0.4ms)
  [1m[36mUser Load (0.1ms)[0m  [1m[34mSELECT "users".* FROM "users" WHERE "users"."id" = 1 LIMIT 1 /*action='index',application='FreightSolutionBackEnd',controller='employees'*/[0m
  ↳ app/controllers/admin/employees_controller.rb:55:in 'Admin::EmployeesController#current_user'
  Rendered layout layouts/admin.html.erb (Duration: 12.0ms | GC: 0.4ms)
Completed 200 OK in 15ms (Views: 10.9ms | ActiveRecord: 2.6ms (3 queries, 0 cached) | GC: 0.4ms)


Started GET "/admin/employees/new" for 127.0.0.1 at 2026-04-14 15:05:05 +0200
Processing by Admin::EmployeesController#new as HTML
  Rendering layout layouts/admin.html.erb
  Rendering admin/employees/new.html.erb within layouts/admin
  Rendered admin/employees/new.html.erb within layouts/admin (Duration: 1.7ms | GC: 0.0ms)
  [1m[36mUser Load (0.2ms)[0m  [1m[34mSELECT "users".* FROM "users" WHERE "users"."id" = 1 LIMIT 1 /*action='new',application='FreightSolutionBackEnd',controller='employees'*/[0m
  ↳ app/controllers/admin/employees_controller.rb:55:in 'Admin::EmployeesController#current_user'
  Rendered layout layouts/admin.html.erb (Duration: 3.1ms | GC: 0.0ms)
Completed 200 OK in 4ms (Views: 3.2ms | ActiveRecord: 0.2ms (1 query, 0 cached) | GC: 0.0ms)


Started GET "/admin/users" for 127.0.0.1 at 2026-04-14 15:05:06 +0200
Processing by Admin::UsersController#index as */*
  Rendering layout layouts/admin.html.erb
  Rendering admin/users/index.html.erb within layouts/admin
  [1m[36mUser Exists? (0.2ms)[0m  [1m[34mSELECT 1 AS one FROM "users" LIMIT 1 /*action='index',application='FreightSolutionBackEnd',controller='users'*/[0m
  ↳ app/views/admin/users/index.html.erb:6
  [1m[36mUser Load (0.1ms)[0m  [1m[34mSELECT "users".* FROM "users" ORDER BY "users"."created_at" DESC /*action='index',application='FreightSolutionBackEnd',controller='users'*/[0m
  ↳ app/views/admin/users/index.html.erb:8
  Rendered admin/users/index.html.erb within layouts/admin (Duration: 2.8ms | GC: 0.0ms)
  [1m[36mUser Load (0.1ms)[0m  [1m[34mSELECT "users".* FROM "users" WHERE "users"."id" = 1 LIMIT 1 /*action='index',application='FreightSolutionBackEnd',controller='users'*/[0m
  ↳ app/controllers/admin/base_controller.rb:14:in 'Admin::BaseController#current_user'
  Rendered layout layouts/admin.html.erb (Duration: 3.8ms | GC: 0.0ms)
Completed 200 OK in 5ms (Views: 4.2ms | ActiveRecord: 0.5ms (3 queries, 0 cached) | GC: 0.0ms)


Started GET "/admin/users" for 127.0.0.1 at 2026-04-14 15:05:12 +0200
Processing by Admin::UsersController#index as */*
  Rendering layout layouts/admin.html.erb
  Rendering admin/users/index.html.erb within layouts/admin
  [1m[36mUser Exists? (0.2ms)[0m  [1m[34mSELECT 1 AS one FROM "users" LIMIT 1 /*action='index',application='FreightSolutionBackEnd',controller='users'*/[0m
  ↳ app/views/admin/users/index.html.erb:6
  [1m[36mUser Load (0.1ms)[0m  [1m[34mSELECT "users".* FROM "users" ORDER BY "users"."created_at" DESC /*action='index',application='FreightSolutionBackEnd',controller='users'*/[0m
  ↳ app/views/admin/users/index.html.erb:8
  Rendered admin/users/index.html.erb within layouts/admin (Duration: 4.1ms | GC: 0.7ms)
  [1m[36mUser Load (0.2ms)[0m  [1m[34mSELECT "users".* FROM "users" WHERE "users"."id" = 1 LIMIT 1 /*action='index',application='FreightSolutionBackEnd',controller='users'*/[0m
  ↳ app/controllers/admin/base_controller.rb:14:in 'Admin::BaseController#current_user'
  Rendered layout layouts/admin.html.erb (Duration: 5.8ms | GC: 0.7ms)
Completed 200 OK in 7ms (Views: 5.6ms | ActiveRecord: 0.6ms (3 queries, 0 cached) | GC: 0.7ms)


Started GET "/admin/users" for 127.0.0.1 at 2026-04-14 15:05:16 +0200
Processing by Admin::UsersController#index as */*
  Rendering layout layouts/admin.html.erb
  Rendering admin/users/index.html.erb within layouts/admin
  [1m[36mUser Exists? (0.2ms)[0m  [1m[34mSELECT 1 AS one FROM "users" LIMIT 1 /*action='index',application='FreightSolutionBackEnd',controller='users'*/[0m
  ↳ app/views/admin/users/index.html.erb:6
  [1m[36mUser Load (0.2ms)[0m  [1m[34mSELECT "users".* FROM "users" ORDER BY "users"."created_at" DESC /*action='index',application='FreightSolutionBackEnd',controller='users'*/[0m
  ↳ app/views/admin/users/index.html.erb:8
  Rendered admin/users/index.html.erb within layouts/admin (Duration: 2.8ms | GC: 0.0ms)
  [1m[36mUser Load (0.2ms)[0m  [1m[34mSELECT "users".* FROM "users" WHERE "users"."id" = 1 LIMIT 1 /*action='index',application='FreightSolutionBackEnd',controller='users'*/[0m
  ↳ app/controllers/admin/base_controller.rb:14:in 'Admin::BaseController#current_user'
  Rendered layout layouts/admin.html.erb (Duration: 4.0ms | GC: 0.0ms)
Completed 200 OK in 5ms (Views: 3.7ms | ActiveRecord: 0.6ms (3 queries, 0 cached) | GC: 0.0ms)


Started GET "/admin/users" for 127.0.0.1 at 2026-04-14 15:05:21 +0200
Processing by Admin::UsersController#index as */*
  Rendering layout layouts/admin.html.erb
  Rendering admin/users/index.html.erb within layouts/admin
  [1m[36mUser Exists? (0.2ms)[0m  [1m[34mSELECT 1 AS one FROM "users" LIMIT 1 /*action='index',application='FreightSolutionBackEnd',controller='users'*/[0m
  ↳ app/views/admin/users/index.html.erb:6
  [1m[36mUser Load (0.2ms)[0m  [1m[34mSELECT "users".* FROM "users" ORDER BY "users"."created_at" DESC /*action='index',application='FreightSolutionBackEnd',controller='users'*/[0m
  ↳ app/views/admin/users/index.html.erb:8
  Rendered admin/users/index.html.erb within layouts/admin (Duration: 3.3ms | GC: 0.0ms)
  [1m[36mUser Load (0.3ms)[0m  [1m[34mSELECT "users".* FROM "users" WHERE "users"."id" = 1 LIMIT 1 /*action='index',application='FreightSolutionBackEnd',controller='users'*/[0m
  ↳ app/controllers/admin/base_controller.rb:14:in 'Admin::BaseController#current_user'
  Rendered layout layouts/admin.html.erb (Duration: 5.3ms | GC: 0.0ms)
Completed 200 OK in 7ms (Views: 5.6ms | ActiveRecord: 0.6ms (3 queries, 0 cached) | GC: 0.0ms)


Started GET "/admin/users" for 127.0.0.1 at 2026-04-14 15:05:28 +0200
Processing by Admin::UsersController#index as */*
  Rendering layout layouts/admin.html.erb
  Rendering admin/users/index.html.erb within layouts/admin
  [1m[36mUser Exists? (0.3ms)[0m  [1m[34mSELECT 1 AS one FROM "users" LIMIT 1 /*action='index',application='FreightSolutionBackEnd',controller='users'*/[0m
  ↳ app/views/admin/users/index.html.erb:6
  [1m[36mUser Load (0.2ms)[0m  [1m[34mSELECT "users".* FROM "users" ORDER BY "users"."created_at" DESC /*action='index',application='FreightSolutionBackEnd',controller='users'*/[0m
  ↳ app/views/admin/users/index.html.erb:8
  Rendered admin/users/index.html.erb within layouts/admin (Duration: 5.4ms | GC: 2.1ms)
  [1m[36mUser Load (0.2ms)[0m  [1m[34mSELECT "users".* FROM "users" WHERE "users"."id" = 1 LIMIT 1 /*action='index',application='FreightSolutionBackEnd',controller='users'*/[0m
  ↳ app/controllers/admin/base_controller.rb:14:in 'Admin::BaseController#current_user'
  Rendered layout layouts/admin.html.erb (Duration: 7.2ms | GC: 2.1ms)
Completed 200 OK in 8ms (Views: 7.0ms | ActiveRecord: 0.8ms (3 queries, 0 cached) | GC: 2.1ms)


Started GET "/" for 127.0.0.1 at 2026-04-14 15:10:23 +0200
Processing by AdminController#login as HTML
  Rendering layout layouts/admin_login.html.erb
  Rendering admin/login.html.erb within layouts/admin_login
  Rendered admin/login.html.erb within layouts/admin_login (Duration: 1.1ms | GC: 0.0ms)
  Rendered layout layouts/admin_login.html.erb (Duration: 1.6ms | GC: 0.0ms)
Completed 200 OK in 3ms (Views: 2.5ms | ActiveRecord: 0.0ms (0 queries, 0 cached) | GC: 0.0ms)


Started POST "/admin/login" for 127.0.0.1 at 2026-04-14 15:10:29 +0200
Processing by AdminController#login as HTML
  Parameters: {"authenticity_token" => "[FILTERED]", "email" => "[FILTERED]", "password" => "[FILTERED]"}
  [1m[36mUser Load (0.3ms)[0m  [1m[34mSELECT "users".* FROM "users" WHERE "users"."email" = 'felender7@gmail.com' LIMIT 1 /*action='login',application='FreightSolutionBackEnd',controller='admin'*/[0m
  ↳ app/controllers/admin_controller.rb:9:in 'AdminController#login'
Redirected to http://localhost:3000/admin/dashboard
↳ app/controllers/admin_controller.rb:12:in 'AdminController#login'
Completed 302 Found in 218ms (ActiveRecord: 0.3ms (1 query, 0 cached) | GC: 0.0ms)


Started GET "/admin/dashboard" for 127.0.0.1 at 2026-04-14 15:10:29 +0200
Processing by Admin::DashboardController#index as HTML
  [1m[36mEmployee Count (0.3ms)[0m  [1m[34mSELECT COUNT(*) FROM "employees" /*action='index',application='FreightSolutionBackEnd',controller='dashboard'*/[0m
  ↳ app/controllers/admin/dashboard_controller.rb:7:in 'Admin::DashboardController#index'
  [1m[36mVendor Count (0.2ms)[0m  [1m[34mSELECT COUNT(*) FROM "vendors" /*action='index',application='FreightSolutionBackEnd',controller='dashboard'*/[0m
  ↳ app/controllers/admin/dashboard_controller.rb:8:in 'Admin::DashboardController#index'
  [1m[36mShipment Count (0.1ms)[0m  [1m[34mSELECT COUNT(*) FROM "shipments" /*action='index',application='FreightSolutionBackEnd',controller='dashboard'*/[0m
  ↳ app/controllers/admin/dashboard_controller.rb:9:in 'Admin::DashboardController#index'
  [1m[36mInvoice Count (0.1ms)[0m  [1m[34mSELECT COUNT(*) FROM "invoices" /*action='index',application='FreightSolutionBackEnd',controller='dashboard'*/[0m
  ↳ app/controllers/admin/dashboard_controller.rb:10:in 'Admin::DashboardController#index'
  [1m[36mInvoice Sum (0.1ms)[0m  [1m[34mSELECT SUM("invoices"."amount") FROM "invoices" WHERE "invoices"."status" = 'paid' /*action='index',application='FreightSolutionBackEnd',controller='dashboard'*/[0m
  ↳ app/controllers/admin/dashboard_controller.rb:11:in 'Admin::DashboardController#index'
  [1m[36mInvoice Count (0.1ms)[0m  [1m[34mSELECT COUNT(*) FROM "invoices" WHERE "invoices"."status" = 'pending' /*action='index',application='FreightSolutionBackEnd',controller='dashboard'*/[0m
  ↳ app/controllers/admin/dashboard_controller.rb:12:in 'Admin::DashboardController#index'
  Rendering layout layouts/admin.html.erb
  Rendering admin/dashboard/index.html.erb within layouts/admin
  [1m[36mShipment Exists? (0.1ms)[0m  [1m[34mSELECT 1 AS one FROM "shipments" LIMIT 1 /*action='index',application='FreightSolutionBackEnd',controller='dashboard'*/[0m
  ↳ app/views/admin/dashboard/index.html.erb:64
  [1m[36mInvoice Exists? (0.1ms)[0m  [1m[34mSELECT 1 AS one FROM "invoices" LIMIT 1 /*action='index',application='FreightSolutionBackEnd',controller='dashboard'*/[0m
  ↳ app/views/admin/dashboard/index.html.erb:102
  Rendered admin/dashboard/index.html.erb within layouts/admin (Duration: 1.7ms | GC: 0.0ms)
  [1m[36mUser Load (0.1ms)[0m  [1m[34mSELECT "users".* FROM "users" WHERE "users"."id" = 1 LIMIT 1 /*action='index',application='FreightSolutionBackEnd',controller='dashboard'*/[0m
  ↳ app/controllers/admin/dashboard_controller.rb:26:in 'Admin::DashboardController#current_user'
  Rendered layout layouts/admin.html.erb (Duration: 2.8ms | GC: 0.0ms)
Completed 200 OK in 12ms (Views: 3.5ms | ActiveRecord: 2.1ms (9 queries, 0 cached) | GC: 0.0ms)


Started GET "/admin/employees" for 127.0.0.1 at 2026-04-14 15:10:33 +0200
Processing by Admin::EmployeesController#index as HTML
  Rendering layout layouts/admin.html.erb
  Rendering admin/employees/index.html.erb within layouts/admin
  [1m[36mEmployee Exists? (0.2ms)[0m  [1m[34mSELECT 1 AS one FROM "employees" LIMIT 1 /*action='index',application='FreightSolutionBackEnd',controller='employees'*/[0m
  ↳ app/views/admin/employees/index.html.erb:17
  [1m[36mEmployee Load (0.1ms)[0m  [1m[34mSELECT "employees".* FROM "employees" ORDER BY "employees"."created_at" DESC /*action='index',application='FreightSolutionBackEnd',controller='employees'*/[0m
  ↳ app/views/admin/employees/index.html.erb:31
  Rendered admin/employees/index.html.erb within layouts/admin (Duration: 2.2ms | GC: 0.0ms)
  [1m[36mUser Load (0.2ms)[0m  [1m[34mSELECT "users".* FROM "users" WHERE "users"."id" = 1 LIMIT 1 /*action='index',application='FreightSolutionBackEnd',controller='employees'*/[0m
  ↳ app/controllers/admin/employees_controller.rb:55:in 'Admin::EmployeesController#current_user'
  Rendered layout layouts/admin.html.erb (Duration: 3.3ms | GC: 0.0ms)
Completed 200 OK in 4ms (Views: 3.0ms | ActiveRecord: 0.5ms (3 queries, 0 cached) | GC: 0.0ms)


Started GET "/admin/employees/new" for 127.0.0.1 at 2026-04-14 15:10:35 +0200
Processing by Admin::EmployeesController#new as HTML
  Rendering layout layouts/admin.html.erb
  Rendering admin/employees/new.html.erb within layouts/admin
  Rendered admin/employees/new.html.erb within layouts/admin (Duration: 1.5ms | GC: 0.0ms)
  [1m[36mUser Load (0.2ms)[0m  [1m[34mSELECT "users".* FROM "users" WHERE "users"."id" = 1 LIMIT 1 /*action='new',application='FreightSolutionBackEnd',controller='employees'*/[0m
  ↳ app/controllers/admin/employees_controller.rb:55:in 'Admin::EmployeesController#current_user'
  Rendered layout layouts/admin.html.erb (Duration: 3.2ms | GC: 0.0ms)
Completed 200 OK in 4ms (Views: 3.3ms | ActiveRecord: 0.2ms (1 query, 0 cached) | GC: 0.0ms)


Started GET "/admin/vendors" for 127.0.0.1 at 2026-04-14 15:10:37 +0200
Processing by Admin::VendorsController#index as HTML
  Rendering layout layouts/admin.html.erb
  Rendering admin/vendors/index.html.erb within layouts/admin
  [1m[36mVendor Exists? (0.2ms)[0m  [1m[34mSELECT 1 AS one FROM "vendors" LIMIT 1 /*action='index',application='FreightSolutionBackEnd',controller='vendors'*/[0m
  ↳ app/views/admin/vendors/index.html.erb:17
  Rendered admin/vendors/index.html.erb within layouts/admin (Duration: 2.1ms | GC: 0.0ms)
  [1m[36mUser Load (0.4ms)[0m  [1m[34mSELECT "users".* FROM "users" WHERE "users"."id" = 1 LIMIT 1 /*action='index',application='FreightSolutionBackEnd',controller='vendors'*/[0m
  ↳ app/controllers/admin/base_controller.rb:14:in 'Admin::BaseController#current_user'
  Rendered layout layouts/admin.html.erb (Duration: 8.6ms | GC: 4.4ms)
Completed 200 OK in 11ms (Views: 3.9ms | ActiveRecord: 5.9ms (2 queries, 0 cached) | GC: 4.4ms)


Started GET "/admin/vendors/new" for 127.0.0.1 at 2026-04-14 15:10:39 +0200
Processing by Admin::VendorsController#new as HTML
  Rendering layout layouts/admin.html.erb
  Rendering admin/vendors/new.html.erb within layouts/admin
  Rendered admin/vendors/new.html.erb within layouts/admin (Duration: 2.4ms | GC: 0.6ms)
  [1m[36mUser Load (0.3ms)[0m  [1m[34mSELECT "users".* FROM "users" WHERE "users"."id" = 1 LIMIT 1 /*action='new',application='FreightSolutionBackEnd',controller='vendors'*/[0m
  ↳ app/controllers/admin/base_controller.rb:14:in 'Admin::BaseController#current_user'
  Rendered layout layouts/admin.html.erb (Duration: 3.6ms | GC: 0.6ms)
Completed 200 OK in 7ms (Views: 3.7ms | ActiveRecord: 0.6ms (1 query, 0 cached) | GC: 0.6ms)


Started GET "/admin/vendors" for 127.0.0.1 at 2026-04-14 15:11:13 +0200
Processing by Admin::VendorsController#index as HTML
  Rendering layout layouts/admin.html.erb
  Rendering admin/vendors/index.html.erb within layouts/admin
  [1m[36mVendor Exists? (0.4ms)[0m  [1m[34mSELECT 1 AS one FROM "vendors" LIMIT 1 /*action='index',application='FreightSolutionBackEnd',controller='vendors'*/[0m
  ↳ app/views/admin/vendors/index.html.erb:17
  Rendered admin/vendors/index.html.erb within layouts/admin (Duration: 2.7ms | GC: 0.8ms)
  [1m[36mUser Load (0.2ms)[0m  [1m[34mSELECT "users".* FROM "users" WHERE "users"."id" = 1 LIMIT 1 /*action='index',application='FreightSolutionBackEnd',controller='vendors'*/[0m
  ↳ app/controllers/admin/base_controller.rb:14:in 'Admin::BaseController#current_user'
  Rendered layout layouts/admin.html.erb (Duration: 4.0ms | GC: 0.8ms)
Completed 200 OK in 5ms (Views: 3.8ms | ActiveRecord: 0.5ms (2 queries, 0 cached) | GC: 0.8ms)


Started GET "/admin/employees" for 127.0.0.1 at 2026-04-14 15:11:14 +0200
Processing by Admin::EmployeesController#index as HTML
  Rendering layout layouts/admin.html.erb
  Rendering admin/employees/index.html.erb within layouts/admin
  [1m[36mEmployee Exists? (0.2ms)[0m  [1m[34mSELECT 1 AS one FROM "employees" LIMIT 1 /*action='index',application='FreightSolutionBackEnd',controller='employees'*/[0m
  ↳ app/views/admin/employees/index.html.erb:17
  [1m[36mEmployee Load (0.2ms)[0m  [1m[34mSELECT "employees".* FROM "employees" ORDER BY "employees"."created_at" DESC /*action='index',application='FreightSolutionBackEnd',controller='employees'*/[0m
  ↳ app/views/admin/employees/index.html.erb:31
  Rendered admin/employees/index.html.erb within layouts/admin (Duration: 2.5ms | GC: 0.0ms)
  [1m[36mUser Load (0.2ms)[0m  [1m[34mSELECT "users".* FROM "users" WHERE "users"."id" = 1 LIMIT 1 /*action='index',application='FreightSolutionBackEnd',controller='employees'*/[0m
  ↳ app/controllers/admin/employees_controller.rb:55:in 'Admin::EmployeesController#current_user'
  Rendered layout layouts/admin.html.erb (Duration: 3.6ms | GC: 0.0ms)
Completed 200 OK in 4ms (Views: 3.4ms | ActiveRecord: 0.6ms (3 queries, 0 cached) | GC: 0.0ms)


Started GET "/admin/employees/1/edit" for 127.0.0.1 at 2026-04-14 15:11:17 +0200
Processing by Admin::EmployeesController#edit as HTML
  Parameters: {"id" => "1"}
  [1m[36mEmployee Load (0.3ms)[0m  [1m[34mSELECT "employees".* FROM "employees" WHERE "employees"."id" = 1 LIMIT 1 /*action='edit',application='FreightSolutionBackEnd',controller='employees'*/[0m
  ↳ app/controllers/admin/employees_controller.rb:28:in 'Admin::EmployeesController#edit'
  Rendering layout layouts/admin.html.erb
  Rendering admin/employees/edit.html.erb within layouts/admin
  Rendered admin/employees/edit.html.erb within layouts/admin (Duration: 1.9ms | GC: 0.0ms)
  [1m[36mUser Load (0.2ms)[0m  [1m[34mSELECT "users".* FROM "users" WHERE "users"."id" = 1 LIMIT 1 /*action='edit',application='FreightSolutionBackEnd',controller='employees'*/[0m
  ↳ app/controllers/admin/employees_controller.rb:55:in 'Admin::EmployeesController#current_user'
  Rendered layout layouts/admin.html.erb (Duration: 3.6ms | GC: 0.5ms)
Completed 200 OK in 6ms (Views: 3.7ms | ActiveRecord: 0.5ms (2 queries, 0 cached) | GC: 0.5ms)


Started GET "/admin/employees" for 127.0.0.1 at 2026-04-14 15:11:19 +0200
Processing by Admin::EmployeesController#index as HTML
  Rendering layout layouts/admin.html.erb
  Rendering admin/employees/index.html.erb within layouts/admin
  [1m[36mEmployee Exists? (0.2ms)[0m  [1m[34mSELECT 1 AS one FROM "employees" LIMIT 1 /*action='index',application='FreightSolutionBackEnd',controller='employees'*/[0m
  ↳ app/views/admin/employees/index.html.erb:17
  [1m[36mEmployee Load (0.1ms)[0m  [1m[34mSELECT "employees".* FROM "employees" ORDER BY "employees"."created_at" DESC /*action='index',application='FreightSolutionBackEnd',controller='employees'*/[0m
  ↳ app/views/admin/employees/index.html.erb:31
  Rendered admin/employees/index.html.erb within layouts/admin (Duration: 2.0ms | GC: 0.0ms)
  [1m[36mUser Load (0.2ms)[0m  [1m[34mSELECT "users".* FROM "users" WHERE "users"."id" = 1 LIMIT 1 /*action='index',application='FreightSolutionBackEnd',controller='employees'*/[0m
  ↳ app/controllers/admin/employees_controller.rb:55:in 'Admin::EmployeesController#current_user'
  Rendered layout layouts/admin.html.erb (Duration: 3.1ms | GC: 0.0ms)
Completed 200 OK in 4ms (Views: 2.9ms | ActiveRecord: 0.5ms (3 queries, 0 cached) | GC: 0.0ms)


Started GET "/admin/employees/1" for 127.0.0.1 at 2026-04-14 15:11:20 +0200
Processing by Admin::EmployeesController#show as HTML
  Parameters: {"id" => "1"}
  [1m[36mEmployee Load (0.3ms)[0m  [1m[34mSELECT "employees".* FROM "employees" WHERE "employees"."id" = 1 LIMIT 1 /*action='show',application='FreightSolutionBackEnd',controller='employees'*/[0m
  ↳ app/controllers/admin/employees_controller.rb:11:in 'Admin::EmployeesController#show'
  Rendering layout layouts/admin.html.erb
  Rendering admin/employees/show.html.erb within layouts/admin
  Rendered admin/employees/show.html.erb within layouts/admin (Duration: 0.8ms | GC: 0.0ms)
  [1m[36mUser Load (0.3ms)[0m  [1m[34mSELECT "users".* FROM "users" WHERE "users"."id" = 1 LIMIT 1 /*action='show',application='FreightSolutionBackEnd',controller='employees'*/[0m
  ↳ app/controllers/admin/employees_controller.rb:55:in 'Admin::EmployeesController#current_user'
  Rendered layout layouts/admin.html.erb (Duration: 2.5ms | GC: 0.0ms)
Completed 200 OK in 5ms (Views: 2.7ms | ActiveRecord: 0.6ms (2 queries, 0 cached) | GC: 0.2ms)


Started GET "/admin/employees" for 127.0.0.1 at 2026-04-14 15:11:26 +0200
Processing by Admin::EmployeesController#index as HTML
  Rendering layout layouts/admin.html.erb
  Rendering admin/employees/index.html.erb within layouts/admin
  [1m[36mEmployee Exists? (0.2ms)[0m  [1m[34mSELECT 1 AS one FROM "employees" LIMIT 1 /*action='index',application='FreightSolutionBackEnd',controller='employees'*/[0m
  ↳ app/views/admin/employees/index.html.erb:17
  [1m[36mEmployee Load (0.2ms)[0m  [1m[34mSELECT "employees".* FROM "employees" ORDER BY "employees"."created_at" DESC /*action='index',application='FreightSolutionBackEnd',controller='employees'*/[0m
  ↳ app/views/admin/employees/index.html.erb:31
  Rendered admin/employees/index.html.erb within layouts/admin (Duration: 2.5ms | GC: 0.0ms)
  [1m[36mUser Load (0.2ms)[0m  [1m[34mSELECT "users".* FROM "users" WHERE "users"."id" = 1 LIMIT 1 /*action='index',application='FreightSolutionBackEnd',controller='employees'*/[0m
  ↳ app/controllers/admin/employees_controller.rb:55:in 'Admin::EmployeesController#current_user'
  Rendered layout layouts/admin.html.erb (Duration: 3.7ms | GC: 0.1ms)
Completed 200 OK in 4ms (Views: 3.5ms | ActiveRecord: 0.6ms (3 queries, 0 cached) | GC: 0.1ms)


Started GET "/admin/employees/new" for 127.0.0.1 at 2026-04-14 15:11:57 +0200
Processing by Admin::EmployeesController#new as HTML
  Rendering layout layouts/admin.html.erb
  Rendering admin/employees/new.html.erb within layouts/admin
  Rendered admin/employees/new.html.erb within layouts/admin (Duration: 1.8ms | GC: 0.0ms)
  [1m[36mUser Load (0.3ms)[0m  [1m[34mSELECT "users".* FROM "users" WHERE "users"."id" = 1 LIMIT 1 /*action='new',application='FreightSolutionBackEnd',controller='employees'*/[0m
  ↳ app/controllers/admin/employees_controller.rb:55:in 'Admin::EmployeesController#current_user'
  Rendered layout layouts/admin.html.erb (Duration: 3.7ms | GC: 0.0ms)
Completed 200 OK in 4ms (Views: 3.6ms | ActiveRecord: 0.3ms (1 query, 0 cached) | GC: 0.0ms)


Started GET "/admin/employees/new" for 127.0.0.1 at 2026-04-14 15:12:38 +0200
Processing by Admin::EmployeesController#new as HTML
  Rendering layout layouts/admin.html.erb
  Rendering admin/employees/new.html.erb within layouts/admin
  Rendered admin/employees/new.html.erb within layouts/admin (Duration: 1.5ms | GC: 0.0ms)
  [1m[36mUser Load (0.1ms)[0m  [1m[34mSELECT "users".* FROM "users" WHERE "users"."id" = 1 LIMIT 1 /*action='new',application='FreightSolutionBackEnd',controller='employees'*/[0m
  ↳ app/controllers/admin/employees_controller.rb:55:in 'Admin::EmployeesController#current_user'
  Rendered layout layouts/admin.html.erb (Duration: 6.2ms | GC: 0.0ms)
Completed 200 OK in 12ms (Views: 6.1ms | ActiveRecord: 2.0ms (1 query, 0 cached) | GC: 0.0ms)


Started GET "/admin/employees" for 127.0.0.1 at 2026-04-14 15:12:40 +0200
Processing by Admin::EmployeesController#index as HTML
  Rendering layout layouts/admin.html.erb
  Rendering admin/employees/index.html.erb within layouts/admin
  [1m[36mEmployee Exists? (0.2ms)[0m  [1m[34mSELECT 1 AS one FROM "employees" LIMIT 1 /*action='index',application='FreightSolutionBackEnd',controller='employees'*/[0m
  ↳ app/views/admin/employees/index.html.erb:17
  [1m[36mEmployee Load (0.2ms)[0m  [1m[34mSELECT "employees".* FROM "employees" ORDER BY "employees"."created_at" DESC /*action='index',application='FreightSolutionBackEnd',controller='employees'*/[0m
  ↳ app/views/admin/employees/index.html.erb:31
  Rendered admin/employees/index.html.erb within layouts/admin (Duration: 2.6ms | GC: 0.0ms)
  [1m[36mUser Load (0.1ms)[0m  [1m[34mSELECT "users".* FROM "users" WHERE "users"."id" = 1 LIMIT 1 /*action='index',application='FreightSolutionBackEnd',controller='employees'*/[0m
  ↳ app/controllers/admin/employees_controller.rb:55:in 'Admin::EmployeesController#current_user'
  Rendered layout layouts/admin.html.erb (Duration: 3.6ms | GC: 0.0ms)
Completed 200 OK in 5ms (Views: 3.5ms | ActiveRecord: 0.5ms (3 queries, 0 cached) | GC: 0.0ms)


Started GET "/admin/employees/new" for 127.0.0.1 at 2026-04-14 15:12:49 +0200
Processing by Admin::EmployeesController#new as HTML
  Rendering layout layouts/admin.html.erb
  Rendering admin/employees/new.html.erb within layouts/admin
  Rendered admin/employees/new.html.erb within layouts/admin (Duration: 1.6ms | GC: 0.0ms)
  [1m[36mUser Load (0.2ms)[0m  [1m[34mSELECT "users".* FROM "users" WHERE "users"."id" = 1 LIMIT 1 /*action='new',application='FreightSolutionBackEnd',controller='employees'*/[0m
  ↳ app/controllers/admin/employees_controller.rb:55:in 'Admin::EmployeesController#current_user'
  Rendered layout layouts/admin.html.erb (Duration: 6.9ms | GC: 0.2ms)
Completed 200 OK in 12ms (Views: 6.8ms | ActiveRecord: 2.1ms (1 query, 0 cached) | GC: 0.3ms)


Started GET "/admin/employees" for 127.0.0.1 at 2026-04-14 15:12:52 +0200
Processing by Admin::EmployeesController#index as HTML
  Rendering layout layouts/admin.html.erb
  Rendering admin/employees/index.html.erb within layouts/admin
  [1m[36mEmployee Exists? (0.2ms)[0m  [1m[34mSELECT 1 AS one FROM "employees" LIMIT 1 /*action='index',application='FreightSolutionBackEnd',controller='employees'*/[0m
  ↳ app/views/admin/employees/index.html.erb:17
  [1m[36mEmployee Load (0.1ms)[0m  [1m[34mSELECT "employees".* FROM "employees" ORDER BY "employees"."created_at" DESC /*action='index',application='FreightSolutionBackEnd',controller='employees'*/[0m
  ↳ app/views/admin/employees/index.html.erb:31
  Rendered admin/employees/index.html.erb within layouts/admin (Duration: 2.5ms | GC: 0.0ms)
  [1m[36mUser Load (0.1ms)[0m  [1m[34mSELECT "users".* FROM "users" WHERE "users"."id" = 1 LIMIT 1 /*action='index',application='FreightSolutionBackEnd',controller='employees'*/[0m
  ↳ app/controllers/admin/employees_controller.rb:55:in 'Admin::EmployeesController#current_user'
  Rendered layout layouts/admin.html.erb (Duration: 3.5ms | GC: 0.0ms)
Completed 200 OK in 5ms (Views: 3.4ms | ActiveRecord: 0.5ms (3 queries, 0 cached) | GC: 0.0ms)


Started GET "/admin/employees/1/edit" for 127.0.0.1 at 2026-04-14 15:12:57 +0200
Processing by Admin::EmployeesController#edit as HTML
  Parameters: {"id" => "1"}
  [1m[36mEmployee Load (0.3ms)[0m  [1m[34mSELECT "employees".* FROM "employees" WHERE "employees"."id" = 1 LIMIT 1 /*action='edit',application='FreightSolutionBackEnd',controller='employees'*/[0m
  ↳ app/controllers/admin/employees_controller.rb:28:in 'Admin::EmployeesController#edit'
  Rendering layout layouts/admin.html.erb
  Rendering admin/employees/edit.html.erb within layouts/admin
  Rendered admin/employees/edit.html.erb within layouts/admin (Duration: 1.6ms | GC: 0.0ms)
  [1m[36mUser Load (0.3ms)[0m  [1m[34mSELECT "users".* FROM "users" WHERE "users"."id" = 1 LIMIT 1 /*action='edit',application='FreightSolutionBackEnd',controller='employees'*/[0m
  ↳ app/controllers/admin/employees_controller.rb:55:in 'Admin::EmployeesController#current_user'
  Rendered layout layouts/admin.html.erb (Duration: 2.9ms | GC: 0.0ms)
Completed 200 OK in 5ms (Views: 3.0ms | ActiveRecord: 0.5ms (2 queries, 0 cached) | GC: 0.0ms)


Started GET "/admin/users" for 127.0.0.1 at 2026-04-14 15:14:01 +0200
Processing by Admin::UsersController#index as HTML
  Rendering layout layouts/admin.html.erb
  Rendering admin/users/index.html.erb within layouts/admin
  [1m[36mUser Exists? (0.1ms)[0m  [1m[34mSELECT 1 AS one FROM "users" LIMIT 1 /*action='index',application='FreightSolutionBackEnd',controller='users'*/[0m
  ↳ app/views/admin/users/index.html.erb:6
  [1m[36mUser Load (0.2ms)[0m  [1m[34mSELECT "users".* FROM "users" ORDER BY "users"."created_at" DESC /*action='index',application='FreightSolutionBackEnd',controller='users'*/[0m
  ↳ app/views/admin/users/index.html.erb:8
  Rendered admin/users/index.html.erb within layouts/admin (Duration: 5.0ms | GC: 0.0ms)
  [1m[36mUser Load (0.2ms)[0m  [1m[34mSELECT "users".* FROM "users" WHERE "users"."id" = 1 LIMIT 1 /*action='index',application='FreightSolutionBackEnd',controller='users'*/[0m
  ↳ app/controllers/admin/base_controller.rb:14:in 'Admin::BaseController#current_user'
  Rendered layout layouts/admin.html.erb (Duration: 6.8ms | GC: 0.0ms)
Completed 200 OK in 10ms (Views: 6.4ms | ActiveRecord: 1.8ms (3 queries, 0 cached) | GC: 0.0ms)


Started GET "/admin/users/1/edit" for 127.0.0.1 at 2026-04-14 15:14:05 +0200
Processing by Admin::UsersController#edit as HTML
  Parameters: {"id" => "1"}
  [1m[36mUser Load (0.3ms)[0m  [1m[34mSELECT "users".* FROM "users" WHERE "users"."id" = 1 LIMIT 1 /*action='edit',application='FreightSolutionBackEnd',controller='users'*/[0m
  ↳ app/controllers/admin/users_controller.rb:24:in 'Admin::UsersController#edit'
  Rendering layout layouts/admin.html.erb
  Rendering admin/users/edit.html.erb within layouts/admin
  Rendered admin/users/edit.html.erb within layouts/admin (Duration: 2.0ms | GC: 0.0ms)
  [1m[36mCACHE User Load (0.0ms)[0m  [1m[34mSELECT "users".* FROM "users" WHERE "users"."id" = 1 LIMIT 1[0m
  ↳ app/controllers/admin/base_controller.rb:14:in 'Admin::BaseController#current_user'
  Rendered layout layouts/admin.html.erb (Duration: 2.9ms | GC: 0.0ms)
Completed 200 OK in 15ms (Views: 3.3ms | ActiveRecord: 0.3ms (2 queries, 1 cached) | GC: 0.0ms)


Started GET "/admin/dashboard" for 127.0.0.1 at 2026-04-14 15:14:10 +0200
Processing by Admin::DashboardController#index as HTML
  [1m[36mEmployee Count (0.2ms)[0m  [1m[34mSELECT COUNT(*) FROM "employees" /*action='index',application='FreightSolutionBackEnd',controller='dashboard'*/[0m
  ↳ app/controllers/admin/dashboard_controller.rb:7:in 'Admin::DashboardController#index'
  [1m[36mVendor Count (0.1ms)[0m  [1m[34mSELECT COUNT(*) FROM "vendors" /*action='index',application='FreightSolutionBackEnd',controller='dashboard'*/[0m
  ↳ app/controllers/admin/dashboard_controller.rb:8:in 'Admin::DashboardController#index'
  [1m[36mShipment Count (0.1ms)[0m  [1m[34mSELECT COUNT(*) FROM "shipments" /*action='index',application='FreightSolutionBackEnd',controller='dashboard'*/[0m
  ↳ app/controllers/admin/dashboard_controller.rb:9:in 'Admin::DashboardController#index'
  [1m[36mInvoice Count (0.1ms)[0m  [1m[34mSELECT COUNT(*) FROM "invoices" /*action='index',application='FreightSolutionBackEnd',controller='dashboard'*/[0m
  ↳ app/controllers/admin/dashboard_controller.rb:10:in 'Admin::DashboardController#index'
  [1m[36mInvoice Sum (0.1ms)[0m  [1m[34mSELECT SUM("invoices"."amount") FROM "invoices" WHERE "invoices"."status" = 'paid' /*action='index',application='FreightSolutionBackEnd',controller='dashboard'*/[0m
  ↳ app/controllers/admin/dashboard_controller.rb:11:in 'Admin::DashboardController#index'
  [1m[36mInvoice Count (0.1ms)[0m  [1m[34mSELECT COUNT(*) FROM "invoices" WHERE "invoices"."status" = 'pending' /*action='index',application='FreightSolutionBackEnd',controller='dashboard'*/[0m
  ↳ app/controllers/admin/dashboard_controller.rb:12:in 'Admin::DashboardController#index'
  Rendering layout layouts/admin.html.erb
  Rendering admin/dashboard/index.html.erb within layouts/admin
  [1m[36mShipment Exists? (0.1ms)[0m  [1m[34mSELECT 1 AS one FROM "shipments" LIMIT 1 /*action='index',application='FreightSolutionBackEnd',controller='dashboard'*/[0m
  ↳ app/views/admin/dashboard/index.html.erb:64
  [1m[36mInvoice Exists? (0.1ms)[0m  [1m[34mSELECT 1 AS one FROM "invoices" LIMIT 1 /*action='index',application='FreightSolutionBackEnd',controller='dashboard'*/[0m
  ↳ app/views/admin/dashboard/index.html.erb:102
  Rendered admin/dashboard/index.html.erb within layouts/admin (Duration: 6.1ms | GC: 4.1ms)
  [1m[36mUser Load (0.2ms)[0m  [1m[34mSELECT "users".* FROM "users" WHERE "users"."id" = 1 LIMIT 1 /*action='index',application='FreightSolutionBackEnd',controller='dashboard'*/[0m
  ↳ app/controllers/admin/dashboard_controller.rb:26:in 'Admin::DashboardController#current_user'
  Rendered layout layouts/admin.html.erb (Duration: 7.4ms | GC: 4.1ms)
Completed 200 OK in 17ms (Views: 7.6ms | ActiveRecord: 2.0ms (9 queries, 0 cached) | GC: 4.1ms)


Started GET "/admin/employees" for 127.0.0.1 at 2026-04-14 15:14:11 +0200
Processing by Admin::EmployeesController#index as HTML
  Rendering layout layouts/admin.html.erb
  Rendering admin/employees/index.html.erb within layouts/admin
  [1m[36mEmployee Exists? (0.2ms)[0m  [1m[34mSELECT 1 AS one FROM "employees" LIMIT 1 /*action='index',application='FreightSolutionBackEnd',controller='employees'*/[0m
  ↳ app/views/admin/employees/index.html.erb:17
  [1m[36mEmployee Load (0.1ms)[0m  [1m[34mSELECT "employees".* FROM "employees" ORDER BY "employees"."created_at" DESC /*action='index',application='FreightSolutionBackEnd',controller='employees'*/[0m
  ↳ app/views/admin/employees/index.html.erb:31
  Rendered admin/employees/index.html.erb within layouts/admin (Duration: 5.0ms | GC: 0.0ms)
  [1m[36mUser Load (0.2ms)[0m  [1m[34mSELECT "users".* FROM "users" WHERE "users"."id" = 1 LIMIT 1 /*action='index',application='FreightSolutionBackEnd',controller='employees'*/[0m
  ↳ app/controllers/admin/employees_controller.rb:55:in 'Admin::EmployeesController#current_user'
  Rendered layout layouts/admin.html.erb (Duration: 6.7ms | GC: 0.6ms)
Completed 200 OK in 10ms (Views: 7.5ms | ActiveRecord: 1.3ms (3 queries, 0 cached) | GC: 1.3ms)


Started GET "/admin/employees" for 127.0.0.1 at 2026-04-14 15:14:17 +0200
Processing by Admin::EmployeesController#index as HTML
  Rendering layout layouts/admin.html.erb
  Rendering admin/employees/index.html.erb within layouts/admin
  [1m[36mEmployee Exists? (0.2ms)[0m  [1m[34mSELECT 1 AS one FROM "employees" LIMIT 1 /*action='index',application='FreightSolutionBackEnd',controller='employees'*/[0m
  ↳ app/views/admin/employees/index.html.erb:17
  [1m[36mEmployee Load (0.2ms)[0m  [1m[34mSELECT "employees".* FROM "employees" ORDER BY "employees"."created_at" DESC /*action='index',application='FreightSolutionBackEnd',controller='employees'*/[0m
  ↳ app/views/admin/employees/index.html.erb:31
  Rendered admin/employees/index.html.erb within layouts/admin (Duration: 2.0ms | GC: 0.0ms)
  [1m[36mUser Load (0.2ms)[0m  [1m[34mSELECT "users".* FROM "users" WHERE "users"."id" = 1 LIMIT 1 /*action='index',application='FreightSolutionBackEnd',controller='employees'*/[0m
  ↳ app/controllers/admin/employees_controller.rb:55:in 'Admin::EmployeesController#current_user'
  Rendered layout layouts/admin.html.erb (Duration: 3.1ms | GC: 0.0ms)
Completed 200 OK in 4ms (Views: 2.9ms | ActiveRecord: 0.5ms (3 queries, 0 cached) | GC: 0.0ms)


Started GET "/admin/employees/1" for 127.0.0.1 at 2026-04-14 15:14:21 +0200
Processing by Admin::EmployeesController#show as HTML
  Parameters: {"id" => "1"}
  [1m[36mEmployee Load (0.3ms)[0m  [1m[34mSELECT "employees".* FROM "employees" WHERE "employees"."id" = 1 LIMIT 1 /*action='show',application='FreightSolutionBackEnd',controller='employees'*/[0m
  ↳ app/controllers/admin/employees_controller.rb:11:in 'Admin::EmployeesController#show'
  Rendering layout layouts/admin.html.erb
  Rendering admin/employees/show.html.erb within layouts/admin
  Rendered admin/employees/show.html.erb within layouts/admin (Duration: 0.5ms | GC: 0.0ms)
  [1m[36mUser Load (0.2ms)[0m  [1m[34mSELECT "users".* FROM "users" WHERE "users"."id" = 1 LIMIT 1 /*action='show',application='FreightSolutionBackEnd',controller='employees'*/[0m
  ↳ app/controllers/admin/employees_controller.rb:55:in 'Admin::EmployeesController#current_user'
  Rendered layout layouts/admin.html.erb (Duration: 1.8ms | GC: 0.0ms)
Completed 200 OK in 4ms (Views: 1.9ms | ActiveRecord: 0.5ms (2 queries, 0 cached) | GC: 0.0ms)


Started GET "/.well-known/appspecific/com.chrome.devtools.json" for 127.0.0.1 at 2026-04-14 15:14:26 +0200
  
ActionController::RoutingError (No route matches [GET] "/.well-known/appspecific/com.chrome.devtools.json"):
  
Started GET "/admin/employees/1" for 127.0.0.1 at 2026-04-14 15:16:30 +0200
Processing by Admin::EmployeesController#show as HTML
  Parameters: {"id" => "1"}
  [1m[36mEmployee Load (0.2ms)[0m  [1m[34mSELECT "employees".* FROM "employees" WHERE "employees"."id" = 1 LIMIT 1 /*action='show',application='FreightSolutionBackEnd',controller='employees'*/[0m
  ↳ app/controllers/admin/employees_controller.rb:11:in 'Admin::EmployeesController#show'
  Rendering layout layouts/admin.html.erb
  Rendering admin/employees/show.html.erb within layouts/admin
  Rendered admin/employees/show.html.erb within layouts/admin (Duration: 0.7ms | GC: 0.0ms)
  [1m[36mUser Load (0.2ms)[0m  [1m[34mSELECT "users".* FROM "users" WHERE "users"."id" = 1 LIMIT 1 /*action='show',application='FreightSolutionBackEnd',controller='employees'*/[0m
  ↳ app/controllers/admin/employees_controller.rb:55:in 'Admin::EmployeesController#current_user'
  Rendered layout layouts/admin.html.erb (Duration: 7.3ms | GC: 0.6ms)
Completed 200 OK in 26ms (Views: 17.1ms | ActiveRecord: 2.6ms (2 queries, 0 cached) | GC: 1.1ms)


Started GET "/admin/vendors" for 127.0.0.1 at 2026-04-14 15:16:36 +0200
Processing by Admin::VendorsController#index as HTML
  Rendering layout layouts/admin.html.erb
  Rendering admin/vendors/index.html.erb within layouts/admin
  [1m[36mVendor Exists? (0.2ms)[0m  [1m[34mSELECT 1 AS one FROM "vendors" LIMIT 1 /*action='index',application='FreightSolutionBackEnd',controller='vendors'*/[0m
  ↳ app/views/admin/vendors/index.html.erb:17
  Rendered admin/vendors/index.html.erb within layouts/admin (Duration: 1.5ms | GC: 0.0ms)
  [1m[36mUser Load (0.1ms)[0m  [1m[34mSELECT "users".* FROM "users" WHERE "users"."id" = 1 LIMIT 1 /*action='index',application='FreightSolutionBackEnd',controller='vendors'*/[0m
  ↳ app/controllers/admin/base_controller.rb:14:in 'Admin::BaseController#current_user'
  Rendered layout layouts/admin.html.erb (Duration: 7.0ms | GC: 0.0ms)
Completed 200 OK in 10ms (Views: 6.6ms | ActiveRecord: 2.0ms (2 queries, 0 cached) | GC: 0.0ms)


Started GET "/admin/users" for 127.0.0.1 at 2026-04-14 15:16:36 +0200
Processing by Admin::UsersController#index as HTML
  Rendering layout layouts/admin.html.erb
  Rendering admin/users/index.html.erb within layouts/admin
  [1m[36mUser Exists? (0.3ms)[0m  [1m[34mSELECT 1 AS one FROM "users" LIMIT 1 /*action='index',application='FreightSolutionBackEnd',controller='users'*/[0m
  ↳ app/views/admin/users/index.html.erb:6
  [1m[36mUser Load (0.2ms)[0m  [1m[34mSELECT "users".* FROM "users" ORDER BY "users"."created_at" DESC /*action='index',application='FreightSolutionBackEnd',controller='users'*/[0m
  ↳ app/views/admin/users/index.html.erb:8
  Rendered admin/users/index.html.erb within layouts/admin (Duration: 3.2ms | GC: 0.0ms)
  [1m[36mUser Load (0.4ms)[0m  [1m[34mSELECT "users".* FROM "users" WHERE "users"."id" = 1 LIMIT 1 /*action='index',application='FreightSolutionBackEnd',controller='users'*/[0m
  ↳ app/controllers/admin/base_controller.rb:14:in 'Admin::BaseController#current_user'
  Rendered layout layouts/admin.html.erb (Duration: 5.0ms | GC: 0.0ms)
Completed 200 OK in 6ms (Views: 4.6ms | ActiveRecord: 0.8ms (3 queries, 0 cached) | GC: 0.0ms)


Started GET "/admin/dashboard" for 127.0.0.1 at 2026-04-14 15:16:38 +0200
Processing by Admin::DashboardController#index as HTML
  [1m[36mEmployee Count (0.2ms)[0m  [1m[34mSELECT COUNT(*) FROM "employees" /*action='index',application='FreightSolutionBackEnd',controller='dashboard'*/[0m
  ↳ app/controllers/admin/dashboard_controller.rb:7:in 'Admin::DashboardController#index'
  [1m[36mVendor Count (0.1ms)[0m  [1m[34mSELECT COUNT(*) FROM "vendors" /*action='index',application='FreightSolutionBackEnd',controller='dashboard'*/[0m
  ↳ app/controllers/admin/dashboard_controller.rb:8:in 'Admin::DashboardController#index'
  [1m[36mShipment Count (0.1ms)[0m  [1m[34mSELECT COUNT(*) FROM "shipments" /*action='index',application='FreightSolutionBackEnd',controller='dashboard'*/[0m
  ↳ app/controllers/admin/dashboard_controller.rb:9:in 'Admin::DashboardController#index'
  [1m[36mInvoice Count (0.1ms)[0m  [1m[34mSELECT COUNT(*) FROM "invoices" /*action='index',application='FreightSolutionBackEnd',controller='dashboard'*/[0m
  ↳ app/controllers/admin/dashboard_controller.rb:10:in 'Admin::DashboardController#index'
  [1m[36mInvoice Sum (0.1ms)[0m  [1m[34mSELECT SUM("invoices"."amount") FROM "invoices" WHERE "invoices"."status" = 'paid' /*action='index',application='FreightSolutionBackEnd',controller='dashboard'*/[0m
  ↳ app/controllers/admin/dashboard_controller.rb:11:in 'Admin::DashboardController#index'
  [1m[36mInvoice Count (0.1ms)[0m  [1m[34mSELECT COUNT(*) FROM "invoices" WHERE "invoices"."status" = 'pending' /*action='index',application='FreightSolutionBackEnd',controller='dashboard'*/[0m
  ↳ app/controllers/admin/dashboard_controller.rb:12:in 'Admin::DashboardController#index'
  Rendering layout layouts/admin.html.erb
  Rendering admin/dashboard/index.html.erb within layouts/admin
  [1m[36mShipment Exists? (0.2ms)[0m  [1m[34mSELECT 1 AS one FROM "shipments" LIMIT 1 /*action='index',application='FreightSolutionBackEnd',controller='dashboard'*/[0m
  ↳ app/views/admin/dashboard/index.html.erb:64
  [1m[36mInvoice Exists? (0.1ms)[0m  [1m[34mSELECT 1 AS one FROM "invoices" LIMIT 1 /*action='index',application='FreightSolutionBackEnd',controller='dashboard'*/[0m
  ↳ app/views/admin/dashboard/index.html.erb:102
  Rendered admin/dashboard/index.html.erb within layouts/admin (Duration: 2.3ms | GC: 0.0ms)
  [1m[36mUser Load (0.1ms)[0m  [1m[34mSELECT "users".* FROM "users" WHERE "users"."id" = 1 LIMIT 1 /*action='index',application='FreightSolutionBackEnd',controller='dashboard'*/[0m
  ↳ app/controllers/admin/dashboard_controller.rb:26:in 'Admin::DashboardController#current_user'
  Rendered layout layouts/admin.html.erb (Duration: 3.5ms | GC: 0.0ms)
Completed 200 OK in 12ms (Views: 3.8ms | ActiveRecord: 2.0ms (9 queries, 0 cached) | GC: 0.0ms)


Started GET "/admin/dashboard" for 127.0.0.1 at 2026-04-14 15:16:40 +0200
Processing by Admin::DashboardController#index as HTML
  [1m[36mEmployee Count (0.2ms)[0m  [1m[34mSELECT COUNT(*) FROM "employees" /*action='index',application='FreightSolutionBackEnd',controller='dashboard'*/[0m
  ↳ app/controllers/admin/dashboard_controller.rb:7:in 'Admin::DashboardController#index'
  [1m[36mVendor Count (0.2ms)[0m  [1m[34mSELECT COUNT(*) FROM "vendors" /*action='index',application='FreightSolutionBackEnd',controller='dashboard'*/[0m
  ↳ app/controllers/admin/dashboard_controller.rb:8:in 'Admin::DashboardController#index'
  [1m[36mShipment Count (0.1ms)[0m  [1m[34mSELECT COUNT(*) FROM "shipments" /*action='index',application='FreightSolutionBackEnd',controller='dashboard'*/[0m
  ↳ app/controllers/admin/dashboard_controller.rb:9:in 'Admin::DashboardController#index'
  [1m[36mInvoice Count (0.1ms)[0m  [1m[34mSELECT COUNT(*) FROM "invoices" /*action='index',application='FreightSolutionBackEnd',controller='dashboard'*/[0m
  ↳ app/controllers/admin/dashboard_controller.rb:10:in 'Admin::DashboardController#index'
  [1m[36mInvoice Sum (0.1ms)[0m  [1m[34mSELECT SUM("invoices"."amount") FROM "invoices" WHERE "invoices"."status" = 'paid' /*action='index',application='FreightSolutionBackEnd',controller='dashboard'*/[0m
  ↳ app/controllers/admin/dashboard_controller.rb:11:in 'Admin::DashboardController#index'
  [1m[36mInvoice Count (0.1ms)[0m  [1m[34mSELECT COUNT(*) FROM "invoices" WHERE "invoices"."status" = 'pending' /*action='index',application='FreightSolutionBackEnd',controller='dashboard'*/[0m
  ↳ app/controllers/admin/dashboard_controller.rb:12:in 'Admin::DashboardController#index'
  Rendering layout layouts/admin.html.erb
  Rendering admin/dashboard/index.html.erb within layouts/admin
  [1m[36mShipment Exists? (0.1ms)[0m  [1m[34mSELECT 1 AS one FROM "shipments" LIMIT 1 /*action='index',application='FreightSolutionBackEnd',controller='dashboard'*/[0m
  ↳ app/views/admin/dashboard/index.html.erb:64
  [1m[36mInvoice Exists? (0.1ms)[0m  [1m[34mSELECT 1 AS one FROM "invoices" LIMIT 1 /*action='index',application='FreightSolutionBackEnd',controller='dashboard'*/[0m
  ↳ app/views/admin/dashboard/index.html.erb:102
  Rendered admin/dashboard/index.html.erb within layouts/admin (Duration: 1.3ms | GC: 0.0ms)
  [1m[36mUser Load (0.1ms)[0m  [1m[34mSELECT "users".* FROM "users" WHERE "users"."id" = 1 LIMIT 1 /*action='index',application='FreightSolutionBackEnd',controller='dashboard'*/[0m
  ↳ app/controllers/admin/dashboard_controller.rb:26:in 'Admin::DashboardController#current_user'
  Rendered layout layouts/admin.html.erb (Duration: 2.3ms | GC: 0.0ms)
Completed 200 OK in 7ms (Views: 2.4ms | ActiveRecord: 0.9ms (9 queries, 0 cached) | GC: 0.0ms)


Started GET "/admin/vendors" for 127.0.0.1 at 2026-04-14 15:16:40 +0200
Processing by Admin::VendorsController#index as */*
  Rendering layout layouts/admin.html.erb
  Rendering admin/vendors/index.html.erb within layouts/admin
  [1m[36mVendor Exists? (0.2ms)[0m  [1m[34mSELECT 1 AS one FROM "vendors" LIMIT 1 /*action='index',application='FreightSolutionBackEnd',controller='vendors'*/[0m
  ↳ app/views/admin/vendors/index.html.erb:17
  Rendered admin/vendors/index.html.erb within layouts/admin (Duration: 1.2ms | GC: 0.0ms)
  [1m[36mUser Load (0.2ms)[0m  [1m[34mSELECT "users".* FROM "users" WHERE "users"."id" = 1 LIMIT 1 /*action='index',application='FreightSolutionBackEnd',controller='vendors'*/[0m
  ↳ app/controllers/admin/base_controller.rb:14:in 'Admin::BaseController#current_user'
  Rendered layout layouts/admin.html.erb (Duration: 2.2ms | GC: 0.0ms)
Completed 200 OK in 3ms (Views: 2.4ms | ActiveRecord: 0.4ms (2 queries, 0 cached) | GC: 0.0ms)


Started GET "/admin/employees" for 127.0.0.1 at 2026-04-14 15:17:23 +0200
Processing by Admin::EmployeesController#index as HTML
  Rendering layout layouts/admin.html.erb
  Rendering admin/employees/index.html.erb within layouts/admin
  [1m[36mEmployee Exists? (0.2ms)[0m  [1m[34mSELECT 1 AS one FROM "employees" LIMIT 1 /*action='index',application='FreightSolutionBackEnd',controller='employees'*/[0m
  ↳ app/views/admin/employees/index.html.erb:17
  [1m[36mEmployee Load (0.1ms)[0m  [1m[34mSELECT "employees".* FROM "employees" ORDER BY "employees"."created_at" DESC /*action='index',application='FreightSolutionBackEnd',controller='employees'*/[0m
  ↳ app/views/admin/employees/index.html.erb:31
  Rendered admin/employees/index.html.erb within layouts/admin (Duration: 4.8ms | GC: 0.0ms)
  [1m[36mUser Load (0.1ms)[0m  [1m[34mSELECT "users".* FROM "users" WHERE "users"."id" = 1 LIMIT 1 /*action='index',application='FreightSolutionBackEnd',controller='employees'*/[0m
  ↳ app/controllers/admin/employees_controller.rb:55:in 'Admin::EmployeesController#current_user'
  Rendered layout layouts/admin.html.erb (Duration: 6.5ms | GC: 0.6ms)
Completed 200 OK in 10ms (Views: 7.7ms | ActiveRecord: 1.5ms (3 queries, 0 cached) | GC: 1.7ms)


Started GET "/admin/employees/new" for 127.0.0.1 at 2026-04-14 15:17:28 +0200
Processing by Admin::EmployeesController#new as HTML
  Rendering layout layouts/admin.html.erb
  Rendering admin/employees/new.html.erb within layouts/admin
  Rendered admin/employees/new.html.erb within layouts/admin (Duration: 2.5ms | GC: 0.6ms)
  [1m[36mUser Load (0.2ms)[0m  [1m[34mSELECT "users".* FROM "users" WHERE "users"."id" = 1 LIMIT 1 /*action='new',application='FreightSolutionBackEnd',controller='employees'*/[0m
  ↳ app/controllers/admin/employees_controller.rb:55:in 'Admin::EmployeesController#current_user'
  Rendered layout layouts/admin.html.erb (Duration: 3.8ms | GC: 0.6ms)
Completed 200 OK in 5ms (Views: 3.9ms | ActiveRecord: 0.2ms (1 query, 0 cached) | GC: 0.6ms)


Started GET "/admin/employees" for 127.0.0.1 at 2026-04-14 15:17:31 +0200
Processing by Admin::EmployeesController#index as HTML
  Rendering layout layouts/admin.html.erb
  Rendering admin/employees/index.html.erb within layouts/admin
  [1m[36mEmployee Exists? (0.2ms)[0m  [1m[34mSELECT 1 AS one FROM "employees" LIMIT 1 /*action='index',application='FreightSolutionBackEnd',controller='employees'*/[0m
  ↳ app/views/admin/employees/index.html.erb:17
  [1m[36mEmployee Load (0.2ms)[0m  [1m[34mSELECT "employees".* FROM "employees" ORDER BY "employees"."created_at" DESC /*action='index',application='FreightSolutionBackEnd',controller='employees'*/[0m
  ↳ app/views/admin/employees/index.html.erb:31
  Rendered admin/employees/index.html.erb within layouts/admin (Duration: 2.2ms | GC: 0.0ms)
  [1m[36mUser Load (0.2ms)[0m  [1m[34mSELECT "users".* FROM "users" WHERE "users"."id" = 1 LIMIT 1 /*action='index',application='FreightSolutionBackEnd',controller='employees'*/[0m
  ↳ app/controllers/admin/employees_controller.rb:55:in 'Admin::EmployeesController#current_user'
  Rendered layout layouts/admin.html.erb (Duration: 3.4ms | GC: 0.0ms)
Completed 200 OK in 4ms (Views: 3.1ms | ActiveRecord: 0.5ms (3 queries, 0 cached) | GC: 0.0ms)


Started GET "/admin/employees/1/edit" for 127.0.0.1 at 2026-04-14 15:17:32 +0200
Processing by Admin::EmployeesController#edit as HTML
  Parameters: {"id" => "1"}
  [1m[36mEmployee Load (0.2ms)[0m  [1m[34mSELECT "employees".* FROM "employees" WHERE "employees"."id" = 1 LIMIT 1 /*action='edit',application='FreightSolutionBackEnd',controller='employees'*/[0m
  ↳ app/controllers/admin/employees_controller.rb:28:in 'Admin::EmployeesController#edit'
  Rendering layout layouts/admin.html.erb
  Rendering admin/employees/edit.html.erb within layouts/admin
  Rendered admin/employees/edit.html.erb within layouts/admin (Duration: 1.6ms | GC: 0.0ms)
  [1m[36mUser Load (0.2ms)[0m  [1m[34mSELECT "users".* FROM "users" WHERE "users"."id" = 1 LIMIT 1 /*action='edit',application='FreightSolutionBackEnd',controller='employees'*/[0m
  ↳ app/controllers/admin/employees_controller.rb:55:in 'Admin::EmployeesController#current_user'
  Rendered layout layouts/admin.html.erb (Duration: 2.9ms | GC: 0.0ms)
Completed 200 OK in 5ms (Views: 3.0ms | ActiveRecord: 0.4ms (2 queries, 0 cached) | GC: 0.0ms)


Started GET "/admin/vendors" for 127.0.0.1 at 2026-04-14 15:17:34 +0200
Processing by Admin::VendorsController#index as HTML
  Rendering layout layouts/admin.html.erb
  Rendering admin/vendors/index.html.erb within layouts/admin
  [1m[36mVendor Exists? (0.3ms)[0m  [1m[34mSELECT 1 AS one FROM "vendors" LIMIT 1 /*action='index',application='FreightSolutionBackEnd',controller='vendors'*/[0m
  ↳ app/views/admin/vendors/index.html.erb:17
  Rendered admin/vendors/index.html.erb within layouts/admin (Duration: 1.2ms | GC: 0.0ms)
  [1m[36mUser Load (0.2ms)[0m  [1m[34mSELECT "users".* FROM "users" WHERE "users"."id" = 1 LIMIT 1 /*action='index',application='FreightSolutionBackEnd',controller='vendors'*/[0m
  ↳ app/controllers/admin/base_controller.rb:14:in 'Admin::BaseController#current_user'
  Rendered layout layouts/admin.html.erb (Duration: 2.3ms | GC: 0.0ms)
Completed 200 OK in 3ms (Views: 2.2ms | ActiveRecord: 0.4ms (2 queries, 0 cached) | GC: 0.0ms)


Started GET "/admin/vendors/new" for 127.0.0.1 at 2026-04-14 15:17:36 +0200
Processing by Admin::VendorsController#new as HTML
  Rendering layout layouts/admin.html.erb
  Rendering admin/vendors/new.html.erb within layouts/admin
  Rendered admin/vendors/new.html.erb within layouts/admin (Duration: 1.9ms | GC: 0.0ms)
  [1m[36mUser Load (0.3ms)[0m  [1m[34mSELECT "users".* FROM "users" WHERE "users"."id" = 1 LIMIT 1 /*action='new',application='FreightSolutionBackEnd',controller='vendors'*/[0m
  ↳ app/controllers/admin/base_controller.rb:14:in 'Admin::BaseController#current_user'
  Rendered layout layouts/admin.html.erb (Duration: 3.2ms | GC: 0.0ms)
Completed 200 OK in 7ms (Views: 3.3ms | ActiveRecord: 0.6ms (1 query, 0 cached) | GC: 0.5ms)


Started GET "/admin/shipments" for 127.0.0.1 at 2026-04-14 15:17:53 +0200
Processing by Admin::ShipmentsController#index as HTML
  Rendering layout layouts/admin.html.erb
  Rendering admin/shipments/index.html.erb within layouts/admin
  [1m[36mShipment Exists? (0.3ms)[0m  [1m[34mSELECT 1 AS one FROM "shipments" LIMIT 1 /*action='index',application='FreightSolutionBackEnd',controller='shipments'*/[0m
  ↳ app/views/admin/shipments/index.html.erb:16
  Rendered admin/shipments/index.html.erb within layouts/admin (Duration: 1.9ms | GC: 0.0ms)
  [1m[36mUser Load (0.2ms)[0m  [1m[34mSELECT "users".* FROM "users" WHERE "users"."id" = 1 LIMIT 1 /*action='index',application='FreightSolutionBackEnd',controller='shipments'*/[0m
  ↳ app/controllers/admin/base_controller.rb:14:in 'Admin::BaseController#current_user'
  Rendered layout layouts/admin.html.erb (Duration: 3.1ms | GC: 0.0ms)
Completed 200 OK in 4ms (Views: 2.9ms | ActiveRecord: 0.5ms (2 queries, 0 cached) | GC: 0.0ms)


Started GET "/admin/vendors" for 127.0.0.1 at 2026-04-14 15:17:55 +0200
Processing by Admin::VendorsController#index as HTML
  Rendering layout layouts/admin.html.erb
  Rendering admin/vendors/index.html.erb within layouts/admin
  [1m[36mVendor Exists? (0.2ms)[0m  [1m[34mSELECT 1 AS one FROM "vendors" LIMIT 1 /*action='index',application='FreightSolutionBackEnd',controller='vendors'*/[0m
  ↳ app/views/admin/vendors/index.html.erb:17
  Rendered admin/vendors/index.html.erb within layouts/admin (Duration: 1.2ms | GC: 0.0ms)
  [1m[36mUser Load (0.2ms)[0m  [1m[34mSELECT "users".* FROM "users" WHERE "users"."id" = 1 LIMIT 1 /*action='index',application='FreightSolutionBackEnd',controller='vendors'*/[0m
  ↳ app/controllers/admin/base_controller.rb:14:in 'Admin::BaseController#current_user'
  Rendered layout layouts/admin.html.erb (Duration: 2.3ms | GC: 0.0ms)
Completed 200 OK in 3ms (Views: 2.5ms | ActiveRecord: 0.4ms (2 queries, 0 cached) | GC: 0.3ms)


Started GET "/admin/shipments" for 127.0.0.1 at 2026-04-14 15:17:56 +0200
Processing by Admin::ShipmentsController#index as HTML
  Rendering layout layouts/admin.html.erb
  Rendering admin/shipments/index.html.erb within layouts/admin
  [1m[36mShipment Exists? (0.2ms)[0m  [1m[34mSELECT 1 AS one FROM "shipments" LIMIT 1 /*action='index',application='FreightSolutionBackEnd',controller='shipments'*/[0m
  ↳ app/views/admin/shipments/index.html.erb:16
  Rendered admin/shipments/index.html.erb within layouts/admin (Duration: 1.4ms | GC: 0.0ms)
  [1m[36mUser Load (0.2ms)[0m  [1m[34mSELECT "users".* FROM "users" WHERE "users"."id" = 1 LIMIT 1 /*action='index',application='FreightSolutionBackEnd',controller='shipments'*/[0m
  ↳ app/controllers/admin/base_controller.rb:14:in 'Admin::BaseController#current_user'
  Rendered layout layouts/admin.html.erb (Duration: 2.6ms | GC: 0.0ms)
Completed 200 OK in 3ms (Views: 2.5ms | ActiveRecord: 0.4ms (2 queries, 0 cached) | GC: 0.0ms)


Started GET "/admin/invoices" for 127.0.0.1 at 2026-04-14 15:17:56 +0200
Processing by Admin::InvoicesController#index as HTML
  Rendering layout layouts/admin.html.erb
  Rendering admin/invoices/index.html.erb within layouts/admin
  [1m[36mInvoice Exists? (0.3ms)[0m  [1m[34mSELECT 1 AS one FROM "invoices" LIMIT 1 /*action='index',application='FreightSolutionBackEnd',controller='invoices'*/[0m
  ↳ app/views/admin/invoices/index.html.erb:9
  Rendered admin/invoices/index.html.erb within layouts/admin (Duration: 2.5ms | GC: 0.0ms)
  [1m[36mUser Load (0.4ms)[0m  [1m[34mSELECT "users".* FROM "users" WHERE "users"."id" = 1 LIMIT 1 /*action='index',application='FreightSolutionBackEnd',controller='invoices'*/[0m
  ↳ app/controllers/admin/base_controller.rb:14:in 'Admin::BaseController#current_user'
  Rendered layout layouts/admin.html.erb (Duration: 5.1ms | GC: 0.3ms)
Completed 200 OK in 7ms (Views: 5.4ms | ActiveRecord: 0.7ms (2 queries, 0 cached) | GC: 0.3ms)


Started GET "/admin/invoices/new" for 127.0.0.1 at 2026-04-14 15:17:58 +0200
Processing by Admin::InvoicesController#new as HTML
  Rendering layout layouts/admin.html.erb
  Rendering admin/invoices/new.html.erb within layouts/admin
  [1m[36mVendor Load (0.2ms)[0m  [1m[34mSELECT "vendors".* FROM "vendors" /*action='new',application='FreightSolutionBackEnd',controller='invoices'*/[0m
  ↳ app/views/admin/invoices/new.html.erb:7
  Rendered admin/invoices/new.html.erb within layouts/admin (Duration: 3.4ms | GC: 0.3ms)
  [1m[36mUser Load (0.3ms)[0m  [1m[34mSELECT "users".* FROM "users" WHERE "users"."id" = 1 LIMIT 1 /*action='new',application='FreightSolutionBackEnd',controller='invoices'*/[0m
  ↳ app/controllers/admin/base_controller.rb:14:in 'Admin::BaseController#current_user'
  Rendered layout layouts/admin.html.erb (Duration: 4.8ms | GC: 0.3ms)
Completed 200 OK in 8ms (Views: 4.6ms | ActiveRecord: 0.8ms (2 queries, 0 cached) | GC: 0.3ms)


