  [1m[35mSQL (0.2ms)[0m  [1m[35mSET search_path TO public /*application='FreightSolutionBackEnd'*/[0m
  [1m[35m (92.3ms)[0m  [1m[35mCREATE DATABASE "freight_solution_back_end_development" ENCODING = 'unicode' /*application='FreightSolutionBackEnd'*/[0m
  [1m[35m (4.3ms)[0m  [1m[35mCREATE TABLE "schema_migrations" ("version" character varying NOT NULL PRIMARY KEY) /*application='FreightSolutionBackEnd'*/[0m
  [1m[35m (2.1ms)[0m  [1m[35mCREATE TABLE "ar_internal_metadata" ("key" character varying NOT NULL PRIMARY KEY, "value" character varying, "created_at" timestamp(6) NOT NULL, "updated_at" timestamp(6) NOT NULL) /*application='FreightSolutionBackEnd'*/[0m
  [1m[35m (0.1ms)[0m  [1m[34mSELECT pg_try_advisory_lock(393442119656133765) /*application='FreightSolutionBackEnd'*/[0m
  [1m[36mActiveRecord::SchemaMigration Load (0.5ms)[0m  [1m[34mSELECT "schema_migrations"."version" FROM "schema_migrations" ORDER BY "schema_migrations"."version" ASC /*application='FreightSolutionBackEnd'*/[0m
  [1m[36mActiveRecord::InternalMetadata Load (0.5ms)[0m  [1m[34mSELECT * FROM "ar_internal_metadata" WHERE "ar_internal_metadata"."key" = 'environment' ORDER BY "ar_internal_metadata"."key" ASC LIMIT 1 /*application='FreightSolutionBackEnd'*/[0m
  [1m[36mActiveRecord::InternalMetadata Create (0.6ms)[0m  [1m[32mINSERT INTO "ar_internal_metadata" ("key", "value", "created_at", "updated_at") VALUES ('environment', 'development', '2026-04-14 11:22:43.087744', '2026-04-14 11:22:43.087747') RETURNING "key" /*application='FreightSolutionBackEnd'*/[0m
  [1m[35m (0.1ms)[0m  [1m[34mSELECT pg_advisory_unlock(393442119656133765) /*application='FreightSolutionBackEnd'*/[0m
  [1m[36mActiveRecord::SchemaMigration Load (0.1ms)[0m  [1m[34mSELECT "schema_migrations"."version" FROM "schema_migrations" ORDER BY "schema_migrations"."version" ASC /*application='FreightSolutionBackEnd'*/[0m
  [1m[35mSQL (0.0ms)[0m  [1m[35mSET search_path TO public /*application='FreightSolutionBackEnd'*/[0m
  [1m[35mSQL (0.0ms)[0m  [1m[35mSET search_path TO "$user", public /*application='FreightSolutionBackEnd'*/[0m
  [1m[35mSQL (0.0ms)[0m  [1m[35mSET search_path TO public /*application='FreightSolutionBackEnd'*/[0m
  [1m[35mSQL (0.0ms)[0m  [1m[35mSET search_path TO "$user", public /*application='FreightSolutionBackEnd'*/[0m
Started GET "/" for 127.0.0.1 at 2026-04-14 13:22:52 +0200
  [1m[36mActiveRecord::SchemaMigration Load (0.4ms)[0m  [1m[34mSELECT "schema_migrations"."version" FROM "schema_migrations" ORDER BY "schema_migrations"."version" ASC /*application='FreightSolutionBackEnd'*/[0m
Processing by Rails::WelcomeController#index as HTML
  Rendering /home/felender7/.local/share/mise/installs/ruby/3.4.9/lib/ruby/gems/3.4.0/gems/railties-8.1.3/lib/rails/templates/rails/welcome/index.html.erb
  Rendered /home/felender7/.local/share/mise/installs/ruby/3.4.9/lib/ruby/gems/3.4.0/gems/railties-8.1.3/lib/rails/templates/rails/welcome/index.html.erb (Duration: 0.9ms | GC: 0.0ms)
Completed 200 OK in 15ms (Views: 6.5ms | ActiveRecord: 0.0ms (0 queries, 0 cached) | GC: 0.0ms)


Started GET "/icon.png" for 127.0.0.1 at 2026-04-14 13:22:54 +0200
  
ActionController::RoutingError (No route matches [GET] "/icon.png"):
  
Started GET "/" for 127.0.0.1 at 2026-04-14 13:22:59 +0200
Processing by Rails::WelcomeController#index as HTML
  Rendering /home/felender7/.local/share/mise/installs/ruby/3.4.9/lib/ruby/gems/3.4.0/gems/railties-8.1.3/lib/rails/templates/rails/welcome/index.html.erb
  Rendered /home/felender7/.local/share/mise/installs/ruby/3.4.9/lib/ruby/gems/3.4.0/gems/railties-8.1.3/lib/rails/templates/rails/welcome/index.html.erb (Duration: 0.0ms | GC: 0.0ms)
Completed 200 OK in 0ms (Views: 0.3ms | ActiveRecord: 0.0ms (0 queries, 0 cached) | GC: 0.0ms)


Started OPTIONS "/api/v1/auth/login" for ::1 at 2026-04-14 13:45:40 +0200
  
ActionController::RoutingError (No route matches [OPTIONS] "/api/v1/auth/login"):
  
Started OPTIONS "/api/v1/auth/login" for ::1 at 2026-04-14 13:45:43 +0200
  
ActionController::RoutingError (No route matches [OPTIONS] "/api/v1/auth/login"):
  
  [1m[35mSQL (0.0ms)[0m  [1m[35mSET search_path TO public /*application='FreightSolutionBackEnd'*/[0m
  [1m[35m (17.2ms)[0m  [1m[35mCREATE DATABASE "freight_solution_back_end_development" ENCODING = 'unicode' /*application='FreightSolutionBackEnd'*/[0m
  [1m[35mSQL (0.0ms)[0m  [1m[35mSET search_path TO public /*application='FreightSolutionBackEnd'*/[0m
  [1m[35m (23.8ms)[0m  [1m[35mCREATE DATABASE "freight_solution_back_end_test" ENCODING = 'unicode' /*application='FreightSolutionBackEnd'*/[0m
  [1m[35m (0.0ms)[0m  [1m[34mSELECT pg_try_advisory_lock(393442119656133765) /*application='FreightSolutionBackEnd'*/[0m
  [1m[36mActiveRecord::SchemaMigration Load (0.3ms)[0m  [1m[34mSELECT "schema_migrations"."version" FROM "schema_migrations" ORDER BY "schema_migrations"."version" ASC /*application='FreightSolutionBackEnd'*/[0m
  [1m[36mActiveRecord::InternalMetadata Load (0.3ms)[0m  [1m[34mSELECT * FROM "ar_internal_metadata" WHERE "ar_internal_metadata"."key" = 'environment' ORDER BY "ar_internal_metadata"."key" ASC LIMIT 1 /*application='FreightSolutionBackEnd'*/[0m
Migrating to CreateUsers (20260414115027)
  [1m[36mTRANSACTION (0.0ms)[0m  [1m[35mBEGIN /*application='FreightSolutionBackEnd'*/[0m
  [1m[35m (4.3ms)[0m  [1m[35mCREATE TABLE "users" ("id" bigserial primary key, "email" character varying, "password_digest" character varying, "first_name" character varying, "last_name" character varying, "role" character varying, "must_update_password" boolean, "created_at" timestamp(6) NOT NULL, "updated_at" timestamp(6) NOT NULL) /*application='FreightSolutionBackEnd'*/[0m
  [1m[36mActiveRecord::SchemaMigration Create (0.7ms)[0m  [1m[32mINSERT INTO "schema_migrations" ("version") VALUES ('20260414115027') RETURNING "version" /*application='FreightSolutionBackEnd'*/[0m
  [1m[36mTRANSACTION (0.5ms)[0m  [1m[35mCOMMIT /*application='FreightSolutionBackEnd'*/[0m
  [1m[35m (0.2ms)[0m  [1m[34mSELECT pg_advisory_unlock(393442119656133765) /*application='FreightSolutionBackEnd'*/[0m
  [1m[36mActiveRecord::SchemaMigration Load (0.1ms)[0m  [1m[34mSELECT "schema_migrations"."version" FROM "schema_migrations" ORDER BY "schema_migrations"."version" ASC /*application='FreightSolutionBackEnd'*/[0m
  [1m[35mSQL (0.0ms)[0m  [1m[35mSET search_path TO public /*application='FreightSolutionBackEnd'*/[0m
  [1m[35mSQL (0.0ms)[0m  [1m[35mSET search_path TO "$user", public /*application='FreightSolutionBackEnd'*/[0m
  [1m[35mSQL (0.0ms)[0m  [1m[35mSET search_path TO public /*application='FreightSolutionBackEnd'*/[0m
  [1m[35mSQL (0.0ms)[0m  [1m[35mSET search_path TO "$user", public /*application='FreightSolutionBackEnd'*/[0m
  [1m[36mActiveRecord::SchemaMigration Load (0.2ms)[0m  [1m[34mSELECT "schema_migrations"."version" FROM "schema_migrations" ORDER BY "schema_migrations"."version" ASC /*application='FreightSolutionBackEnd'*/[0m
  [1m[36mUser Load (0.4ms)[0m  [1m[34mSELECT "users".* FROM "users" WHERE "users"."email" = 'felender7@gmail.com' LIMIT 1 /*application='FreightSolutionBackEnd'*/[0m
  [1m[36mTRANSACTION (0.1ms)[0m  [1m[35mBEGIN /*application='FreightSolutionBackEnd'*/[0m
  [1m[36mUser Exists? (0.2ms)[0m  [1m[34mSELECT 1 AS one FROM "users" WHERE "users"."email" = 'felender7@gmail.com' LIMIT 1 /*application='FreightSolutionBackEnd'*/[0m
  [1m[36mUser Create (0.4ms)[0m  [1m[32mINSERT INTO "users" ("email", "password_digest", "first_name", "last_name", "role", "must_update_password", "created_at", "updated_at") VALUES ('felender7@gmail.com', '$2a$12$SA7zzB9jPKVXZ9n6wmHJoOZvyEi.plds1z52wlAHuqxDj14UgKPyC', 'Felender', 'Nukeri', 'admin', TRUE, '2026-04-14 11:52:43.857624', '2026-04-14 11:52:43.857624') RETURNING "id" /*application='FreightSolutionBackEnd'*/[0m
  [1m[36mTRANSACTION (10.7ms)[0m  [1m[35mCOMMIT /*application='FreightSolutionBackEnd'*/[0m
  [1m[36mUser Load (0.3ms)[0m  [1m[34mSELECT "users".* FROM "users" ORDER BY "users"."id" ASC LIMIT 1 /*application='FreightSolutionBackEnd'*/[0m
  [1m[36mUser Load (0.4ms)[0m  [1m[34mSELECT "users".* FROM "users" WHERE "users"."email" = 'felender7@gmail.com' LIMIT 1 /*application='FreightSolutionBackEnd'*/[0m
  [1m[36mUser Load (0.2ms)[0m  [1m[34mSELECT "users".* FROM "users" WHERE "users"."email" = 'felender7@gmail.com' LIMIT 1 /*application='FreightSolutionBackEnd'*/[0m
Started GET "/" for ::1 at 2026-04-14 13:54:00 +0200
  [1m[36mActiveRecord::SchemaMigration Load (0.2ms)[0m  [1m[34mSELECT "schema_migrations"."version" FROM "schema_migrations" ORDER BY "schema_migrations"."version" ASC /*application='FreightSolutionBackEnd'*/[0m
Processing by Rails::WelcomeController#index as HTML
  Rendering /home/felender7/.local/share/mise/installs/ruby/3.4.9/lib/ruby/gems/3.4.0/gems/railties-8.1.3/lib/rails/templates/rails/welcome/index.html.erb
  Rendered /home/felender7/.local/share/mise/installs/ruby/3.4.9/lib/ruby/gems/3.4.0/gems/railties-8.1.3/lib/rails/templates/rails/welcome/index.html.erb (Duration: 0.4ms | GC: 0.0ms)
Completed 200 OK in 2ms (Views: 1.1ms | ActiveRecord: 0.0ms (0 queries, 0 cached) | GC: 0.0ms)


Started GET "/icon.png" for ::1 at 2026-04-14 13:54:01 +0200
  
ActionController::RoutingError (No route matches [GET] "/icon.png"):
  
Started GET "/" for ::1 at 2026-04-14 13:54:02 +0200
Processing by Rails::WelcomeController#index as HTML
  Rendering /home/felender7/.local/share/mise/installs/ruby/3.4.9/lib/ruby/gems/3.4.0/gems/railties-8.1.3/lib/rails/templates/rails/welcome/index.html.erb
  Rendered /home/felender7/.local/share/mise/installs/ruby/3.4.9/lib/ruby/gems/3.4.0/gems/railties-8.1.3/lib/rails/templates/rails/welcome/index.html.erb (Duration: 0.0ms | GC: 0.0ms)
Completed 200 OK in 0ms (Views: 0.3ms | ActiveRecord: 0.0ms (0 queries, 0 cached) | GC: 0.0ms)


Started GET "/" for ::1 at 2026-04-14 13:54:03 +0200
Processing by Rails::WelcomeController#index as HTML
  Rendering /home/felender7/.local/share/mise/installs/ruby/3.4.9/lib/ruby/gems/3.4.0/gems/railties-8.1.3/lib/rails/templates/rails/welcome/index.html.erb
  Rendered /home/felender7/.local/share/mise/installs/ruby/3.4.9/lib/ruby/gems/3.4.0/gems/railties-8.1.3/lib/rails/templates/rails/welcome/index.html.erb (Duration: 0.0ms | GC: 0.0ms)
Completed 200 OK in 1ms (Views: 0.4ms | ActiveRecord: 0.0ms (0 queries, 0 cached) | GC: 0.0ms)


Started GET "/admin" for ::1 at 2026-04-14 13:54:10 +0200
  
ActionController::RoutingError (No route matches [GET] "/admin"):
  
Started GET "/favicon.ico" for ::1 at 2026-04-14 13:54:11 +0200
  
ActionController::RoutingError (No route matches [GET] "/favicon.ico"):
  
Started GET "/api/v1/auth/login" for ::1 at 2026-04-14 13:54:31 +0200
  
ActionController::RoutingError (No route matches [GET] "/api/v1/auth/login"):
  
Started GET "/api/v1/auth/login" for ::1 at 2026-04-14 13:54:40 +0200
  
ActionController::RoutingError (No route matches [GET] "/api/v1/auth/login"):
  
Started OPTIONS "/api/v1/auth/login" for ::1 at 2026-04-14 13:55:28 +0200
  
ActionController::RoutingError (No route matches [OPTIONS] "/api/v1/auth/login"):
  
Started OPTIONS "/api/v1/auth/login" for ::1 at 2026-04-14 13:55:37 +0200
  
ActionController::RoutingError (No route matches [OPTIONS] "/api/v1/auth/login"):
  
Started OPTIONS "/api/v1/auth/login" for ::1 at 2026-04-14 13:55:37 +0200
  
ActionController::RoutingError (No route matches [OPTIONS] "/api/v1/auth/login"):
  
Started OPTIONS "/api/v1/auth/login" for ::1 at 2026-04-14 13:55:38 +0200
  
ActionController::RoutingError (No route matches [OPTIONS] "/api/v1/auth/login"):
  
Started GET "/" for ::1 at 2026-04-14 13:56:37 +0200
Processing by Rails::WelcomeController#index as HTML
  Rendering /home/felender7/.local/share/mise/installs/ruby/3.4.9/lib/ruby/gems/3.4.0/gems/railties-8.1.3/lib/rails/templates/rails/welcome/index.html.erb
  Rendered /home/felender7/.local/share/mise/installs/ruby/3.4.9/lib/ruby/gems/3.4.0/gems/railties-8.1.3/lib/rails/templates/rails/welcome/index.html.erb (Duration: 0.1ms | GC: 0.0ms)
Completed 200 OK in 1ms (Views: 0.5ms | ActiveRecord: 0.0ms (0 queries, 0 cached) | GC: 0.0ms)


Started GET "/api/v1/auth/login" for ::1 at 2026-04-14 13:56:44 +0200
  
ActionController::RoutingError (No route matches [GET] "/api/v1/auth/login"):
  
Generating image variants require the image_processing gem. Please add `gem "image_processing", "~> 1.2"` to your Gemfile or set `config.active_storage.variant_processor = :disabled`.
Generating image variants require the image_processing gem. Please add `gem "image_processing", "~> 1.2"` to your Gemfile or set `config.active_storage.variant_processor = :disabled`.
Generating image variants require the image_processing gem. Please add `gem "image_processing", "~> 1.2"` to your Gemfile or set `config.active_storage.variant_processor = :disabled`.
Generating image variants require the image_processing gem. Please add `gem "image_processing", "~> 1.2"` to your Gemfile or set `config.active_storage.variant_processor = :disabled`.
Generating image variants require the image_processing gem. Please add `gem "image_processing", "~> 1.2"` to your Gemfile or set `config.active_storage.variant_processor = :disabled`.
Generating image variants require the image_processing gem. Please add `gem "image_processing", "~> 1.2"` to your Gemfile or set `config.active_storage.variant_processor = :disabled`.
Generating image variants require the image_processing gem. Please add `gem "image_processing", "~> 1.2"` to your Gemfile or set `config.active_storage.variant_processor = :disabled`.
Generating image variants require the image_processing gem. Please add `gem "image_processing", "~> 1.2"` to your Gemfile or set `config.active_storage.variant_processor = :disabled`.
Generating image variants require the image_processing gem. Please add `gem "image_processing", "~> 1.2"` to your Gemfile or set `config.active_storage.variant_processor = :disabled`.
Generating image variants require the image_processing gem. Please add `gem "image_processing", "~> 1.2"` to your Gemfile or set `config.active_storage.variant_processor = :disabled`.
Generating image variants require the image_processing gem. Please add `gem "image_processing", "~> 1.2"` to your Gemfile or set `config.active_storage.variant_processor = :disabled`.
Generating image variants require the image_processing gem. Please add `gem "image_processing", "~> 1.2"` to your Gemfile or set `config.active_storage.variant_processor = :disabled`.
Generating image variants require the image_processing gem. Please add `gem "image_processing", "~> 1.2"` to your Gemfile or set `config.active_storage.variant_processor = :disabled`.
  [1m[35m (0.5ms)[0m  [1m[34mSELECT pg_try_advisory_lock(393442119656133765) /*application='FreightSolutionBackEnd'*/[0m
  [1m[36mActiveRecord::SchemaMigration Load (0.5ms)[0m  [1m[34mSELECT "schema_migrations"."version" FROM "schema_migrations" ORDER BY "schema_migrations"."version" ASC /*application='FreightSolutionBackEnd'*/[0m
  [1m[36mActiveRecord::InternalMetadata Load (0.4ms)[0m  [1m[34mSELECT * FROM "ar_internal_metadata" WHERE "ar_internal_metadata"."key" = 'environment' ORDER BY "ar_internal_metadata"."key" ASC LIMIT 1 /*application='FreightSolutionBackEnd'*/[0m
Migrating to CreateEmployees (20260414120100)
  [1m[36mTRANSACTION (0.1ms)[0m  [1m[35mBEGIN /*application='FreightSolutionBackEnd'*/[0m
  [1m[35m (10.3ms)[0m  [1m[35mCREATE TABLE "employees" ("id" bigserial primary key, "first_name" character varying, "last_name" character varying, "email" character varying, "phone" character varying, "position" character varying, "department" character varying, "salary" decimal, "hire_date" date, "created_at" timestamp(6) NOT NULL, "updated_at" timestamp(6) NOT NULL) /*application='FreightSolutionBackEnd'*/[0m
  [1m[36mActiveRecord::SchemaMigration Create (0.2ms)[0m  [1m[32mINSERT INTO "schema_migrations" ("version") VALUES ('20260414120100') RETURNING "version" /*application='FreightSolutionBackEnd'*/[0m
  [1m[36mTRANSACTION (0.5ms)[0m  [1m[35mCOMMIT /*application='FreightSolutionBackEnd'*/[0m
Migrating to CreateVendors (20260414120101)
  [1m[36mTRANSACTION (0.1ms)[0m  [1m[35mBEGIN /*application='FreightSolutionBackEnd'*/[0m
  [1m[35m (3.2ms)[0m  [1m[35mCREATE TABLE "vendors" ("id" bigserial primary key, "name" character varying, "email" character varying, "phone" character varying, "address" text, "bank_reference" character varying, "status" character varying, "created_at" timestamp(6) NOT NULL, "updated_at" timestamp(6) NOT NULL) /*application='FreightSolutionBackEnd'*/[0m
  [1m[36mActiveRecord::SchemaMigration Create (0.2ms)[0m  [1m[32mINSERT INTO "schema_migrations" ("version") VALUES ('20260414120101') RETURNING "version" /*application='FreightSolutionBackEnd'*/[0m
  [1m[36mTRANSACTION (0.3ms)[0m  [1m[35mCOMMIT /*application='FreightSolutionBackEnd'*/[0m
Migrating to CreateShipments (20260414120107)
  [1m[36mTRANSACTION (0.1ms)[0m  [1m[35mBEGIN /*application='FreightSolutionBackEnd'*/[0m
  [1m[35m (3.8ms)[0m  [1m[35mCREATE TABLE "shipments" ("id" bigserial primary key, "container_number" character varying, "booking_reference" character varying, "origin" character varying, "destination" character varying, "status" character varying, "ship_date" date, "estimated_arrival" date, "created_at" timestamp(6) NOT NULL, "updated_at" timestamp(6) NOT NULL) /*application='FreightSolutionBackEnd'*/[0m
  [1m[36mActiveRecord::SchemaMigration Create (0.1ms)[0m  [1m[32mINSERT INTO "schema_migrations" ("version") VALUES ('20260414120107') RETURNING "version" /*application='FreightSolutionBackEnd'*/[0m
  [1m[36mTRANSACTION (0.3ms)[0m  [1m[35mCOMMIT /*application='FreightSolutionBackEnd'*/[0m
Migrating to CreateInvoices (20260414120113)
  [1m[36mTRANSACTION (0.1ms)[0m  [1m[35mBEGIN /*application='FreightSolutionBackEnd'*/[0m
  [1m[35m (3.8ms)[0m  [1m[35mCREATE TABLE "invoices" ("id" bigserial primary key, "invoice_number" character varying, "vendor_id" integer, "amount" decimal, "status" character varying, "due_date" date, "paid_date" date, "created_at" timestamp(6) NOT NULL, "updated_at" timestamp(6) NOT NULL) /*application='FreightSolutionBackEnd'*/[0m
  [1m[36mActiveRecord::SchemaMigration Create (0.1ms)[0m  [1m[32mINSERT INTO "schema_migrations" ("version") VALUES ('20260414120113') RETURNING "version" /*application='FreightSolutionBackEnd'*/[0m
  [1m[36mTRANSACTION (0.4ms)[0m  [1m[35mCOMMIT /*application='FreightSolutionBackEnd'*/[0m
  [1m[35m (0.1ms)[0m  [1m[34mSELECT pg_advisory_unlock(393442119656133765) /*application='FreightSolutionBackEnd'*/[0m
  [1m[36mActiveRecord::SchemaMigration Load (0.1ms)[0m  [1m[34mSELECT "schema_migrations"."version" FROM "schema_migrations" ORDER BY "schema_migrations"."version" ASC /*application='FreightSolutionBackEnd'*/[0m
  [1m[35mSQL (0.0ms)[0m  [1m[35mSET search_path TO public /*application='FreightSolutionBackEnd'*/[0m
  [1m[35mSQL (0.0ms)[0m  [1m[35mSET search_path TO "$user", public /*application='FreightSolutionBackEnd'*/[0m
  [1m[35mSQL (0.1ms)[0m  [1m[35mSET search_path TO public /*application='FreightSolutionBackEnd'*/[0m
  [1m[35mSQL (0.0ms)[0m  [1m[35mSET search_path TO "$user", public /*application='FreightSolutionBackEnd'*/[0m
Generating image variants require the image_processing gem. Please add `gem "image_processing", "~> 1.2"` to your Gemfile or set `config.active_storage.variant_processor = :disabled`.
Generating image variants require the image_processing gem. Please add `gem "image_processing", "~> 1.2"` to your Gemfile or set `config.active_storage.variant_processor = :disabled`.
Generating image variants require the image_processing gem. Please add `gem "image_processing", "~> 1.2"` to your Gemfile or set `config.active_storage.variant_processor = :disabled`.
Started GET "/" for 127.0.0.1 at 2026-04-14 14:14:51 +0200
  [1m[36mActiveRecord::SchemaMigration Load (0.5ms)[0m  [1m[34mSELECT "schema_migrations"."version" FROM "schema_migrations" ORDER BY "schema_migrations"."version" ASC /*application='FreightSolutionBackEnd'*/[0m
  
ArgumentError (Before process_action callback :authenticate_request has not been defined):
  
app/controllers/admin_controller.rb:2:in '<class:AdminController>'
app/controllers/admin_controller.rb:1:in '<main>'
Started GET "/favicon.ico" for 127.0.0.1 at 2026-04-14 14:14:53 +0200
  
ActionController::RoutingError (No route matches [GET] "/favicon.ico"):
  
Started GET "/" for 127.0.0.1 at 2026-04-14 14:15:02 +0200
  
ArgumentError (Before process_action callback :authenticate_request has not been defined):
  
app/controllers/admin_controller.rb:2:in '<class:AdminController>'
app/controllers/admin_controller.rb:1:in '<main>'
Started GET "/admin/login" for ::1 at 2026-04-14 14:15:06 +0200
  
ArgumentError (Before process_action callback :authenticate_request has not been defined):
  
app/controllers/admin_controller.rb:2:in '<class:AdminController>'
app/controllers/admin_controller.rb:1:in '<main>'
Started GET "/dashboard/stats" for ::1 at 2026-04-14 14:15:27 +0200
  
ActionController::RoutingError (No route matches [GET] "/dashboard/stats"):
  
Generating image variants require the image_processing gem. Please add `gem "image_processing", "~> 1.2"` to your Gemfile or set `config.active_storage.variant_processor = :disabled`.
Started GET "/admin/login" for ::1 at 2026-04-14 14:16:46 +0200
  
NoMethodError (undefined method 'layout' for class AdminController):
  
app/controllers/admin_controller.rb:3:in '<class:AdminController>'
app/controllers/admin_controller.rb:1:in '<main>'
Started GET "/admin/login" for ::1 at 2026-04-14 14:16:49 +0200
  
NoMethodError (undefined method 'layout' for class AdminController):
  
app/controllers/admin_controller.rb:3:in '<class:AdminController>'
app/controllers/admin_controller.rb:1:in '<main>'
Started GET "/favicon.ico" for ::1 at 2026-04-14 14:16:49 +0200
  
ActionController::RoutingError (No route matches [GET] "/favicon.ico"):
  
Started GET "/admin/login" for ::1 at 2026-04-14 14:16:49 +0200
  
NoMethodError (undefined method 'layout' for class AdminController):
  
app/controllers/admin_controller.rb:3:in '<class:AdminController>'
app/controllers/admin_controller.rb:1:in '<main>'
Started GET "/admin/login" for ::1 at 2026-04-14 14:16:50 +0200
  
NoMethodError (undefined method 'layout' for class AdminController):
  
app/controllers/admin_controller.rb:3:in '<class:AdminController>'
app/controllers/admin_controller.rb:1:in '<main>'
Started GET "/favicon.ico" for ::1 at 2026-04-14 14:16:50 +0200
  
ActionController::RoutingError (No route matches [GET] "/favicon.ico"):
  
Generating image variants require the image_processing gem. Please add `gem "image_processing", "~> 1.2"` to your Gemfile or set `config.active_storage.variant_processor = :disabled`.
Started GET "/" for ::1 at 2026-04-14 14:17:05 +0200
  [1m[36mActiveRecord::SchemaMigration Load (0.3ms)[0m  [1m[34mSELECT "schema_migrations"."version" FROM "schema_migrations" ORDER BY "schema_migrations"."version" ASC /*application='FreightSolutionBackEnd'*/[0m
  
NoMethodError (undefined method 'layout' for class AdminController):
  
app/controllers/admin_controller.rb:3:in '<class:AdminController>'
app/controllers/admin_controller.rb:1:in '<main>'
Started GET "/favicon.ico" for ::1 at 2026-04-14 14:17:07 +0200
  
ActionController::RoutingError (No route matches [GET] "/favicon.ico"):
  
Generating image variants require the image_processing gem. Please add `gem "image_processing", "~> 1.2"` to your Gemfile or set `config.active_storage.variant_processor = :disabled`.
  [1m[35m (0.1ms)[0m  [1m[34mSELECT pg_try_advisory_lock(393442119656133765) /*application='FreightSolutionBackEnd'*/[0m
  [1m[36mActiveRecord::SchemaMigration Load (0.4ms)[0m  [1m[34mSELECT "schema_migrations"."version" FROM "schema_migrations" ORDER BY "schema_migrations"."version" ASC /*application='FreightSolutionBackEnd'*/[0m
  [1m[36mActiveRecord::InternalMetadata Load (0.3ms)[0m  [1m[34mSELECT * FROM "ar_internal_metadata" WHERE "ar_internal_metadata"."key" = 'environment' ORDER BY "ar_internal_metadata"."key" ASC LIMIT 1 /*application='FreightSolutionBackEnd'*/[0m
  [1m[35m (0.1ms)[0m  [1m[34mSELECT pg_advisory_unlock(393442119656133765) /*application='FreightSolutionBackEnd'*/[0m
  [1m[36mActiveRecord::SchemaMigration Load (0.1ms)[0m  [1m[34mSELECT "schema_migrations"."version" FROM "schema_migrations" ORDER BY "schema_migrations"."version" ASC /*application='FreightSolutionBackEnd'*/[0m
  [1m[35mSQL (0.0ms)[0m  [1m[35mSET search_path TO public /*application='FreightSolutionBackEnd'*/[0m
  [1m[35mSQL (0.1ms)[0m  [1m[35mSET search_path TO "$user", public /*application='FreightSolutionBackEnd'*/[0m
  [1m[35mSQL (0.1ms)[0m  [1m[35mSET search_path TO public /*application='FreightSolutionBackEnd'*/[0m
  [1m[35mSQL (0.1ms)[0m  [1m[35mSET search_path TO "$user", public /*application='FreightSolutionBackEnd'*/[0m
Generating image variants require the image_processing gem. Please add `gem "image_processing", "~> 1.2"` to your Gemfile or set `config.active_storage.variant_processor = :disabled`.
Started GET "/" for ::1 at 2026-04-14 14:17:35 +0200
  [1m[36mActiveRecord::SchemaMigration Load (0.5ms)[0m  [1m[34mSELECT "schema_migrations"."version" FROM "schema_migrations" ORDER BY "schema_migrations"."version" ASC /*application='FreightSolutionBackEnd'*/[0m
  
NoMethodError (undefined method 'layout' for class AdminController):
  
app/controllers/admin_controller.rb:3:in '<class:AdminController>'
app/controllers/admin_controller.rb:1:in '<main>'
Started GET "/" for ::1 at 2026-04-14 14:17:48 +0200
  
NoMethodError (undefined method 'layout' for class AdminController):
  
app/controllers/admin_controller.rb:3:in '<class:AdminController>'
app/controllers/admin_controller.rb:1:in '<main>'
Started GET "/" for ::1 at 2026-04-14 14:18:06 +0200
  
NoMethodError (undefined method 'layout' for class AdminController):
  
app/controllers/admin_controller.rb:3:in '<class:AdminController>'
app/controllers/admin_controller.rb:1:in '<main>'
Generating image variants require the image_processing gem. Please add `gem "image_processing", "~> 1.2"` to your Gemfile or set `config.active_storage.variant_processor = :disabled`.
Generating image variants require the image_processing gem. Please add `gem "image_processing", "~> 1.2"` to your Gemfile or set `config.active_storage.variant_processor = :disabled`.
Started GET "/" for ::1 at 2026-04-14 14:21:51 +0200
Processing by AdminController#login as HTML
  Rendering layout layouts/admin.html.erb
  Rendering admin/login.html.erb within layouts/admin
  Rendered admin/login.html.erb within layouts/admin (Duration: 1.3ms | GC: 0.0ms)
  Rendered layout layouts/admin.html.erb (Duration: 9.0ms | GC: 0.0ms)
Completed 500 Internal Server Error in 19ms (ActiveRecord: 0.0ms (0 queries, 0 cached) | GC: 0.0ms)


  
ActionView::Template::Error (link_tree argument must be a directory)
Caused by: Sprockets::ArgumentError (link_tree argument must be a directory)

Information for: ActionView::Template::Error (link_tree argument must be a directory):
  
sprockets (4.2.2) lib/sprockets/directive_processor.rb:407:in 'Sprockets::DirectiveProcessor#expand_relative_dirname'
sprockets (4.2.2) lib/sprockets/directive_processor.rb:359:in 'Sprockets::DirectiveProcessor#process_link_tree_directive'
sprockets (4.2.2) lib/sprockets/directive_processor.rb:189:in 'block in Sprockets::DirectiveProcessor#process_directives'
sprockets (4.2.2) lib/sprockets/directive_processor.rb:187:in 'Array#each'
sprockets (4.2.2) lib/sprockets/directive_processor.rb:187:in 'Sprockets::DirectiveProcessor#process_directives'
sprockets (4.2.2) lib/sprockets/directive_processor.rb:84:in 'Sprockets::DirectiveProcessor#_call'
sprockets (4.2.2) lib/sprockets/directive_processor.rb:65:in 'Sprockets::DirectiveProcessor#call'
sprockets (4.2.2) lib/sprockets/processor_utils.rb:84:in 'Sprockets::ProcessorUtils#call_processor'
sprockets (4.2.2) lib/sprockets/processor_utils.rb:66:in 'block in Sprockets::ProcessorUtils#call_processors'
sprockets (4.2.2) lib/sprockets/processor_utils.rb:65:in 'Array#reverse_each'
sprockets (4.2.2) lib/sprockets/processor_utils.rb:65:in 'Sprockets::ProcessorUtils#call_processors'
sprockets (4.2.2) lib/sprockets/loader.rb:184:in 'Sprockets::Loader#load_from_unloaded'
sprockets (4.2.2) lib/sprockets/loader.rb:59:in 'block in Sprockets::Loader#load'
sprockets (4.2.2) lib/sprockets/loader.rb:339:in 'Sprockets::Loader#fetch_asset_from_dependency_cache'
sprockets (4.2.2) lib/sprockets/loader.rb:43:in 'Sprockets::Loader#load'
sprockets (4.2.2) lib/sprockets/cached_environment.rb:44:in 'block in Sprockets::CachedEnvironment#load'
concurrent-ruby (1.3.6) lib/concurrent-ruby/concurrent/map.rb:207:in 'block in Concurrent::Map#fetch_or_store'
concurrent-ruby (1.3.6) lib/concurrent-ruby/concurrent/map.rb:187:in 'Concurrent::Map#fetch'
concurrent-ruby (1.3.6) lib/concurrent-ruby/concurrent/map.rb:206:in 'Concurrent::Map#fetch_or_store'
sprockets (4.2.2) lib/sprockets/cached_environment.rb:44:in 'Sprockets::CachedEnvironment#load'
sprockets (4.2.2) lib/sprockets/bundle.rb:27:in 'Sprockets::Bundle.call'
sprockets (4.2.2) lib/sprockets/processor_utils.rb:84:in 'Sprockets::ProcessorUtils#call_processor'
sprockets (4.2.2) lib/sprockets/processor_utils.rb:66:in 'block in Sprockets::ProcessorUtils#call_processors'
sprockets (4.2.2) lib/sprockets/processor_utils.rb:65:in 'Array#reverse_each'
sprockets (4.2.2) lib/sprockets/processor_utils.rb:65:in 'Sprockets::ProcessorUtils#call_processors'
sprockets (4.2.2) lib/sprockets/loader.rb:184:in 'Sprockets::Loader#load_from_unloaded'
sprockets (4.2.2) lib/sprockets/loader.rb:59:in 'block in Sprockets::Loader#load'
sprockets (4.2.2) lib/sprockets/loader.rb:339:in 'Sprockets::Loader#fetch_asset_from_dependency_cache'
sprockets (4.2.2) lib/sprockets/loader.rb:43:in 'Sprockets::Loader#load'
sprockets (4.2.2) lib/sprockets/cached_environment.rb:44:in 'block in Sprockets::CachedEnvironment#load'
concurrent-ruby (1.3.6) lib/concurrent-ruby/concurrent/map.rb:207:in 'block in Concurrent::Map#fetch_or_store'
concurrent-ruby (1.3.6) lib/concurrent-ruby/concurrent/map.rb:187:in 'Concurrent::Map#fetch'
concurrent-ruby (1.3.6) lib/concurrent-ruby/concurrent/map.rb:206:in 'Concurrent::Map#fetch_or_store'
sprockets (4.2.2) lib/sprockets/cached_environment.rb:44:in 'Sprockets::CachedEnvironment#load'
sprockets (4.2.2) lib/sprockets/base.rb:81:in 'Sprockets::Base#find_asset'
sprockets (4.2.2) lib/sprockets/base.rb:88:in 'Sprockets::Base#find_all_linked_assets'
sprockets (4.2.2) lib/sprockets/manifest.rb:125:in 'Enumerator#each'
sprockets (4.2.2) lib/sprockets/manifest.rb:125:in 'Enumerable#to_a'
sprockets (4.2.2) lib/sprockets/manifest.rb:125:in 'block (2 levels) in Sprockets::Manifest#find'
concurrent-ruby (1.3.6) lib/concurrent-ruby/concurrent/executor/safe_task_executor.rb:24:in 'block in Concurrent::SafeTaskExecutor#execute'
concurrent-ruby (1.3.6) lib/concurrent-ruby/concurrent/synchronization/mutex_lockable_object.rb:48:in 'block in Concurrent::Synchronization::MutexLockableObject#synchronize'
concurrent-ruby (1.3.6) lib/concurrent-ruby/concurrent/synchronization/mutex_lockable_object.rb:48:in 'Thread::Mutex#synchronize'
concurrent-ruby (1.3.6) lib/concurrent-ruby/concurrent/synchronization/mutex_lockable_object.rb:48:in 'Concurrent::Synchronization::MutexLockableObject#synchronize'
concurrent-ruby (1.3.6) lib/concurrent-ruby/concurrent/executor/safe_task_executor.rb:22:in 'Concurrent::SafeTaskExecutor#execute'
concurrent-ruby (1.3.6) lib/concurrent-ruby/concurrent/promise.rb:564:in 'block in Concurrent::Promise#realize'
concurrent-ruby (1.3.6) lib/concurrent-ruby/concurrent/executor/ruby_thread_pool_executor.rb:382:in 'Concurrent::RubyThreadPoolExecutor::Worker#run_task'
concurrent-ruby (1.3.6) lib/concurrent-ruby/concurrent/executor/ruby_thread_pool_executor.rb:372:in 'block (3 levels) in Concurrent::RubyThreadPoolExecutor::Worker#create_worker'
<internal:kernel>:168:in 'Kernel#loop'
concurrent-ruby (1.3.6) lib/concurrent-ruby/concurrent/executor/ruby_thread_pool_executor.rb:361:in 'block (2 levels) in Concurrent::RubyThreadPoolExecutor::Worker#create_worker'
concurrent-ruby (1.3.6) lib/concurrent-ruby/concurrent/executor/ruby_thread_pool_executor.rb:358:in 'Kernel#catch'
concurrent-ruby (1.3.6) lib/concurrent-ruby/concurrent/executor/ruby_thread_pool_executor.rb:358:in 'block in Concurrent::RubyThreadPoolExecutor::Worker#create_worker'

Information for cause: Sprockets::ArgumentError (link_tree argument must be a directory):
  
sprockets (4.2.2) lib/sprockets/directive_processor.rb:407:in 'Sprockets::DirectiveProcessor#expand_relative_dirname'
sprockets (4.2.2) lib/sprockets/directive_processor.rb:359:in 'Sprockets::DirectiveProcessor#process_link_tree_directive'
sprockets (4.2.2) lib/sprockets/directive_processor.rb:189:in 'block in Sprockets::DirectiveProcessor#process_directives'
sprockets (4.2.2) lib/sprockets/directive_processor.rb:187:in 'Array#each'
sprockets (4.2.2) lib/sprockets/directive_processor.rb:187:in 'Sprockets::DirectiveProcessor#process_directives'
sprockets (4.2.2) lib/sprockets/directive_processor.rb:84:in 'Sprockets::DirectiveProcessor#_call'
sprockets (4.2.2) lib/sprockets/directive_processor.rb:65:in 'Sprockets::DirectiveProcessor#call'
sprockets (4.2.2) lib/sprockets/processor_utils.rb:84:in 'Sprockets::ProcessorUtils#call_processor'
sprockets (4.2.2) lib/sprockets/processor_utils.rb:66:in 'block in Sprockets::ProcessorUtils#call_processors'
sprockets (4.2.2) lib/sprockets/processor_utils.rb:65:in 'Array#reverse_each'
sprockets (4.2.2) lib/sprockets/processor_utils.rb:65:in 'Sprockets::ProcessorUtils#call_processors'
sprockets (4.2.2) lib/sprockets/loader.rb:184:in 'Sprockets::Loader#load_from_unloaded'
sprockets (4.2.2) lib/sprockets/loader.rb:59:in 'block in Sprockets::Loader#load'
sprockets (4.2.2) lib/sprockets/loader.rb:339:in 'Sprockets::Loader#fetch_asset_from_dependency_cache'
sprockets (4.2.2) lib/sprockets/loader.rb:43:in 'Sprockets::Loader#load'
sprockets (4.2.2) lib/sprockets/cached_environment.rb:44:in 'block in Sprockets::CachedEnvironment#load'
concurrent-ruby (1.3.6) lib/concurrent-ruby/concurrent/map.rb:207:in 'block in Concurrent::Map#fetch_or_store'
concurrent-ruby (1.3.6) lib/concurrent-ruby/concurrent/map.rb:187:in 'Concurrent::Map#fetch'
concurrent-ruby (1.3.6) lib/concurrent-ruby/concurrent/map.rb:206:in 'Concurrent::Map#fetch_or_store'
sprockets (4.2.2) lib/sprockets/cached_environment.rb:44:in 'Sprockets::CachedEnvironment#load'
sprockets (4.2.2) lib/sprockets/bundle.rb:27:in 'Sprockets::Bundle.call'
sprockets (4.2.2) lib/sprockets/processor_utils.rb:84:in 'Sprockets::ProcessorUtils#call_processor'
sprockets (4.2.2) lib/sprockets/processor_utils.rb:66:in 'block in Sprockets::ProcessorUtils#call_processors'
sprockets (4.2.2) lib/sprockets/processor_utils.rb:65:in 'Array#reverse_each'
sprockets (4.2.2) lib/sprockets/processor_utils.rb:65:in 'Sprockets::ProcessorUtils#call_processors'
sprockets (4.2.2) lib/sprockets/loader.rb:184:in 'Sprockets::Loader#load_from_unloaded'
sprockets (4.2.2) lib/sprockets/loader.rb:59:in 'block in Sprockets::Loader#load'
sprockets (4.2.2) lib/sprockets/loader.rb:339:in 'Sprockets::Loader#fetch_asset_from_dependency_cache'
sprockets (4.2.2) lib/sprockets/loader.rb:43:in 'Sprockets::Loader#load'
sprockets (4.2.2) lib/sprockets/cached_environment.rb:44:in 'block in Sprockets::CachedEnvironment#load'
concurrent-ruby (1.3.6) lib/concurrent-ruby/concurrent/map.rb:207:in 'block in Concurrent::Map#fetch_or_store'
concurrent-ruby (1.3.6) lib/concurrent-ruby/concurrent/map.rb:187:in 'Concurrent::Map#fetch'
concurrent-ruby (1.3.6) lib/concurrent-ruby/concurrent/map.rb:206:in 'Concurrent::Map#fetch_or_store'
sprockets (4.2.2) lib/sprockets/cached_environment.rb:44:in 'Sprockets::CachedEnvironment#load'
sprockets (4.2.2) lib/sprockets/base.rb:81:in 'Sprockets::Base#find_asset'
sprockets (4.2.2) lib/sprockets/base.rb:88:in 'Sprockets::Base#find_all_linked_assets'
sprockets (4.2.2) lib/sprockets/manifest.rb:125:in 'Enumerator#each'
sprockets (4.2.2) lib/sprockets/manifest.rb:125:in 'Enumerable#to_a'
sprockets (4.2.2) lib/sprockets/manifest.rb:125:in 'block (2 levels) in Sprockets::Manifest#find'
concurrent-ruby (1.3.6) lib/concurrent-ruby/concurrent/executor/safe_task_executor.rb:24:in 'block in Concurrent::SafeTaskExecutor#execute'
concurrent-ruby (1.3.6) lib/concurrent-ruby/concurrent/synchronization/mutex_lockable_object.rb:48:in 'block in Concurrent::Synchronization::MutexLockableObject#synchronize'
concurrent-ruby (1.3.6) lib/concurrent-ruby/concurrent/synchronization/mutex_lockable_object.rb:48:in 'Thread::Mutex#synchronize'
concurrent-ruby (1.3.6) lib/concurrent-ruby/concurrent/synchronization/mutex_lockable_object.rb:48:in 'Concurrent::Synchronization::MutexLockableObject#synchronize'
concurrent-ruby (1.3.6) lib/concurrent-ruby/concurrent/executor/safe_task_executor.rb:22:in 'Concurrent::SafeTaskExecutor#execute'
concurrent-ruby (1.3.6) lib/concurrent-ruby/concurrent/promise.rb:564:in 'block in Concurrent::Promise#realize'
concurrent-ruby (1.3.6) lib/concurrent-ruby/concurrent/executor/ruby_thread_pool_executor.rb:382:in 'Concurrent::RubyThreadPoolExecutor::Worker#run_task'
concurrent-ruby (1.3.6) lib/concurrent-ruby/concurrent/executor/ruby_thread_pool_executor.rb:372:in 'block (3 levels) in Concurrent::RubyThreadPoolExecutor::Worker#create_worker'
<internal:kernel>:168:in 'Kernel#loop'
concurrent-ruby (1.3.6) lib/concurrent-ruby/concurrent/executor/ruby_thread_pool_executor.rb:361:in 'block (2 levels) in Concurrent::RubyThreadPoolExecutor::Worker#create_worker'
concurrent-ruby (1.3.6) lib/concurrent-ruby/concurrent/executor/ruby_thread_pool_executor.rb:358:in 'Kernel#catch'
concurrent-ruby (1.3.6) lib/concurrent-ruby/concurrent/executor/ruby_thread_pool_executor.rb:358:in 'block in Concurrent::RubyThreadPoolExecutor::Worker#create_worker'
Started GET "/" for ::1 at 2026-04-14 14:21:54 +0200
Processing by AdminController#login as HTML
  Rendering layout layouts/admin.html.erb
  Rendering admin/login.html.erb within layouts/admin
  Rendered admin/login.html.erb within layouts/admin (Duration: 0.6ms | GC: 0.0ms)
  Rendered layout layouts/admin.html.erb (Duration: 5.0ms | GC: 0.0ms)
Completed 500 Internal Server Error in 6ms (ActiveRecord: 0.0ms (0 queries, 0 cached) | GC: 0.0ms)


  
ActionView::Template::Error (link_tree argument must be a directory)
Caused by: Sprockets::ArgumentError (link_tree argument must be a directory)

Information for: ActionView::Template::Error (link_tree argument must be a directory):
  
sprockets (4.2.2) lib/sprockets/directive_processor.rb:407:in 'Sprockets::DirectiveProcessor#expand_relative_dirname'
sprockets (4.2.2) lib/sprockets/directive_processor.rb:359:in 'Sprockets::DirectiveProcessor#process_link_tree_directive'
sprockets (4.2.2) lib/sprockets/directive_processor.rb:189:in 'block in Sprockets::DirectiveProcessor#process_directives'
sprockets (4.2.2) lib/sprockets/directive_processor.rb:187:in 'Array#each'
sprockets (4.2.2) lib/sprockets/directive_processor.rb:187:in 'Sprockets::DirectiveProcessor#process_directives'
sprockets (4.2.2) lib/sprockets/directive_processor.rb:84:in 'Sprockets::DirectiveProcessor#_call'
sprockets (4.2.2) lib/sprockets/directive_processor.rb:65:in 'Sprockets::DirectiveProcessor#call'
sprockets (4.2.2) lib/sprockets/processor_utils.rb:84:in 'Sprockets::ProcessorUtils#call_processor'
sprockets (4.2.2) lib/sprockets/processor_utils.rb:66:in 'block in Sprockets::ProcessorUtils#call_processors'
sprockets (4.2.2) lib/sprockets/processor_utils.rb:65:in 'Array#reverse_each'
sprockets (4.2.2) lib/sprockets/processor_utils.rb:65:in 'Sprockets::ProcessorUtils#call_processors'
sprockets (4.2.2) lib/sprockets/loader.rb:184:in 'Sprockets::Loader#load_from_unloaded'
sprockets (4.2.2) lib/sprockets/loader.rb:59:in 'block in Sprockets::Loader#load'
sprockets (4.2.2) lib/sprockets/loader.rb:339:in 'Sprockets::Loader#fetch_asset_from_dependency_cache'
sprockets (4.2.2) lib/sprockets/loader.rb:43:in 'Sprockets::Loader#load'
sprockets (4.2.2) lib/sprockets/cached_environment.rb:44:in 'block in Sprockets::CachedEnvironment#load'
concurrent-ruby (1.3.6) lib/concurrent-ruby/concurrent/map.rb:207:in 'block in Concurrent::Map#fetch_or_store'
concurrent-ruby (1.3.6) lib/concurrent-ruby/concurrent/map.rb:187:in 'Concurrent::Map#fetch'
concurrent-ruby (1.3.6) lib/concurrent-ruby/concurrent/map.rb:206:in 'Concurrent::Map#fetch_or_store'
sprockets (4.2.2) lib/sprockets/cached_environment.rb:44:in 'Sprockets::CachedEnvironment#load'
sprockets (4.2.2) lib/sprockets/bundle.rb:27:in 'Sprockets::Bundle.call'
sprockets (4.2.2) lib/sprockets/processor_utils.rb:84:in 'Sprockets::ProcessorUtils#call_processor'
sprockets (4.2.2) lib/sprockets/processor_utils.rb:66:in 'block in Sprockets::ProcessorUtils#call_processors'
sprockets (4.2.2) lib/sprockets/processor_utils.rb:65:in 'Array#reverse_each'
sprockets (4.2.2) lib/sprockets/processor_utils.rb:65:in 'Sprockets::ProcessorUtils#call_processors'
sprockets (4.2.2) lib/sprockets/loader.rb:184:in 'Sprockets::Loader#load_from_unloaded'
sprockets (4.2.2) lib/sprockets/loader.rb:59:in 'block in Sprockets::Loader#load'
sprockets (4.2.2) lib/sprockets/loader.rb:339:in 'Sprockets::Loader#fetch_asset_from_dependency_cache'
sprockets (4.2.2) lib/sprockets/loader.rb:43:in 'Sprockets::Loader#load'
sprockets (4.2.2) lib/sprockets/cached_environment.rb:44:in 'block in Sprockets::CachedEnvironment#load'
concurrent-ruby (1.3.6) lib/concurrent-ruby/concurrent/map.rb:207:in 'block in Concurrent::Map#fetch_or_store'
concurrent-ruby (1.3.6) lib/concurrent-ruby/concurrent/map.rb:187:in 'Concurrent::Map#fetch'
concurrent-ruby (1.3.6) lib/concurrent-ruby/concurrent/map.rb:206:in 'Concurrent::Map#fetch_or_store'
sprockets (4.2.2) lib/sprockets/cached_environment.rb:44:in 'Sprockets::CachedEnvironment#load'
sprockets (4.2.2) lib/sprockets/base.rb:81:in 'Sprockets::Base#find_asset'
sprockets (4.2.2) lib/sprockets/base.rb:88:in 'Sprockets::Base#find_all_linked_assets'
sprockets (4.2.2) lib/sprockets/manifest.rb:125:in 'Enumerator#each'
sprockets (4.2.2) lib/sprockets/manifest.rb:125:in 'Enumerable#to_a'
sprockets (4.2.2) lib/sprockets/manifest.rb:125:in 'block (2 levels) in Sprockets::Manifest#find'
concurrent-ruby (1.3.6) lib/concurrent-ruby/concurrent/executor/safe_task_executor.rb:24:in 'block in Concurrent::SafeTaskExecutor#execute'
concurrent-ruby (1.3.6) lib/concurrent-ruby/concurrent/synchronization/mutex_lockable_object.rb:48:in 'block in Concurrent::Synchronization::MutexLockableObject#synchronize'
concurrent-ruby (1.3.6) lib/concurrent-ruby/concurrent/synchronization/mutex_lockable_object.rb:48:in 'Thread::Mutex#synchronize'
concurrent-ruby (1.3.6) lib/concurrent-ruby/concurrent/synchronization/mutex_lockable_object.rb:48:in 'Concurrent::Synchronization::MutexLockableObject#synchronize'
concurrent-ruby (1.3.6) lib/concurrent-ruby/concurrent/executor/safe_task_executor.rb:22:in 'Concurrent::SafeTaskExecutor#execute'
concurrent-ruby (1.3.6) lib/concurrent-ruby/concurrent/promise.rb:564:in 'block in Concurrent::Promise#realize'
concurrent-ruby (1.3.6) lib/concurrent-ruby/concurrent/executor/ruby_thread_pool_executor.rb:382:in 'Concurrent::RubyThreadPoolExecutor::Worker#run_task'
concurrent-ruby (1.3.6) lib/concurrent-ruby/concurrent/executor/ruby_thread_pool_executor.rb:372:in 'block (3 levels) in Concurrent::RubyThreadPoolExecutor::Worker#create_worker'
<internal:kernel>:168:in 'Kernel#loop'
concurrent-ruby (1.3.6) lib/concurrent-ruby/concurrent/executor/ruby_thread_pool_executor.rb:361:in 'block (2 levels) in Concurrent::RubyThreadPoolExecutor::Worker#create_worker'
concurrent-ruby (1.3.6) lib/concurrent-ruby/concurrent/executor/ruby_thread_pool_executor.rb:358:in 'Kernel#catch'
concurrent-ruby (1.3.6) lib/concurrent-ruby/concurrent/executor/ruby_thread_pool_executor.rb:358:in 'block in Concurrent::RubyThreadPoolExecutor::Worker#create_worker'

Information for cause: Sprockets::ArgumentError (link_tree argument must be a directory):
  
sprockets (4.2.2) lib/sprockets/directive_processor.rb:407:in 'Sprockets::DirectiveProcessor#expand_relative_dirname'
sprockets (4.2.2) lib/sprockets/directive_processor.rb:359:in 'Sprockets::DirectiveProcessor#process_link_tree_directive'
sprockets (4.2.2) lib/sprockets/directive_processor.rb:189:in 'block in Sprockets::DirectiveProcessor#process_directives'
sprockets (4.2.2) lib/sprockets/directive_processor.rb:187:in 'Array#each'
sprockets (4.2.2) lib/sprockets/directive_processor.rb:187:in 'Sprockets::DirectiveProcessor#process_directives'
sprockets (4.2.2) lib/sprockets/directive_processor.rb:84:in 'Sprockets::DirectiveProcessor#_call'
sprockets (4.2.2) lib/sprockets/directive_processor.rb:65:in 'Sprockets::DirectiveProcessor#call'
sprockets (4.2.2) lib/sprockets/processor_utils.rb:84:in 'Sprockets::ProcessorUtils#call_processor'
sprockets (4.2.2) lib/sprockets/processor_utils.rb:66:in 'block in Sprockets::ProcessorUtils#call_processors'
sprockets (4.2.2) lib/sprockets/processor_utils.rb:65:in 'Array#reverse_each'
sprockets (4.2.2) lib/sprockets/processor_utils.rb:65:in 'Sprockets::ProcessorUtils#call_processors'
sprockets (4.2.2) lib/sprockets/loader.rb:184:in 'Sprockets::Loader#load_from_unloaded'
sprockets (4.2.2) lib/sprockets/loader.rb:59:in 'block in Sprockets::Loader#load'
sprockets (4.2.2) lib/sprockets/loader.rb:339:in 'Sprockets::Loader#fetch_asset_from_dependency_cache'
sprockets (4.2.2) lib/sprockets/loader.rb:43:in 'Sprockets::Loader#load'
sprockets (4.2.2) lib/sprockets/cached_environment.rb:44:in 'block in Sprockets::CachedEnvironment#load'
concurrent-ruby (1.3.6) lib/concurrent-ruby/concurrent/map.rb:207:in 'block in Concurrent::Map#fetch_or_store'
concurrent-ruby (1.3.6) lib/concurrent-ruby/concurrent/map.rb:187:in 'Concurrent::Map#fetch'
concurrent-ruby (1.3.6) lib/concurrent-ruby/concurrent/map.rb:206:in 'Concurrent::Map#fetch_or_store'
sprockets (4.2.2) lib/sprockets/cached_environment.rb:44:in 'Sprockets::CachedEnvironment#load'
sprockets (4.2.2) lib/sprockets/bundle.rb:27:in 'Sprockets::Bundle.call'
sprockets (4.2.2) lib/sprockets/processor_utils.rb:84:in 'Sprockets::ProcessorUtils#call_processor'
sprockets (4.2.2) lib/sprockets/processor_utils.rb:66:in 'block in Sprockets::ProcessorUtils#call_processors'
sprockets (4.2.2) lib/sprockets/processor_utils.rb:65:in 'Array#reverse_each'
sprockets (4.2.2) lib/sprockets/processor_utils.rb:65:in 'Sprockets::ProcessorUtils#call_processors'
sprockets (4.2.2) lib/sprockets/loader.rb:184:in 'Sprockets::Loader#load_from_unloaded'
sprockets (4.2.2) lib/sprockets/loader.rb:59:in 'block in Sprockets::Loader#load'
sprockets (4.2.2) lib/sprockets/loader.rb:339:in 'Sprockets::Loader#fetch_asset_from_dependency_cache'
sprockets (4.2.2) lib/sprockets/loader.rb:43:in 'Sprockets::Loader#load'
sprockets (4.2.2) lib/sprockets/cached_environment.rb:44:in 'block in Sprockets::CachedEnvironment#load'
concurrent-ruby (1.3.6) lib/concurrent-ruby/concurrent/map.rb:207:in 'block in Concurrent::Map#fetch_or_store'
concurrent-ruby (1.3.6) lib/concurrent-ruby/concurrent/map.rb:187:in 'Concurrent::Map#fetch'
concurrent-ruby (1.3.6) lib/concurrent-ruby/concurrent/map.rb:206:in 'Concurrent::Map#fetch_or_store'
sprockets (4.2.2) lib/sprockets/cached_environment.rb:44:in 'Sprockets::CachedEnvironment#load'
sprockets (4.2.2) lib/sprockets/base.rb:81:in 'Sprockets::Base#find_asset'
sprockets (4.2.2) lib/sprockets/base.rb:88:in 'Sprockets::Base#find_all_linked_assets'
sprockets (4.2.2) lib/sprockets/manifest.rb:125:in 'Enumerator#each'
sprockets (4.2.2) lib/sprockets/manifest.rb:125:in 'Enumerable#to_a'
sprockets (4.2.2) lib/sprockets/manifest.rb:125:in 'block (2 levels) in Sprockets::Manifest#find'
concurrent-ruby (1.3.6) lib/concurrent-ruby/concurrent/executor/safe_task_executor.rb:24:in 'block in Concurrent::SafeTaskExecutor#execute'
concurrent-ruby (1.3.6) lib/concurrent-ruby/concurrent/synchronization/mutex_lockable_object.rb:48:in 'block in Concurrent::Synchronization::MutexLockableObject#synchronize'
concurrent-ruby (1.3.6) lib/concurrent-ruby/concurrent/synchronization/mutex_lockable_object.rb:48:in 'Thread::Mutex#synchronize'
concurrent-ruby (1.3.6) lib/concurrent-ruby/concurrent/synchronization/mutex_lockable_object.rb:48:in 'Concurrent::Synchronization::MutexLockableObject#synchronize'
concurrent-ruby (1.3.6) lib/concurrent-ruby/concurrent/executor/safe_task_executor.rb:22:in 'Concurrent::SafeTaskExecutor#execute'
concurrent-ruby (1.3.6) lib/concurrent-ruby/concurrent/promise.rb:564:in 'block in Concurrent::Promise#realize'
concurrent-ruby (1.3.6) lib/concurrent-ruby/concurrent/executor/ruby_thread_pool_executor.rb:382:in 'Concurrent::RubyThreadPoolExecutor::Worker#run_task'
concurrent-ruby (1.3.6) lib/concurrent-ruby/concurrent/executor/ruby_thread_pool_executor.rb:372:in 'block (3 levels) in Concurrent::RubyThreadPoolExecutor::Worker#create_worker'
<internal:kernel>:168:in 'Kernel#loop'
concurrent-ruby (1.3.6) lib/concurrent-ruby/concurrent/executor/ruby_thread_pool_executor.rb:361:in 'block (2 levels) in Concurrent::RubyThreadPoolExecutor::Worker#create_worker'
concurrent-ruby (1.3.6) lib/concurrent-ruby/concurrent/executor/ruby_thread_pool_executor.rb:358:in 'Kernel#catch'
concurrent-ruby (1.3.6) lib/concurrent-ruby/concurrent/executor/ruby_thread_pool_executor.rb:358:in 'block in Concurrent::RubyThreadPoolExecutor::Worker#create_worker'
Generating image variants require the image_processing gem. Please add `gem "image_processing", "~> 1.2"` to your Gemfile or set `config.active_storage.variant_processor = :disabled`.
Started GET "/admin/login" for ::1 at 2026-04-14 14:22:21 +0200
  [1m[36mActiveRecord::SchemaMigration Load (0.3ms)[0m  [1m[34mSELECT "schema_migrations"."version" FROM "schema_migrations" ORDER BY "schema_migrations"."version" ASC /*application='FreightSolutionBackEnd'*/[0m
Processing by AdminController#login as HTML
  Rendering layout layouts/admin.html.erb
  Rendering admin/login.html.erb within layouts/admin
  Rendered admin/login.html.erb within layouts/admin (Duration: 2.3ms | GC: 0.0ms)
  Rendered layout layouts/admin.html.erb (Duration: 22.7ms | GC: 13.8ms)
Completed 500 Internal Server Error in 27ms (ActiveRecord: 0.0ms (0 queries, 0 cached) | GC: 13.8ms)


  
ActionView::Template::Error (link_tree argument must be a directory)
Caused by: Sprockets::ArgumentError (link_tree argument must be a directory)

Information for: ActionView::Template::Error (link_tree argument must be a directory):
  
sprockets (4.2.2) lib/sprockets/directive_processor.rb:407:in 'Sprockets::DirectiveProcessor#expand_relative_dirname'
sprockets (4.2.2) lib/sprockets/directive_processor.rb:359:in 'Sprockets::DirectiveProcessor#process_link_tree_directive'
sprockets (4.2.2) lib/sprockets/directive_processor.rb:189:in 'block in Sprockets::DirectiveProcessor#process_directives'
sprockets (4.2.2) lib/sprockets/directive_processor.rb:187:in 'Array#each'
sprockets (4.2.2) lib/sprockets/directive_processor.rb:187:in 'Sprockets::DirectiveProcessor#process_directives'
sprockets (4.2.2) lib/sprockets/directive_processor.rb:84:in 'Sprockets::DirectiveProcessor#_call'
sprockets (4.2.2) lib/sprockets/directive_processor.rb:65:in 'Sprockets::DirectiveProcessor#call'
sprockets (4.2.2) lib/sprockets/processor_utils.rb:84:in 'Sprockets::ProcessorUtils#call_processor'
sprockets (4.2.2) lib/sprockets/processor_utils.rb:66:in 'block in Sprockets::ProcessorUtils#call_processors'
sprockets (4.2.2) lib/sprockets/processor_utils.rb:65:in 'Array#reverse_each'
sprockets (4.2.2) lib/sprockets/processor_utils.rb:65:in 'Sprockets::ProcessorUtils#call_processors'
sprockets (4.2.2) lib/sprockets/loader.rb:184:in 'Sprockets::Loader#load_from_unloaded'
sprockets (4.2.2) lib/sprockets/loader.rb:59:in 'block in Sprockets::Loader#load'
sprockets (4.2.2) lib/sprockets/loader.rb:339:in 'Sprockets::Loader#fetch_asset_from_dependency_cache'
sprockets (4.2.2) lib/sprockets/loader.rb:43:in 'Sprockets::Loader#load'
sprockets (4.2.2) lib/sprockets/cached_environment.rb:44:in 'block in Sprockets::CachedEnvironment#load'
concurrent-ruby (1.3.6) lib/concurrent-ruby/concurrent/map.rb:207:in 'block in Concurrent::Map#fetch_or_store'
concurrent-ruby (1.3.6) lib/concurrent-ruby/concurrent/map.rb:187:in 'Concurrent::Map#fetch'
concurrent-ruby (1.3.6) lib/concurrent-ruby/concurrent/map.rb:206:in 'Concurrent::Map#fetch_or_store'
sprockets (4.2.2) lib/sprockets/cached_environment.rb:44:in 'Sprockets::CachedEnvironment#load'
sprockets (4.2.2) lib/sprockets/bundle.rb:27:in 'Sprockets::Bundle.call'
sprockets (4.2.2) lib/sprockets/processor_utils.rb:84:in 'Sprockets::ProcessorUtils#call_processor'
sprockets (4.2.2) lib/sprockets/processor_utils.rb:66:in 'block in Sprockets::ProcessorUtils#call_processors'
sprockets (4.2.2) lib/sprockets/processor_utils.rb:65:in 'Array#reverse_each'
sprockets (4.2.2) lib/sprockets/processor_utils.rb:65:in 'Sprockets::ProcessorUtils#call_processors'
sprockets (4.2.2) lib/sprockets/loader.rb:184:in 'Sprockets::Loader#load_from_unloaded'
sprockets (4.2.2) lib/sprockets/loader.rb:59:in 'block in Sprockets::Loader#load'
sprockets (4.2.2) lib/sprockets/loader.rb:339:in 'Sprockets::Loader#fetch_asset_from_dependency_cache'
sprockets (4.2.2) lib/sprockets/loader.rb:43:in 'Sprockets::Loader#load'
sprockets (4.2.2) lib/sprockets/cached_environment.rb:44:in 'block in Sprockets::CachedEnvironment#load'
concurrent-ruby (1.3.6) lib/concurrent-ruby/concurrent/map.rb:207:in 'block in Concurrent::Map#fetch_or_store'
concurrent-ruby (1.3.6) lib/concurrent-ruby/concurrent/map.rb:187:in 'Concurrent::Map#fetch'
concurrent-ruby (1.3.6) lib/concurrent-ruby/concurrent/map.rb:206:in 'Concurrent::Map#fetch_or_store'
sprockets (4.2.2) lib/sprockets/cached_environment.rb:44:in 'Sprockets::CachedEnvironment#load'
sprockets (4.2.2) lib/sprockets/base.rb:81:in 'Sprockets::Base#find_asset'
sprockets (4.2.2) lib/sprockets/base.rb:88:in 'Sprockets::Base#find_all_linked_assets'
sprockets (4.2.2) lib/sprockets/manifest.rb:125:in 'Enumerator#each'
sprockets (4.2.2) lib/sprockets/manifest.rb:125:in 'Enumerable#to_a'
sprockets (4.2.2) lib/sprockets/manifest.rb:125:in 'block (2 levels) in Sprockets::Manifest#find'
concurrent-ruby (1.3.6) lib/concurrent-ruby/concurrent/executor/safe_task_executor.rb:24:in 'block in Concurrent::SafeTaskExecutor#execute'
concurrent-ruby (1.3.6) lib/concurrent-ruby/concurrent/synchronization/mutex_lockable_object.rb:48:in 'block in Concurrent::Synchronization::MutexLockableObject#synchronize'
concurrent-ruby (1.3.6) lib/concurrent-ruby/concurrent/synchronization/mutex_lockable_object.rb:48:in 'Thread::Mutex#synchronize'
concurrent-ruby (1.3.6) lib/concurrent-ruby/concurrent/synchronization/mutex_lockable_object.rb:48:in 'Concurrent::Synchronization::MutexLockableObject#synchronize'
concurrent-ruby (1.3.6) lib/concurrent-ruby/concurrent/executor/safe_task_executor.rb:22:in 'Concurrent::SafeTaskExecutor#execute'
concurrent-ruby (1.3.6) lib/concurrent-ruby/concurrent/promise.rb:564:in 'block in Concurrent::Promise#realize'
concurrent-ruby (1.3.6) lib/concurrent-ruby/concurrent/executor/ruby_thread_pool_executor.rb:382:in 'Concurrent::RubyThreadPoolExecutor::Worker#run_task'
concurrent-ruby (1.3.6) lib/concurrent-ruby/concurrent/executor/ruby_thread_pool_executor.rb:372:in 'block (3 levels) in Concurrent::RubyThreadPoolExecutor::Worker#create_worker'
<internal:kernel>:168:in 'Kernel#loop'
concurrent-ruby (1.3.6) lib/concurrent-ruby/concurrent/executor/ruby_thread_pool_executor.rb:361:in 'block (2 levels) in Concurrent::RubyThreadPoolExecutor::Worker#create_worker'
concurrent-ruby (1.3.6) lib/concurrent-ruby/concurrent/executor/ruby_thread_pool_executor.rb:358:in 'Kernel#catch'
concurrent-ruby (1.3.6) lib/concurrent-ruby/concurrent/executor/ruby_thread_pool_executor.rb:358:in 'block in Concurrent::RubyThreadPoolExecutor::Worker#create_worker'

Information for cause: Sprockets::ArgumentError (link_tree argument must be a directory):
  
sprockets (4.2.2) lib/sprockets/directive_processor.rb:407:in 'Sprockets::DirectiveProcessor#expand_relative_dirname'
sprockets (4.2.2) lib/sprockets/directive_processor.rb:359:in 'Sprockets::DirectiveProcessor#process_link_tree_directive'
sprockets (4.2.2) lib/sprockets/directive_processor.rb:189:in 'block in Sprockets::DirectiveProcessor#process_directives'
sprockets (4.2.2) lib/sprockets/directive_processor.rb:187:in 'Array#each'
sprockets (4.2.2) lib/sprockets/directive_processor.rb:187:in 'Sprockets::DirectiveProcessor#process_directives'
sprockets (4.2.2) lib/sprockets/directive_processor.rb:84:in 'Sprockets::DirectiveProcessor#_call'
sprockets (4.2.2) lib/sprockets/directive_processor.rb:65:in 'Sprockets::DirectiveProcessor#call'
sprockets (4.2.2) lib/sprockets/processor_utils.rb:84:in 'Sprockets::ProcessorUtils#call_processor'
sprockets (4.2.2) lib/sprockets/processor_utils.rb:66:in 'block in Sprockets::ProcessorUtils#call_processors'
sprockets (4.2.2) lib/sprockets/processor_utils.rb:65:in 'Array#reverse_each'
sprockets (4.2.2) lib/sprockets/processor_utils.rb:65:in 'Sprockets::ProcessorUtils#call_processors'
sprockets (4.2.2) lib/sprockets/loader.rb:184:in 'Sprockets::Loader#load_from_unloaded'
sprockets (4.2.2) lib/sprockets/loader.rb:59:in 'block in Sprockets::Loader#load'
sprockets (4.2.2) lib/sprockets/loader.rb:339:in 'Sprockets::Loader#fetch_asset_from_dependency_cache'
sprockets (4.2.2) lib/sprockets/loader.rb:43:in 'Sprockets::Loader#load'
sprockets (4.2.2) lib/sprockets/cached_environment.rb:44:in 'block in Sprockets::CachedEnvironment#load'
concurrent-ruby (1.3.6) lib/concurrent-ruby/concurrent/map.rb:207:in 'block in Concurrent::Map#fetch_or_store'
concurrent-ruby (1.3.6) lib/concurrent-ruby/concurrent/map.rb:187:in 'Concurrent::Map#fetch'
concurrent-ruby (1.3.6) lib/concurrent-ruby/concurrent/map.rb:206:in 'Concurrent::Map#fetch_or_store'
sprockets (4.2.2) lib/sprockets/cached_environment.rb:44:in 'Sprockets::CachedEnvironment#load'
sprockets (4.2.2) lib/sprockets/bundle.rb:27:in 'Sprockets::Bundle.call'
sprockets (4.2.2) lib/sprockets/processor_utils.rb:84:in 'Sprockets::ProcessorUtils#call_processor'
sprockets (4.2.2) lib/sprockets/processor_utils.rb:66:in 'block in Sprockets::ProcessorUtils#call_processors'
sprockets (4.2.2) lib/sprockets/processor_utils.rb:65:in 'Array#reverse_each'
sprockets (4.2.2) lib/sprockets/processor_utils.rb:65:in 'Sprockets::ProcessorUtils#call_processors'
sprockets (4.2.2) lib/sprockets/loader.rb:184:in 'Sprockets::Loader#load_from_unloaded'
sprockets (4.2.2) lib/sprockets/loader.rb:59:in 'block in Sprockets::Loader#load'
sprockets (4.2.2) lib/sprockets/loader.rb:339:in 'Sprockets::Loader#fetch_asset_from_dependency_cache'
sprockets (4.2.2) lib/sprockets/loader.rb:43:in 'Sprockets::Loader#load'
sprockets (4.2.2) lib/sprockets/cached_environment.rb:44:in 'block in Sprockets::CachedEnvironment#load'
concurrent-ruby (1.3.6) lib/concurrent-ruby/concurrent/map.rb:207:in 'block in Concurrent::Map#fetch_or_store'
concurrent-ruby (1.3.6) lib/concurrent-ruby/concurrent/map.rb:187:in 'Concurrent::Map#fetch'
concurrent-ruby (1.3.6) lib/concurrent-ruby/concurrent/map.rb:206:in 'Concurrent::Map#fetch_or_store'
sprockets (4.2.2) lib/sprockets/cached_environment.rb:44:in 'Sprockets::CachedEnvironment#load'
sprockets (4.2.2) lib/sprockets/base.rb:81:in 'Sprockets::Base#find_asset'
sprockets (4.2.2) lib/sprockets/base.rb:88:in 'Sprockets::Base#find_all_linked_assets'
sprockets (4.2.2) lib/sprockets/manifest.rb:125:in 'Enumerator#each'
sprockets (4.2.2) lib/sprockets/manifest.rb:125:in 'Enumerable#to_a'
sprockets (4.2.2) lib/sprockets/manifest.rb:125:in 'block (2 levels) in Sprockets::Manifest#find'
concurrent-ruby (1.3.6) lib/concurrent-ruby/concurrent/executor/safe_task_executor.rb:24:in 'block in Concurrent::SafeTaskExecutor#execute'
concurrent-ruby (1.3.6) lib/concurrent-ruby/concurrent/synchronization/mutex_lockable_object.rb:48:in 'block in Concurrent::Synchronization::MutexLockableObject#synchronize'
concurrent-ruby (1.3.6) lib/concurrent-ruby/concurrent/synchronization/mutex_lockable_object.rb:48:in 'Thread::Mutex#synchronize'
concurrent-ruby (1.3.6) lib/concurrent-ruby/concurrent/synchronization/mutex_lockable_object.rb:48:in 'Concurrent::Synchronization::MutexLockableObject#synchronize'
concurrent-ruby (1.3.6) lib/concurrent-ruby/concurrent/executor/safe_task_executor.rb:22:in 'Concurrent::SafeTaskExecutor#execute'
concurrent-ruby (1.3.6) lib/concurrent-ruby/concurrent/promise.rb:564:in 'block in Concurrent::Promise#realize'
concurrent-ruby (1.3.6) lib/concurrent-ruby/concurrent/executor/ruby_thread_pool_executor.rb:382:in 'Concurrent::RubyThreadPoolExecutor::Worker#run_task'
concurrent-ruby (1.3.6) lib/concurrent-ruby/concurrent/executor/ruby_thread_pool_executor.rb:372:in 'block (3 levels) in Concurrent::RubyThreadPoolExecutor::Worker#create_worker'
<internal:kernel>:168:in 'Kernel#loop'
concurrent-ruby (1.3.6) lib/concurrent-ruby/concurrent/executor/ruby_thread_pool_executor.rb:361:in 'block (2 levels) in Concurrent::RubyThreadPoolExecutor::Worker#create_worker'
concurrent-ruby (1.3.6) lib/concurrent-ruby/concurrent/executor/ruby_thread_pool_executor.rb:358:in 'Kernel#catch'
concurrent-ruby (1.3.6) lib/concurrent-ruby/concurrent/executor/ruby_thread_pool_executor.rb:358:in 'block in Concurrent::RubyThreadPoolExecutor::Worker#create_worker'
Started GET "/admin/login" for ::1 at 2026-04-14 14:22:25 +0200
Processing by AdminController#login as HTML
  Rendering layout layouts/admin.html.erb
  Rendering admin/login.html.erb within layouts/admin
  Rendered admin/login.html.erb within layouts/admin (Duration: 0.6ms | GC: 0.0ms)
  Rendered layout layouts/admin.html.erb (Duration: 4.2ms | GC: 0.4ms)
Completed 500 Internal Server Error in 5ms (ActiveRecord: 0.0ms (0 queries, 0 cached) | GC: 0.9ms)


  
ActionView::Template::Error (link_tree argument must be a directory)
Caused by: Sprockets::ArgumentError (link_tree argument must be a directory)

Information for: ActionView::Template::Error (link_tree argument must be a directory):
  
sprockets (4.2.2) lib/sprockets/directive_processor.rb:407:in 'Sprockets::DirectiveProcessor#expand_relative_dirname'
sprockets (4.2.2) lib/sprockets/directive_processor.rb:359:in 'Sprockets::DirectiveProcessor#process_link_tree_directive'
sprockets (4.2.2) lib/sprockets/directive_processor.rb:189:in 'block in Sprockets::DirectiveProcessor#process_directives'
sprockets (4.2.2) lib/sprockets/directive_processor.rb:187:in 'Array#each'
sprockets (4.2.2) lib/sprockets/directive_processor.rb:187:in 'Sprockets::DirectiveProcessor#process_directives'
sprockets (4.2.2) lib/sprockets/directive_processor.rb:84:in 'Sprockets::DirectiveProcessor#_call'
sprockets (4.2.2) lib/sprockets/directive_processor.rb:65:in 'Sprockets::DirectiveProcessor#call'
sprockets (4.2.2) lib/sprockets/processor_utils.rb:84:in 'Sprockets::ProcessorUtils#call_processor'
sprockets (4.2.2) lib/sprockets/processor_utils.rb:66:in 'block in Sprockets::ProcessorUtils#call_processors'
sprockets (4.2.2) lib/sprockets/processor_utils.rb:65:in 'Array#reverse_each'
sprockets (4.2.2) lib/sprockets/processor_utils.rb:65:in 'Sprockets::ProcessorUtils#call_processors'
sprockets (4.2.2) lib/sprockets/loader.rb:184:in 'Sprockets::Loader#load_from_unloaded'
sprockets (4.2.2) lib/sprockets/loader.rb:59:in 'block in Sprockets::Loader#load'
sprockets (4.2.2) lib/sprockets/loader.rb:339:in 'Sprockets::Loader#fetch_asset_from_dependency_cache'
sprockets (4.2.2) lib/sprockets/loader.rb:43:in 'Sprockets::Loader#load'
sprockets (4.2.2) lib/sprockets/cached_environment.rb:44:in 'block in Sprockets::CachedEnvironment#load'
concurrent-ruby (1.3.6) lib/concurrent-ruby/concurrent/map.rb:207:in 'block in Concurrent::Map#fetch_or_store'
concurrent-ruby (1.3.6) lib/concurrent-ruby/concurrent/map.rb:187:in 'Concurrent::Map#fetch'
concurrent-ruby (1.3.6) lib/concurrent-ruby/concurrent/map.rb:206:in 'Concurrent::Map#fetch_or_store'
sprockets (4.2.2) lib/sprockets/cached_environment.rb:44:in 'Sprockets::CachedEnvironment#load'
sprockets (4.2.2) lib/sprockets/bundle.rb:27:in 'Sprockets::Bundle.call'
sprockets (4.2.2) lib/sprockets/processor_utils.rb:84:in 'Sprockets::ProcessorUtils#call_processor'
sprockets (4.2.2) lib/sprockets/processor_utils.rb:66:in 'block in Sprockets::ProcessorUtils#call_processors'
sprockets (4.2.2) lib/sprockets/processor_utils.rb:65:in 'Array#reverse_each'
sprockets (4.2.2) lib/sprockets/processor_utils.rb:65:in 'Sprockets::ProcessorUtils#call_processors'
sprockets (4.2.2) lib/sprockets/loader.rb:184:in 'Sprockets::Loader#load_from_unloaded'
sprockets (4.2.2) lib/sprockets/loader.rb:59:in 'block in Sprockets::Loader#load'
sprockets (4.2.2) lib/sprockets/loader.rb:339:in 'Sprockets::Loader#fetch_asset_from_dependency_cache'
sprockets (4.2.2) lib/sprockets/loader.rb:43:in 'Sprockets::Loader#load'
sprockets (4.2.2) lib/sprockets/cached_environment.rb:44:in 'block in Sprockets::CachedEnvironment#load'
concurrent-ruby (1.3.6) lib/concurrent-ruby/concurrent/map.rb:207:in 'block in Concurrent::Map#fetch_or_store'
concurrent-ruby (1.3.6) lib/concurrent-ruby/concurrent/map.rb:187:in 'Concurrent::Map#fetch'
concurrent-ruby (1.3.6) lib/concurrent-ruby/concurrent/map.rb:206:in 'Concurrent::Map#fetch_or_store'
sprockets (4.2.2) lib/sprockets/cached_environment.rb:44:in 'Sprockets::CachedEnvironment#load'
sprockets (4.2.2) lib/sprockets/base.rb:81:in 'Sprockets::Base#find_asset'
sprockets (4.2.2) lib/sprockets/base.rb:88:in 'Sprockets::Base#find_all_linked_assets'
sprockets (4.2.2) lib/sprockets/manifest.rb:125:in 'Enumerator#each'
sprockets (4.2.2) lib/sprockets/manifest.rb:125:in 'Enumerable#to_a'
sprockets (4.2.2) lib/sprockets/manifest.rb:125:in 'block (2 levels) in Sprockets::Manifest#find'
concurrent-ruby (1.3.6) lib/concurrent-ruby/concurrent/executor/safe_task_executor.rb:24:in 'block in Concurrent::SafeTaskExecutor#execute'
concurrent-ruby (1.3.6) lib/concurrent-ruby/concurrent/synchronization/mutex_lockable_object.rb:48:in 'block in Concurrent::Synchronization::MutexLockableObject#synchronize'
concurrent-ruby (1.3.6) lib/concurrent-ruby/concurrent/synchronization/mutex_lockable_object.rb:48:in 'Thread::Mutex#synchronize'
concurrent-ruby (1.3.6) lib/concurrent-ruby/concurrent/synchronization/mutex_lockable_object.rb:48:in 'Concurrent::Synchronization::MutexLockableObject#synchronize'
concurrent-ruby (1.3.6) lib/concurrent-ruby/concurrent/executor/safe_task_executor.rb:22:in 'Concurrent::SafeTaskExecutor#execute'
concurrent-ruby (1.3.6) lib/concurrent-ruby/concurrent/promise.rb:564:in 'block in Concurrent::Promise#realize'
concurrent-ruby (1.3.6) lib/concurrent-ruby/concurrent/executor/ruby_thread_pool_executor.rb:382:in 'Concurrent::RubyThreadPoolExecutor::Worker#run_task'
concurrent-ruby (1.3.6) lib/concurrent-ruby/concurrent/executor/ruby_thread_pool_executor.rb:372:in 'block (3 levels) in Concurrent::RubyThreadPoolExecutor::Worker#create_worker'
<internal:kernel>:168:in 'Kernel#loop'
concurrent-ruby (1.3.6) lib/concurrent-ruby/concurrent/executor/ruby_thread_pool_executor.rb:361:in 'block (2 levels) in Concurrent::RubyThreadPoolExecutor::Worker#create_worker'
concurrent-ruby (1.3.6) lib/concurrent-ruby/concurrent/executor/ruby_thread_pool_executor.rb:358:in 'Kernel#catch'
concurrent-ruby (1.3.6) lib/concurrent-ruby/concurrent/executor/ruby_thread_pool_executor.rb:358:in 'block in Concurrent::RubyThreadPoolExecutor::Worker#create_worker'

Information for cause: Sprockets::ArgumentError (link_tree argument must be a directory):
  
sprockets (4.2.2) lib/sprockets/directive_processor.rb:407:in 'Sprockets::DirectiveProcessor#expand_relative_dirname'
sprockets (4.2.2) lib/sprockets/directive_processor.rb:359:in 'Sprockets::DirectiveProcessor#process_link_tree_directive'
sprockets (4.2.2) lib/sprockets/directive_processor.rb:189:in 'block in Sprockets::DirectiveProcessor#process_directives'
sprockets (4.2.2) lib/sprockets/directive_processor.rb:187:in 'Array#each'
sprockets (4.2.2) lib/sprockets/directive_processor.rb:187:in 'Sprockets::DirectiveProcessor#process_directives'
sprockets (4.2.2) lib/sprockets/directive_processor.rb:84:in 'Sprockets::DirectiveProcessor#_call'
sprockets (4.2.2) lib/sprockets/directive_processor.rb:65:in 'Sprockets::DirectiveProcessor#call'
sprockets (4.2.2) lib/sprockets/processor_utils.rb:84:in 'Sprockets::ProcessorUtils#call_processor'
sprockets (4.2.2) lib/sprockets/processor_utils.rb:66:in 'block in Sprockets::ProcessorUtils#call_processors'
sprockets (4.2.2) lib/sprockets/processor_utils.rb:65:in 'Array#reverse_each'
sprockets (4.2.2) lib/sprockets/processor_utils.rb:65:in 'Sprockets::ProcessorUtils#call_processors'
sprockets (4.2.2) lib/sprockets/loader.rb:184:in 'Sprockets::Loader#load_from_unloaded'
sprockets (4.2.2) lib/sprockets/loader.rb:59:in 'block in Sprockets::Loader#load'
sprockets (4.2.2) lib/sprockets/loader.rb:339:in 'Sprockets::Loader#fetch_asset_from_dependency_cache'
sprockets (4.2.2) lib/sprockets/loader.rb:43:in 'Sprockets::Loader#load'
sprockets (4.2.2) lib/sprockets/cached_environment.rb:44:in 'block in Sprockets::CachedEnvironment#load'
concurrent-ruby (1.3.6) lib/concurrent-ruby/concurrent/map.rb:207:in 'block in Concurrent::Map#fetch_or_store'
concurrent-ruby (1.3.6) lib/concurrent-ruby/concurrent/map.rb:187:in 'Concurrent::Map#fetch'
concurrent-ruby (1.3.6) lib/concurrent-ruby/concurrent/map.rb:206:in 'Concurrent::Map#fetch_or_store'
sprockets (4.2.2) lib/sprockets/cached_environment.rb:44:in 'Sprockets::CachedEnvironment#load'
sprockets (4.2.2) lib/sprockets/bundle.rb:27:in 'Sprockets::Bundle.call'
sprockets (4.2.2) lib/sprockets/processor_utils.rb:84:in 'Sprockets::ProcessorUtils#call_processor'
sprockets (4.2.2) lib/sprockets/processor_utils.rb:66:in 'block in Sprockets::ProcessorUtils#call_processors'
sprockets (4.2.2) lib/sprockets/processor_utils.rb:65:in 'Array#reverse_each'
sprockets (4.2.2) lib/sprockets/processor_utils.rb:65:in 'Sprockets::ProcessorUtils#call_processors'
sprockets (4.2.2) lib/sprockets/loader.rb:184:in 'Sprockets::Loader#load_from_unloaded'
sprockets (4.2.2) lib/sprockets/loader.rb:59:in 'block in Sprockets::Loader#load'
sprockets (4.2.2) lib/sprockets/loader.rb:339:in 'Sprockets::Loader#fetch_asset_from_dependency_cache'
sprockets (4.2.2) lib/sprockets/loader.rb:43:in 'Sprockets::Loader#load'
sprockets (4.2.2) lib/sprockets/cached_environment.rb:44:in 'block in Sprockets::CachedEnvironment#load'
concurrent-ruby (1.3.6) lib/concurrent-ruby/concurrent/map.rb:207:in 'block in Concurrent::Map#fetch_or_store'
concurrent-ruby (1.3.6) lib/concurrent-ruby/concurrent/map.rb:187:in 'Concurrent::Map#fetch'
concurrent-ruby (1.3.6) lib/concurrent-ruby/concurrent/map.rb:206:in 'Concurrent::Map#fetch_or_store'
sprockets (4.2.2) lib/sprockets/cached_environment.rb:44:in 'Sprockets::CachedEnvironment#load'
sprockets (4.2.2) lib/sprockets/base.rb:81:in 'Sprockets::Base#find_asset'
sprockets (4.2.2) lib/sprockets/base.rb:88:in 'Sprockets::Base#find_all_linked_assets'
sprockets (4.2.2) lib/sprockets/manifest.rb:125:in 'Enumerator#each'
sprockets (4.2.2) lib/sprockets/manifest.rb:125:in 'Enumerable#to_a'
sprockets (4.2.2) lib/sprockets/manifest.rb:125:in 'block (2 levels) in Sprockets::Manifest#find'
concurrent-ruby (1.3.6) lib/concurrent-ruby/concurrent/executor/safe_task_executor.rb:24:in 'block in Concurrent::SafeTaskExecutor#execute'
concurrent-ruby (1.3.6) lib/concurrent-ruby/concurrent/synchronization/mutex_lockable_object.rb:48:in 'block in Concurrent::Synchronization::MutexLockableObject#synchronize'
concurrent-ruby (1.3.6) lib/concurrent-ruby/concurrent/synchronization/mutex_lockable_object.rb:48:in 'Thread::Mutex#synchronize'
concurrent-ruby (1.3.6) lib/concurrent-ruby/concurrent/synchronization/mutex_lockable_object.rb:48:in 'Concurrent::Synchronization::MutexLockableObject#synchronize'
concurrent-ruby (1.3.6) lib/concurrent-ruby/concurrent/executor/safe_task_executor.rb:22:in 'Concurrent::SafeTaskExecutor#execute'
concurrent-ruby (1.3.6) lib/concurrent-ruby/concurrent/promise.rb:564:in 'block in Concurrent::Promise#realize'
concurrent-ruby (1.3.6) lib/concurrent-ruby/concurrent/executor/ruby_thread_pool_executor.rb:382:in 'Concurrent::RubyThreadPoolExecutor::Worker#run_task'
concurrent-ruby (1.3.6) lib/concurrent-ruby/concurrent/executor/ruby_thread_pool_executor.rb:372:in 'block (3 levels) in Concurrent::RubyThreadPoolExecutor::Worker#create_worker'
<internal:kernel>:168:in 'Kernel#loop'
concurrent-ruby (1.3.6) lib/concurrent-ruby/concurrent/executor/ruby_thread_pool_executor.rb:361:in 'block (2 levels) in Concurrent::RubyThreadPoolExecutor::Worker#create_worker'
concurrent-ruby (1.3.6) lib/concurrent-ruby/concurrent/executor/ruby_thread_pool_executor.rb:358:in 'Kernel#catch'
concurrent-ruby (1.3.6) lib/concurrent-ruby/concurrent/executor/ruby_thread_pool_executor.rb:358:in 'block in Concurrent::RubyThreadPoolExecutor::Worker#create_worker'
Generating image variants require the image_processing gem. Please add `gem "image_processing", "~> 1.2"` to your Gemfile or set `config.active_storage.variant_processor = :disabled`.
Started GET "/admin/login" for ::1 at 2026-04-14 14:23:38 +0200
Processing by AdminController#login as HTML
  Rendering layout layouts/admin.html.erb
  Rendering admin/login.html.erb within layouts/admin
  Rendered admin/login.html.erb within layouts/admin (Duration: 0.5ms | GC: 0.0ms)
  Rendered layout layouts/admin.html.erb (Duration: 16.1ms | GC: 0.0ms)
Completed 200 OK in 17ms (Views: 16.5ms | ActiveRecord: 0.0ms (0 queries, 0 cached) | GC: 0.0ms)


Started GET "/assets/application-6a20d3c756c83de6241c4cf66640f141dd4f3c571f991516303d2df8197ced17.css" for ::1 at 2026-04-14 14:23:38 +0200
Started GET "/admin/login" for ::1 at 2026-04-14 14:23:45 +0200
Processing by AdminController#login as HTML
  Rendering layout layouts/admin.html.erb
  Rendering admin/login.html.erb within layouts/admin
  Rendered admin/login.html.erb within layouts/admin (Duration: 27.6ms | GC: 6.4ms)
  Rendered layout layouts/admin.html.erb (Duration: 28.9ms | GC: 6.4ms)
Completed 200 OK in 30ms (Views: 29.3ms | ActiveRecord: 0.0ms (0 queries, 0 cached) | GC: 6.4ms)


Started GET "/admin/login" for ::1 at 2026-04-14 14:23:46 +0200
Processing by AdminController#login as HTML
  Rendering layout layouts/admin.html.erb
  Rendering admin/login.html.erb within layouts/admin
  Rendered admin/login.html.erb within layouts/admin (Duration: 0.7ms | GC: 0.0ms)
  Rendered layout layouts/admin.html.erb (Duration: 1.8ms | GC: 0.0ms)
Completed 200 OK in 2ms (Views: 2.1ms | ActiveRecord: 0.0ms (0 queries, 0 cached) | GC: 0.0ms)


Started GET "/admin/dashboard" for ::1 at 2026-04-14 14:23:49 +0200
Processing by Admin::DashboardController#index as HTML
Completed 404 Not Found in 1ms (ActiveRecord: 0.0ms (0 queries, 0 cached) | GC: 0.0ms)


  
AbstractController::ActionNotFound (The login action could not be found for the :require_login
callback on Admin::DashboardController, but it is listed in the controller's
:except option.

Raising for missing callback actions is a new default in Rails 7.1, if you'd
like to turn this off you can delete the option from the environment configurations
or set `config.action_controller.raise_on_missing_callback_actions` to `false`.
):
  
actionpack (8.1.3) lib/abstract_controller/callbacks.rb:64:in 'AbstractController::Callbacks::ActionFilter#match?'
activesupport (8.1.3) lib/active_support/callbacks.rb:391:in 'block in ActiveSupport::Callbacks::CallTemplate::ObjectCall#inverted_lambda'
activesupport (8.1.3) lib/active_support/callbacks.rb:178:in 'block in ActiveSupport::Callbacks::Filters::Before#call'
activesupport (8.1.3) lib/active_support/callbacks.rb:178:in 'Array#all?'
activesupport (8.1.3) lib/active_support/callbacks.rb:178:in 'ActiveSupport::Callbacks::Filters::Before#call'
activesupport (8.1.3) lib/active_support/callbacks.rb:560:in 'block in ActiveSupport::Callbacks::CallbackSequence#invoke_before'
activesupport (8.1.3) lib/active_support/callbacks.rb:560:in 'Array#each'
activesupport (8.1.3) lib/active_support/callbacks.rb:560:in 'ActiveSupport::Callbacks::CallbackSequence#invoke_before'
activesupport (8.1.3) lib/active_support/callbacks.rb:119:in 'block in ActiveSupport::Callbacks#run_callbacks'
turbo-rails (2.0.23) lib/turbo-rails.rb:24:in 'Turbo.with_request_id'
turbo-rails (2.0.23) app/controllers/concerns/turbo/request_id_tracking.rb:10:in 'Turbo::RequestIdTracking#turbo_tracking_request_id'
activesupport (8.1.3) lib/active_support/callbacks.rb:130:in 'block in ActiveSupport::Callbacks#run_callbacks'
actiontext (8.1.3) lib/action_text/rendering.rb:24:in 'ActionText::Rendering::ClassMethods#with_renderer'
actiontext (8.1.3) lib/action_text/engine.rb:72:in 'block (4 levels) in <class:Engine>'
activesupport (8.1.3) lib/active_support/callbacks.rb:130:in 'BasicObject#instance_exec'
activesupport (8.1.3) lib/active_support/callbacks.rb:130:in 'block in ActiveSupport::Callbacks#run_callbacks'
activesupport (8.1.3) lib/active_support/callbacks.rb:141:in 'ActiveSupport::Callbacks#run_callbacks'
actionpack (8.1.3) lib/abstract_controller/callbacks.rb:266:in 'AbstractController::Callbacks#process_action'
actionpack (8.1.3) lib/action_controller/metal/rescue.rb:36:in 'ActionController::Rescue#process_action'
actionpack (8.1.3) lib/action_controller/metal/instrumentation.rb:76:in 'block in ActionController::Instrumentation#process_action'
activesupport (8.1.3) lib/active_support/notifications.rb:210:in 'block in ActiveSupport::Notifications.instrument'
activesupport (8.1.3) lib/active_support/notifications/instrumenter.rb:58:in 'ActiveSupport::Notifications::Instrumenter#instrument'
activesupport (8.1.3) lib/active_support/notifications.rb:210:in 'ActiveSupport::Notifications.instrument'
actionpack (8.1.3) lib/action_controller/metal/instrumentation.rb:75:in 'ActionController::Instrumentation#process_action'
actionpack (8.1.3) lib/action_controller/metal/params_wrapper.rb:259:in 'ActionController::ParamsWrapper#process_action'
activerecord (8.1.3) lib/active_record/railties/controller_runtime.rb:39:in 'ActiveRecord::Railties::ControllerRuntime#process_action'
actionpack (8.1.3) lib/abstract_controller/base.rb:154:in 'AbstractController::Base#process'
actionview (8.1.3) lib/action_view/rendering.rb:40:in 'ActionView::Rendering#process'
actionpack (8.1.3) lib/action_controller/metal.rb:252:in 'ActionController::Metal#dispatch'
actionpack (8.1.3) lib/action_controller/metal.rb:335:in 'ActionController::Metal.dispatch'
actionpack (8.1.3) lib/action_dispatch/routing/route_set.rb:65:in 'ActionDispatch::Routing::RouteSet::Dispatcher#dispatch'
actionpack (8.1.3) lib/action_dispatch/routing/route_set.rb:50:in 'ActionDispatch::Routing::RouteSet::Dispatcher#serve'
actionpack (8.1.3) lib/action_dispatch/journey/router.rb:35:in 'block in ActionDispatch::Journey::Router#serve'
actionpack (8.1.3) lib/action_dispatch/journey/router.rb:86:in 'block in ActionDispatch::Journey::Router#recognize'
actionpack (8.1.3) lib/action_dispatch/journey/router.rb:66:in 'Array#each'
actionpack (8.1.3) lib/action_dispatch/journey/router.rb:66:in 'ActionDispatch::Journey::Router#recognize'
actionpack (8.1.3) lib/action_dispatch/journey/router.rb:31:in 'ActionDispatch::Journey::Router#serve'
actionpack (8.1.3) lib/action_dispatch/routing/route_set.rb:906:in 'ActionDispatch::Routing::RouteSet#call'
railties (8.1.3) lib/rails/engine/lazy_route_set.rb:60:in 'Rails::Engine::LazyRouteSet#call'
rack (3.2.6) lib/rack/tempfile_reaper.rb:20:in 'Rack::TempfileReaper#call'
rack (3.2.6) lib/rack/etag.rb:29:in 'Rack::ETag#call'
rack (3.2.6) lib/rack/conditional_get.rb:31:in 'Rack::ConditionalGet#call'
rack (3.2.6) lib/rack/head.rb:15:in 'Rack::Head#call'
actionpack (8.1.3) lib/action_dispatch/http/content_security_policy.rb:38:in 'ActionDispatch::ContentSecurityPolicy::Middleware#call'
rack-session (2.1.2) lib/rack/session/abstract/id.rb:274:in 'Rack::Session::Abstract::Persisted#context'
rack-session (2.1.2) lib/rack/session/abstract/id.rb:268:in 'Rack::Session::Abstract::Persisted#call'
actionpack (8.1.3) lib/action_dispatch/middleware/cookies.rb:708:in 'ActionDispatch::Cookies#call'
activerecord (8.1.3) lib/active_record/migration.rb:671:in 'ActiveRecord::Migration::CheckPending#call'
actionpack (8.1.3) lib/action_dispatch/middleware/callbacks.rb:31:in 'block in ActionDispatch::Callbacks#call'
activesupport (8.1.3) lib/active_support/callbacks.rb:101:in 'ActiveSupport::Callbacks#run_callbacks'
actionpack (8.1.3) lib/action_dispatch/middleware/callbacks.rb:30:in 'ActionDispatch::Callbacks#call'
actionpack (8.1.3) lib/action_dispatch/middleware/executor.rb:20:in 'ActionDispatch::Executor#call'
actionpack (8.1.3) lib/action_dispatch/middleware/actionable_exceptions.rb:18:in 'ActionDispatch::ActionableExceptions#call'
actionpack (8.1.3) lib/action_dispatch/middleware/debug_exceptions.rb:31:in 'ActionDispatch::DebugExceptions#call'
actionpack (8.1.3) lib/action_dispatch/middleware/show_exceptions.rb:32:in 'ActionDispatch::ShowExceptions#call'
railties (8.1.3) lib/rails/rack/logger.rb:41:in 'Rails::Rack::Logger#call_app'
railties (8.1.3) lib/rails/rack/logger.rb:29:in 'Rails::Rack::Logger#call'
actionpack (8.1.3) lib/action_dispatch/middleware/remote_ip.rb:98:in 'ActionDispatch::RemoteIp#call'
actionpack (8.1.3) lib/action_dispatch/middleware/request_id.rb:34:in 'ActionDispatch::RequestId#call'
rack (3.2.6) lib/rack/method_override.rb:28:in 'Rack::MethodOverride#call'
rack (3.2.6) lib/rack/runtime.rb:24:in 'Rack::Runtime#call'
activesupport (8.1.3) lib/active_support/cache/strategy/local_cache_middleware.rb:30:in 'ActiveSupport::Cache::Strategy::LocalCache::Middleware#call'
actionpack (8.1.3) lib/action_dispatch/middleware/server_timing.rb:61:in 'block in ActionDispatch::ServerTiming#call'
actionpack (8.1.3) lib/action_dispatch/middleware/server_timing.rb:26:in 'ActionDispatch::ServerTiming::Subscriber#collect_events'
actionpack (8.1.3) lib/action_dispatch/middleware/server_timing.rb:60:in 'ActionDispatch::ServerTiming#call'
actionpack (8.1.3) lib/action_dispatch/middleware/executor.rb:20:in 'ActionDispatch::Executor#call'
actionpack (8.1.3) lib/action_dispatch/middleware/static.rb:27:in 'ActionDispatch::Static#call'
rack (3.2.6) lib/rack/sendfile.rb:131:in 'Rack::Sendfile#call'
actionpack (8.1.3) lib/action_dispatch/middleware/host_authorization.rb:143:in 'ActionDispatch::HostAuthorization#call'
rack-cors (3.0.0) lib/rack/cors.rb:102:in 'Rack::Cors#call'
railties (8.1.3) lib/rails/engine.rb:534:in 'Rails::Engine#call'
puma (8.0.0) lib/puma/configuration.rb:305:in 'Puma::Configuration::ConfigMiddleware#call'
puma (8.0.0) lib/puma/response.rb:79:in 'block in Puma::Response#handle_request'
puma (8.0.0) lib/puma/thread_pool.rb:434:in 'Puma::ThreadPool#with_force_shutdown'
puma (8.0.0) lib/puma/response.rb:78:in 'Puma::Response#handle_request'
puma (8.0.0) lib/puma/server.rb:508:in 'Puma::Server#process_client'
puma (8.0.0) lib/puma/server.rb:263:in 'block in Puma::Server#run'
puma (8.0.0) lib/puma/thread_pool.rb:246:in 'block in Puma::ThreadPool#spawn_thread'
Started POST "/admin/login" for ::1 at 2026-04-14 14:23:52 +0200
Processing by AdminController#login as HTML
  Parameters: {"authenticity_token" => "[FILTERED]", "email" => "[FILTERED]", "password" => "[FILTERED]"}
  [1m[36mUser Load (0.4ms)[0m  [1m[34mSELECT "users".* FROM "users" WHERE "users"."email" = 'felender7@gmail.com' LIMIT 1 /*action='login',application='FreightSolutionBackEnd',controller='admin'*/[0m
  ↳ app/controllers/admin_controller.rb:6:in 'AdminController#login'
Redirected to http://localhost:3000/admin/dashboard
↳ app/controllers/admin_controller.rb:9:in 'AdminController#login'
Completed 302 Found in 239ms (ActiveRecord: 7.3ms (1 query, 0 cached) | GC: 4.3ms)


Started GET "/admin/dashboard" for ::1 at 2026-04-14 14:23:52 +0200
Processing by Admin::DashboardController#index as HTML
Completed 404 Not Found in 0ms (ActiveRecord: 0.0ms (0 queries, 0 cached) | GC: 0.0ms)


  
AbstractController::ActionNotFound (The login action could not be found for the :require_login
callback on Admin::DashboardController, but it is listed in the controller's
:except option.

Raising for missing callback actions is a new default in Rails 7.1, if you'd
like to turn this off you can delete the option from the environment configurations
or set `config.action_controller.raise_on_missing_callback_actions` to `false`.
):
  
actionpack (8.1.3) lib/abstract_controller/callbacks.rb:64:in 'AbstractController::Callbacks::ActionFilter#match?'
activesupport (8.1.3) lib/active_support/callbacks.rb:391:in 'block in ActiveSupport::Callbacks::CallTemplate::ObjectCall#inverted_lambda'
activesupport (8.1.3) lib/active_support/callbacks.rb:178:in 'block in ActiveSupport::Callbacks::Filters::Before#call'
activesupport (8.1.3) lib/active_support/callbacks.rb:178:in 'Array#all?'
activesupport (8.1.3) lib/active_support/callbacks.rb:178:in 'ActiveSupport::Callbacks::Filters::Before#call'
activesupport (8.1.3) lib/active_support/callbacks.rb:560:in 'block in ActiveSupport::Callbacks::CallbackSequence#invoke_before'
activesupport (8.1.3) lib/active_support/callbacks.rb:560:in 'Array#each'
activesupport (8.1.3) lib/active_support/callbacks.rb:560:in 'ActiveSupport::Callbacks::CallbackSequence#invoke_before'
activesupport (8.1.3) lib/active_support/callbacks.rb:119:in 'block in ActiveSupport::Callbacks#run_callbacks'
turbo-rails (2.0.23) lib/turbo-rails.rb:24:in 'Turbo.with_request_id'
turbo-rails (2.0.23) app/controllers/concerns/turbo/request_id_tracking.rb:10:in 'Turbo::RequestIdTracking#turbo_tracking_request_id'
activesupport (8.1.3) lib/active_support/callbacks.rb:130:in 'block in ActiveSupport::Callbacks#run_callbacks'
actiontext (8.1.3) lib/action_text/rendering.rb:24:in 'ActionText::Rendering::ClassMethods#with_renderer'
actiontext (8.1.3) lib/action_text/engine.rb:72:in 'block (4 levels) in <class:Engine>'
activesupport (8.1.3) lib/active_support/callbacks.rb:130:in 'BasicObject#instance_exec'
activesupport (8.1.3) lib/active_support/callbacks.rb:130:in 'block in ActiveSupport::Callbacks#run_callbacks'
activesupport (8.1.3) lib/active_support/callbacks.rb:141:in 'ActiveSupport::Callbacks#run_callbacks'
actionpack (8.1.3) lib/abstract_controller/callbacks.rb:266:in 'AbstractController::Callbacks#process_action'
actionpack (8.1.3) lib/action_controller/metal/rescue.rb:36:in 'ActionController::Rescue#process_action'
actionpack (8.1.3) lib/action_controller/metal/instrumentation.rb:76:in 'block in ActionController::Instrumentation#process_action'
activesupport (8.1.3) lib/active_support/notifications.rb:210:in 'block in ActiveSupport::Notifications.instrument'
activesupport (8.1.3) lib/active_support/notifications/instrumenter.rb:58:in 'ActiveSupport::Notifications::Instrumenter#instrument'
activesupport (8.1.3) lib/active_support/notifications.rb:210:in 'ActiveSupport::Notifications.instrument'
actionpack (8.1.3) lib/action_controller/metal/instrumentation.rb:75:in 'ActionController::Instrumentation#process_action'
actionpack (8.1.3) lib/action_controller/metal/params_wrapper.rb:259:in 'ActionController::ParamsWrapper#process_action'
activerecord (8.1.3) lib/active_record/railties/controller_runtime.rb:39:in 'ActiveRecord::Railties::ControllerRuntime#process_action'
actionpack (8.1.3) lib/abstract_controller/base.rb:154:in 'AbstractController::Base#process'
actionview (8.1.3) lib/action_view/rendering.rb:40:in 'ActionView::Rendering#process'
actionpack (8.1.3) lib/action_controller/metal.rb:252:in 'ActionController::Metal#dispatch'
actionpack (8.1.3) lib/action_controller/metal.rb:335:in 'ActionController::Metal.dispatch'
actionpack (8.1.3) lib/action_dispatch/routing/route_set.rb:65:in 'ActionDispatch::Routing::RouteSet::Dispatcher#dispatch'
actionpack (8.1.3) lib/action_dispatch/routing/route_set.rb:50:in 'ActionDispatch::Routing::RouteSet::Dispatcher#serve'
actionpack (8.1.3) lib/action_dispatch/journey/router.rb:35:in 'block in ActionDispatch::Journey::Router#serve'
actionpack (8.1.3) lib/action_dispatch/journey/router.rb:86:in 'block in ActionDispatch::Journey::Router#recognize'
actionpack (8.1.3) lib/action_dispatch/journey/router.rb:66:in 'Array#each'
actionpack (8.1.3) lib/action_dispatch/journey/router.rb:66:in 'ActionDispatch::Journey::Router#recognize'
actionpack (8.1.3) lib/action_dispatch/journey/router.rb:31:in 'ActionDispatch::Journey::Router#serve'
actionpack (8.1.3) lib/action_dispatch/routing/route_set.rb:906:in 'ActionDispatch::Routing::RouteSet#call'
railties (8.1.3) lib/rails/engine/lazy_route_set.rb:60:in 'Rails::Engine::LazyRouteSet#call'
rack (3.2.6) lib/rack/tempfile_reaper.rb:20:in 'Rack::TempfileReaper#call'
rack (3.2.6) lib/rack/etag.rb:29:in 'Rack::ETag#call'
rack (3.2.6) lib/rack/conditional_get.rb:31:in 'Rack::ConditionalGet#call'
rack (3.2.6) lib/rack/head.rb:15:in 'Rack::Head#call'
actionpack (8.1.3) lib/action_dispatch/http/content_security_policy.rb:38:in 'ActionDispatch::ContentSecurityPolicy::Middleware#call'
rack-session (2.1.2) lib/rack/session/abstract/id.rb:274:in 'Rack::Session::Abstract::Persisted#context'
rack-session (2.1.2) lib/rack/session/abstract/id.rb:268:in 'Rack::Session::Abstract::Persisted#call'
actionpack (8.1.3) lib/action_dispatch/middleware/cookies.rb:708:in 'ActionDispatch::Cookies#call'
activerecord (8.1.3) lib/active_record/migration.rb:671:in 'ActiveRecord::Migration::CheckPending#call'
actionpack (8.1.3) lib/action_dispatch/middleware/callbacks.rb:31:in 'block in ActionDispatch::Callbacks#call'
activesupport (8.1.3) lib/active_support/callbacks.rb:101:in 'ActiveSupport::Callbacks#run_callbacks'
actionpack (8.1.3) lib/action_dispatch/middleware/callbacks.rb:30:in 'ActionDispatch::Callbacks#call'
actionpack (8.1.3) lib/action_dispatch/middleware/executor.rb:20:in 'ActionDispatch::Executor#call'
actionpack (8.1.3) lib/action_dispatch/middleware/actionable_exceptions.rb:18:in 'ActionDispatch::ActionableExceptions#call'
actionpack (8.1.3) lib/action_dispatch/middleware/debug_exceptions.rb:31:in 'ActionDispatch::DebugExceptions#call'
actionpack (8.1.3) lib/action_dispatch/middleware/show_exceptions.rb:32:in 'ActionDispatch::ShowExceptions#call'
railties (8.1.3) lib/rails/rack/logger.rb:41:in 'Rails::Rack::Logger#call_app'
railties (8.1.3) lib/rails/rack/logger.rb:29:in 'Rails::Rack::Logger#call'
actionpack (8.1.3) lib/action_dispatch/middleware/remote_ip.rb:98:in 'ActionDispatch::RemoteIp#call'
actionpack (8.1.3) lib/action_dispatch/middleware/request_id.rb:34:in 'ActionDispatch::RequestId#call'
rack (3.2.6) lib/rack/method_override.rb:28:in 'Rack::MethodOverride#call'
rack (3.2.6) lib/rack/runtime.rb:24:in 'Rack::Runtime#call'
activesupport (8.1.3) lib/active_support/cache/strategy/local_cache_middleware.rb:30:in 'ActiveSupport::Cache::Strategy::LocalCache::Middleware#call'
actionpack (8.1.3) lib/action_dispatch/middleware/server_timing.rb:61:in 'block in ActionDispatch::ServerTiming#call'
actionpack (8.1.3) lib/action_dispatch/middleware/server_timing.rb:26:in 'ActionDispatch::ServerTiming::Subscriber#collect_events'
actionpack (8.1.3) lib/action_dispatch/middleware/server_timing.rb:60:in 'ActionDispatch::ServerTiming#call'
actionpack (8.1.3) lib/action_dispatch/middleware/executor.rb:20:in 'ActionDispatch::Executor#call'
actionpack (8.1.3) lib/action_dispatch/middleware/static.rb:27:in 'ActionDispatch::Static#call'
rack (3.2.6) lib/rack/sendfile.rb:131:in 'Rack::Sendfile#call'
actionpack (8.1.3) lib/action_dispatch/middleware/host_authorization.rb:143:in 'ActionDispatch::HostAuthorization#call'
rack-cors (3.0.0) lib/rack/cors.rb:102:in 'Rack::Cors#call'
railties (8.1.3) lib/rails/engine.rb:534:in 'Rails::Engine#call'
puma (8.0.0) lib/puma/configuration.rb:305:in 'Puma::Configuration::ConfigMiddleware#call'
puma (8.0.0) lib/puma/response.rb:79:in 'block in Puma::Response#handle_request'
puma (8.0.0) lib/puma/thread_pool.rb:434:in 'Puma::ThreadPool#with_force_shutdown'
puma (8.0.0) lib/puma/response.rb:78:in 'Puma::Response#handle_request'
puma (8.0.0) lib/puma/server.rb:508:in 'Puma::Server#process_client'
puma (8.0.0) lib/puma/server.rb:263:in 'block in Puma::Server#run'
puma (8.0.0) lib/puma/thread_pool.rb:246:in 'block in Puma::ThreadPool#spawn_thread'
Started GET "/admin/login" for ::1 at 2026-04-14 14:23:54 +0200
Processing by AdminController#login as HTML
  Rendering layout layouts/admin.html.erb
  Rendering admin/login.html.erb within layouts/admin
  Rendered admin/login.html.erb within layouts/admin (Duration: 0.7ms | GC: 0.0ms)
  Rendered layout layouts/admin.html.erb (Duration: 1.7ms | GC: 0.0ms)
Completed 200 OK in 2ms (Views: 2.0ms | ActiveRecord: 0.0ms (0 queries, 0 cached) | GC: 0.0ms)


Started GET "/admin/login" for ::1 at 2026-04-14 14:24:01 +0200
Processing by AdminController#login as HTML
  Rendering layout layouts/admin.html.erb
  Rendering admin/login.html.erb within layouts/admin
  Rendered admin/login.html.erb within layouts/admin (Duration: 1.2ms | GC: 0.4ms)
  Rendered layout layouts/admin.html.erb (Duration: 2.4ms | GC: 0.4ms)
Completed 200 OK in 3ms (Views: 2.9ms | ActiveRecord: 0.0ms (0 queries, 0 cached) | GC: 0.4ms)


Started GET "/favicon.ico" for ::1 at 2026-04-14 14:24:01 +0200
  
ActionController::RoutingError (No route matches [GET] "/favicon.ico"):
  
Started GET "/" for ::1 at 2026-04-14 14:24:06 +0200
Processing by AdminController#login as HTML
  Rendering layout layouts/admin.html.erb
  Rendering admin/login.html.erb within layouts/admin
  Rendered admin/login.html.erb within layouts/admin (Duration: 0.5ms | GC: 0.0ms)
  Rendered layout layouts/admin.html.erb (Duration: 1.5ms | GC: 0.0ms)
Completed 200 OK in 2ms (Views: 1.7ms | ActiveRecord: 0.0ms (0 queries, 0 cached) | GC: 0.0ms)


Started GET "/assets/application-6a20d3c756c83de6241c4cf66640f141dd4f3c571f991516303d2df8197ced17.css" for ::1 at 2026-04-14 14:24:06 +0200
Started GET "/favicon.ico" for ::1 at 2026-04-14 14:24:07 +0200
  
ActionController::RoutingError (No route matches [GET] "/favicon.ico"):
  
Started POST "/admin/login" for ::1 at 2026-04-14 14:24:33 +0200
Processing by AdminController#login as HTML
  Parameters: {"authenticity_token" => "[FILTERED]", "email" => "[FILTERED]", "password" => "[FILTERED]"}
  [1m[36mUser Load (0.4ms)[0m  [1m[34mSELECT "users".* FROM "users" WHERE "users"."email" = 'felender7@gmail.com' LIMIT 1 /*action='login',application='FreightSolutionBackEnd',controller='admin'*/[0m
  ↳ app/controllers/admin_controller.rb:6:in 'AdminController#login'
Redirected to http://[::1]:3000/admin/dashboard
↳ app/controllers/admin_controller.rb:9:in 'AdminController#login'
Completed 302 Found in 202ms (ActiveRecord: 0.4ms (1 query, 0 cached) | GC: 0.0ms)


Started GET "/admin/dashboard" for ::1 at 2026-04-14 14:24:33 +0200
Processing by Admin::DashboardController#index as HTML
Completed 404 Not Found in 0ms (ActiveRecord: 0.0ms (0 queries, 0 cached) | GC: 0.0ms)


  
AbstractController::ActionNotFound (The login action could not be found for the :require_login
callback on Admin::DashboardController, but it is listed in the controller's
:except option.

Raising for missing callback actions is a new default in Rails 7.1, if you'd
like to turn this off you can delete the option from the environment configurations
or set `config.action_controller.raise_on_missing_callback_actions` to `false`.
):
  
actionpack (8.1.3) lib/abstract_controller/callbacks.rb:64:in 'AbstractController::Callbacks::ActionFilter#match?'
activesupport (8.1.3) lib/active_support/callbacks.rb:391:in 'block in ActiveSupport::Callbacks::CallTemplate::ObjectCall#inverted_lambda'
activesupport (8.1.3) lib/active_support/callbacks.rb:178:in 'block in ActiveSupport::Callbacks::Filters::Before#call'
activesupport (8.1.3) lib/active_support/callbacks.rb:178:in 'Array#all?'
activesupport (8.1.3) lib/active_support/callbacks.rb:178:in 'ActiveSupport::Callbacks::Filters::Before#call'
activesupport (8.1.3) lib/active_support/callbacks.rb:560:in 'block in ActiveSupport::Callbacks::CallbackSequence#invoke_before'
activesupport (8.1.3) lib/active_support/callbacks.rb:560:in 'Array#each'
activesupport (8.1.3) lib/active_support/callbacks.rb:560:in 'ActiveSupport::Callbacks::CallbackSequence#invoke_before'
activesupport (8.1.3) lib/active_support/callbacks.rb:119:in 'block in ActiveSupport::Callbacks#run_callbacks'
turbo-rails (2.0.23) lib/turbo-rails.rb:24:in 'Turbo.with_request_id'
turbo-rails (2.0.23) app/controllers/concerns/turbo/request_id_tracking.rb:10:in 'Turbo::RequestIdTracking#turbo_tracking_request_id'
activesupport (8.1.3) lib/active_support/callbacks.rb:130:in 'block in ActiveSupport::Callbacks#run_callbacks'
actiontext (8.1.3) lib/action_text/rendering.rb:24:in 'ActionText::Rendering::ClassMethods#with_renderer'
actiontext (8.1.3) lib/action_text/engine.rb:72:in 'block (4 levels) in <class:Engine>'
activesupport (8.1.3) lib/active_support/callbacks.rb:130:in 'BasicObject#instance_exec'
activesupport (8.1.3) lib/active_support/callbacks.rb:130:in 'block in ActiveSupport::Callbacks#run_callbacks'
activesupport (8.1.3) lib/active_support/callbacks.rb:141:in 'ActiveSupport::Callbacks#run_callbacks'
actionpack (8.1.3) lib/abstract_controller/callbacks.rb:266:in 'AbstractController::Callbacks#process_action'
actionpack (8.1.3) lib/action_controller/metal/rescue.rb:36:in 'ActionController::Rescue#process_action'
actionpack (8.1.3) lib/action_controller/metal/instrumentation.rb:76:in 'block in ActionController::Instrumentation#process_action'
activesupport (8.1.3) lib/active_support/notifications.rb:210:in 'block in ActiveSupport::Notifications.instrument'
activesupport (8.1.3) lib/active_support/notifications/instrumenter.rb:58:in 'ActiveSupport::Notifications::Instrumenter#instrument'
activesupport (8.1.3) lib/active_support/notifications.rb:210:in 'ActiveSupport::Notifications.instrument'
actionpack (8.1.3) lib/action_controller/metal/instrumentation.rb:75:in 'ActionController::Instrumentation#process_action'
actionpack (8.1.3) lib/action_controller/metal/params_wrapper.rb:259:in 'ActionController::ParamsWrapper#process_action'
activerecord (8.1.3) lib/active_record/railties/controller_runtime.rb:39:in 'ActiveRecord::Railties::ControllerRuntime#process_action'
actionpack (8.1.3) lib/abstract_controller/base.rb:154:in 'AbstractController::Base#process'
actionview (8.1.3) lib/action_view/rendering.rb:40:in 'ActionView::Rendering#process'
actionpack (8.1.3) lib/action_controller/metal.rb:252:in 'ActionController::Metal#dispatch'
actionpack (8.1.3) lib/action_controller/metal.rb:335:in 'ActionController::Metal.dispatch'
actionpack (8.1.3) lib/action_dispatch/routing/route_set.rb:65:in 'ActionDispatch::Routing::RouteSet::Dispatcher#dispatch'
actionpack (8.1.3) lib/action_dispatch/routing/route_set.rb:50:in 'ActionDispatch::Routing::RouteSet::Dispatcher#serve'
actionpack (8.1.3) lib/action_dispatch/journey/router.rb:35:in 'block in ActionDispatch::Journey::Router#serve'
actionpack (8.1.3) lib/action_dispatch/journey/router.rb:86:in 'block in ActionDispatch::Journey::Router#recognize'
actionpack (8.1.3) lib/action_dispatch/journey/router.rb:66:in 'Array#each'
actionpack (8.1.3) lib/action_dispatch/journey/router.rb:66:in 'ActionDispatch::Journey::Router#recognize'
actionpack (8.1.3) lib/action_dispatch/journey/router.rb:31:in 'ActionDispatch::Journey::Router#serve'
actionpack (8.1.3) lib/action_dispatch/routing/route_set.rb:906:in 'ActionDispatch::Routing::RouteSet#call'
railties (8.1.3) lib/rails/engine/lazy_route_set.rb:60:in 'Rails::Engine::LazyRouteSet#call'
rack (3.2.6) lib/rack/tempfile_reaper.rb:20:in 'Rack::TempfileReaper#call'
rack (3.2.6) lib/rack/etag.rb:29:in 'Rack::ETag#call'
rack (3.2.6) lib/rack/conditional_get.rb:31:in 'Rack::ConditionalGet#call'
rack (3.2.6) lib/rack/head.rb:15:in 'Rack::Head#call'
actionpack (8.1.3) lib/action_dispatch/http/content_security_policy.rb:38:in 'ActionDispatch::ContentSecurityPolicy::Middleware#call'
rack-session (2.1.2) lib/rack/session/abstract/id.rb:274:in 'Rack::Session::Abstract::Persisted#context'
rack-session (2.1.2) lib/rack/session/abstract/id.rb:268:in 'Rack::Session::Abstract::Persisted#call'
actionpack (8.1.3) lib/action_dispatch/middleware/cookies.rb:708:in 'ActionDispatch::Cookies#call'
activerecord (8.1.3) lib/active_record/migration.rb:671:in 'ActiveRecord::Migration::CheckPending#call'
actionpack (8.1.3) lib/action_dispatch/middleware/callbacks.rb:31:in 'block in ActionDispatch::Callbacks#call'
activesupport (8.1.3) lib/active_support/callbacks.rb:101:in 'ActiveSupport::Callbacks#run_callbacks'
actionpack (8.1.3) lib/action_dispatch/middleware/callbacks.rb:30:in 'ActionDispatch::Callbacks#call'
actionpack (8.1.3) lib/action_dispatch/middleware/executor.rb:20:in 'ActionDispatch::Executor#call'
actionpack (8.1.3) lib/action_dispatch/middleware/actionable_exceptions.rb:18:in 'ActionDispatch::ActionableExceptions#call'
actionpack (8.1.3) lib/action_dispatch/middleware/debug_exceptions.rb:31:in 'ActionDispatch::DebugExceptions#call'
actionpack (8.1.3) lib/action_dispatch/middleware/show_exceptions.rb:32:in 'ActionDispatch::ShowExceptions#call'
railties (8.1.3) lib/rails/rack/logger.rb:41:in 'Rails::Rack::Logger#call_app'
railties (8.1.3) lib/rails/rack/logger.rb:29:in 'Rails::Rack::Logger#call'
actionpack (8.1.3) lib/action_dispatch/middleware/remote_ip.rb:98:in 'ActionDispatch::RemoteIp#call'
actionpack (8.1.3) lib/action_dispatch/middleware/request_id.rb:34:in 'ActionDispatch::RequestId#call'
rack (3.2.6) lib/rack/method_override.rb:28:in 'Rack::MethodOverride#call'
rack (3.2.6) lib/rack/runtime.rb:24:in 'Rack::Runtime#call'
activesupport (8.1.3) lib/active_support/cache/strategy/local_cache_middleware.rb:30:in 'ActiveSupport::Cache::Strategy::LocalCache::Middleware#call'
actionpack (8.1.3) lib/action_dispatch/middleware/server_timing.rb:61:in 'block in ActionDispatch::ServerTiming#call'
actionpack (8.1.3) lib/action_dispatch/middleware/server_timing.rb:26:in 'ActionDispatch::ServerTiming::Subscriber#collect_events'
actionpack (8.1.3) lib/action_dispatch/middleware/server_timing.rb:60:in 'ActionDispatch::ServerTiming#call'
actionpack (8.1.3) lib/action_dispatch/middleware/executor.rb:20:in 'ActionDispatch::Executor#call'
actionpack (8.1.3) lib/action_dispatch/middleware/static.rb:27:in 'ActionDispatch::Static#call'
rack (3.2.6) lib/rack/sendfile.rb:131:in 'Rack::Sendfile#call'
actionpack (8.1.3) lib/action_dispatch/middleware/host_authorization.rb:143:in 'ActionDispatch::HostAuthorization#call'
rack-cors (3.0.0) lib/rack/cors.rb:102:in 'Rack::Cors#call'
railties (8.1.3) lib/rails/engine.rb:534:in 'Rails::Engine#call'
puma (8.0.0) lib/puma/configuration.rb:305:in 'Puma::Configuration::ConfigMiddleware#call'
puma (8.0.0) lib/puma/response.rb:79:in 'block in Puma::Response#handle_request'
puma (8.0.0) lib/puma/thread_pool.rb:434:in 'Puma::ThreadPool#with_force_shutdown'
puma (8.0.0) lib/puma/response.rb:78:in 'Puma::Response#handle_request'
puma (8.0.0) lib/puma/server.rb:508:in 'Puma::Server#process_client'
puma (8.0.0) lib/puma/server.rb:263:in 'block in Puma::Server#run'
puma (8.0.0) lib/puma/thread_pool.rb:246:in 'block in Puma::ThreadPool#spawn_thread'
Started GET "/" for ::1 at 2026-04-14 14:24:51 +0200
Processing by AdminController#login as HTML
  Rendering layout layouts/admin.html.erb
  Rendering admin/login.html.erb within layouts/admin
  Rendered admin/login.html.erb within layouts/admin (Duration: 0.9ms | GC: 0.0ms)
  Rendered layout layouts/admin.html.erb (Duration: 2.4ms | GC: 0.0ms)
Completed 200 OK in 3ms (Views: 2.7ms | ActiveRecord: 0.0ms (0 queries, 0 cached) | GC: 0.0ms)


Started POST "/admin/login" for ::1 at 2026-04-14 14:24:55 +0200
Processing by AdminController#login as HTML
  Parameters: {"authenticity_token" => "[FILTERED]", "email" => "[FILTERED]", "password" => "[FILTERED]"}
  [1m[36mUser Load (0.3ms)[0m  [1m[34mSELECT "users".* FROM "users" WHERE "users"."email" = 'felender7@gmail.com' LIMIT 1 /*action='login',application='FreightSolutionBackEnd',controller='admin'*/[0m
  ↳ app/controllers/admin_controller.rb:6:in 'AdminController#login'
Redirected to http://localhost:3000/admin/dashboard
↳ app/controllers/admin_controller.rb:9:in 'AdminController#login'
Completed 302 Found in 213ms (ActiveRecord: 0.2ms (1 query, 0 cached) | GC: 0.0ms)


Started GET "/admin/dashboard" for ::1 at 2026-04-14 14:24:56 +0200
Processing by Admin::DashboardController#index as HTML
Completed 404 Not Found in 0ms (ActiveRecord: 0.0ms (0 queries, 0 cached) | GC: 0.0ms)


  
AbstractController::ActionNotFound (The login action could not be found for the :require_login
callback on Admin::DashboardController, but it is listed in the controller's
:except option.

Raising for missing callback actions is a new default in Rails 7.1, if you'd
like to turn this off you can delete the option from the environment configurations
or set `config.action_controller.raise_on_missing_callback_actions` to `false`.
):
  
actionpack (8.1.3) lib/abstract_controller/callbacks.rb:64:in 'AbstractController::Callbacks::ActionFilter#match?'
activesupport (8.1.3) lib/active_support/callbacks.rb:391:in 'block in ActiveSupport::Callbacks::CallTemplate::ObjectCall#inverted_lambda'
activesupport (8.1.3) lib/active_support/callbacks.rb:178:in 'block in ActiveSupport::Callbacks::Filters::Before#call'
activesupport (8.1.3) lib/active_support/callbacks.rb:178:in 'Array#all?'
activesupport (8.1.3) lib/active_support/callbacks.rb:178:in 'ActiveSupport::Callbacks::Filters::Before#call'
activesupport (8.1.3) lib/active_support/callbacks.rb:560:in 'block in ActiveSupport::Callbacks::CallbackSequence#invoke_before'
activesupport (8.1.3) lib/active_support/callbacks.rb:560:in 'Array#each'
activesupport (8.1.3) lib/active_support/callbacks.rb:560:in 'ActiveSupport::Callbacks::CallbackSequence#invoke_before'
activesupport (8.1.3) lib/active_support/callbacks.rb:119:in 'block in ActiveSupport::Callbacks#run_callbacks'
turbo-rails (2.0.23) lib/turbo-rails.rb:24:in 'Turbo.with_request_id'
turbo-rails (2.0.23) app/controllers/concerns/turbo/request_id_tracking.rb:10:in 'Turbo::RequestIdTracking#turbo_tracking_request_id'
activesupport (8.1.3) lib/active_support/callbacks.rb:130:in 'block in ActiveSupport::Callbacks#run_callbacks'
actiontext (8.1.3) lib/action_text/rendering.rb:24:in 'ActionText::Rendering::ClassMethods#with_renderer'
actiontext (8.1.3) lib/action_text/engine.rb:72:in 'block (4 levels) in <class:Engine>'
activesupport (8.1.3) lib/active_support/callbacks.rb:130:in 'BasicObject#instance_exec'
activesupport (8.1.3) lib/active_support/callbacks.rb:130:in 'block in ActiveSupport::Callbacks#run_callbacks'
activesupport (8.1.3) lib/active_support/callbacks.rb:141:in 'ActiveSupport::Callbacks#run_callbacks'
actionpack (8.1.3) lib/abstract_controller/callbacks.rb:266:in 'AbstractController::Callbacks#process_action'
actionpack (8.1.3) lib/action_controller/metal/rescue.rb:36:in 'ActionController::Rescue#process_action'
actionpack (8.1.3) lib/action_controller/metal/instrumentation.rb:76:in 'block in ActionController::Instrumentation#process_action'
activesupport (8.1.3) lib/active_support/notifications.rb:210:in 'block in ActiveSupport::Notifications.instrument'
activesupport (8.1.3) lib/active_support/notifications/instrumenter.rb:58:in 'ActiveSupport::Notifications::Instrumenter#instrument'
activesupport (8.1.3) lib/active_support/notifications.rb:210:in 'ActiveSupport::Notifications.instrument'
actionpack (8.1.3) lib/action_controller/metal/instrumentation.rb:75:in 'ActionController::Instrumentation#process_action'
actionpack (8.1.3) lib/action_controller/metal/params_wrapper.rb:259:in 'ActionController::ParamsWrapper#process_action'
activerecord (8.1.3) lib/active_record/railties/controller_runtime.rb:39:in 'ActiveRecord::Railties::ControllerRuntime#process_action'
actionpack (8.1.3) lib/abstract_controller/base.rb:154:in 'AbstractController::Base#process'
actionview (8.1.3) lib/action_view/rendering.rb:40:in 'ActionView::Rendering#process'
actionpack (8.1.3) lib/action_controller/metal.rb:252:in 'ActionController::Metal#dispatch'
actionpack (8.1.3) lib/action_controller/metal.rb:335:in 'ActionController::Metal.dispatch'
actionpack (8.1.3) lib/action_dispatch/routing/route_set.rb:65:in 'ActionDispatch::Routing::RouteSet::Dispatcher#dispatch'
actionpack (8.1.3) lib/action_dispatch/routing/route_set.rb:50:in 'ActionDispatch::Routing::RouteSet::Dispatcher#serve'
actionpack (8.1.3) lib/action_dispatch/journey/router.rb:35:in 'block in ActionDispatch::Journey::Router#serve'
actionpack (8.1.3) lib/action_dispatch/journey/router.rb:86:in 'block in ActionDispatch::Journey::Router#recognize'
actionpack (8.1.3) lib/action_dispatch/journey/router.rb:66:in 'Array#each'
actionpack (8.1.3) lib/action_dispatch/journey/router.rb:66:in 'ActionDispatch::Journey::Router#recognize'
actionpack (8.1.3) lib/action_dispatch/journey/router.rb:31:in 'ActionDispatch::Journey::Router#serve'
actionpack (8.1.3) lib/action_dispatch/routing/route_set.rb:906:in 'ActionDispatch::Routing::RouteSet#call'
railties (8.1.3) lib/rails/engine/lazy_route_set.rb:60:in 'Rails::Engine::LazyRouteSet#call'
rack (3.2.6) lib/rack/tempfile_reaper.rb:20:in 'Rack::TempfileReaper#call'
rack (3.2.6) lib/rack/etag.rb:29:in 'Rack::ETag#call'
rack (3.2.6) lib/rack/conditional_get.rb:31:in 'Rack::ConditionalGet#call'
rack (3.2.6) lib/rack/head.rb:15:in 'Rack::Head#call'
actionpack (8.1.3) lib/action_dispatch/http/content_security_policy.rb:38:in 'ActionDispatch::ContentSecurityPolicy::Middleware#call'
rack-session (2.1.2) lib/rack/session/abstract/id.rb:274:in 'Rack::Session::Abstract::Persisted#context'
rack-session (2.1.2) lib/rack/session/abstract/id.rb:268:in 'Rack::Session::Abstract::Persisted#call'
actionpack (8.1.3) lib/action_dispatch/middleware/cookies.rb:708:in 'ActionDispatch::Cookies#call'
activerecord (8.1.3) lib/active_record/migration.rb:671:in 'ActiveRecord::Migration::CheckPending#call'
actionpack (8.1.3) lib/action_dispatch/middleware/callbacks.rb:31:in 'block in ActionDispatch::Callbacks#call'
activesupport (8.1.3) lib/active_support/callbacks.rb:101:in 'ActiveSupport::Callbacks#run_callbacks'
actionpack (8.1.3) lib/action_dispatch/middleware/callbacks.rb:30:in 'ActionDispatch::Callbacks#call'
actionpack (8.1.3) lib/action_dispatch/middleware/executor.rb:20:in 'ActionDispatch::Executor#call'
actionpack (8.1.3) lib/action_dispatch/middleware/actionable_exceptions.rb:18:in 'ActionDispatch::ActionableExceptions#call'
actionpack (8.1.3) lib/action_dispatch/middleware/debug_exceptions.rb:31:in 'ActionDispatch::DebugExceptions#call'
actionpack (8.1.3) lib/action_dispatch/middleware/show_exceptions.rb:32:in 'ActionDispatch::ShowExceptions#call'
railties (8.1.3) lib/rails/rack/logger.rb:41:in 'Rails::Rack::Logger#call_app'
railties (8.1.3) lib/rails/rack/logger.rb:29:in 'Rails::Rack::Logger#call'
actionpack (8.1.3) lib/action_dispatch/middleware/remote_ip.rb:98:in 'ActionDispatch::RemoteIp#call'
actionpack (8.1.3) lib/action_dispatch/middleware/request_id.rb:34:in 'ActionDispatch::RequestId#call'
rack (3.2.6) lib/rack/method_override.rb:28:in 'Rack::MethodOverride#call'
rack (3.2.6) lib/rack/runtime.rb:24:in 'Rack::Runtime#call'
activesupport (8.1.3) lib/active_support/cache/strategy/local_cache_middleware.rb:30:in 'ActiveSupport::Cache::Strategy::LocalCache::Middleware#call'
actionpack (8.1.3) lib/action_dispatch/middleware/server_timing.rb:61:in 'block in ActionDispatch::ServerTiming#call'
actionpack (8.1.3) lib/action_dispatch/middleware/server_timing.rb:26:in 'ActionDispatch::ServerTiming::Subscriber#collect_events'
actionpack (8.1.3) lib/action_dispatch/middleware/server_timing.rb:60:in 'ActionDispatch::ServerTiming#call'
actionpack (8.1.3) lib/action_dispatch/middleware/executor.rb:20:in 'ActionDispatch::Executor#call'
actionpack (8.1.3) lib/action_dispatch/middleware/static.rb:27:in 'ActionDispatch::Static#call'
rack (3.2.6) lib/rack/sendfile.rb:131:in 'Rack::Sendfile#call'
actionpack (8.1.3) lib/action_dispatch/middleware/host_authorization.rb:143:in 'ActionDispatch::HostAuthorization#call'
rack-cors (3.0.0) lib/rack/cors.rb:102:in 'Rack::Cors#call'
railties (8.1.3) lib/rails/engine.rb:534:in 'Rails::Engine#call'
puma (8.0.0) lib/puma/configuration.rb:305:in 'Puma::Configuration::ConfigMiddleware#call'
puma (8.0.0) lib/puma/response.rb:79:in 'block in Puma::Response#handle_request'
puma (8.0.0) lib/puma/thread_pool.rb:434:in 'Puma::ThreadPool#with_force_shutdown'
puma (8.0.0) lib/puma/response.rb:78:in 'Puma::Response#handle_request'
puma (8.0.0) lib/puma/server.rb:508:in 'Puma::Server#process_client'
puma (8.0.0) lib/puma/server.rb:263:in 'block in Puma::Server#run'
puma (8.0.0) lib/puma/thread_pool.rb:246:in 'block in Puma::ThreadPool#spawn_thread'
Started GET "/admin/login" for ::1 at 2026-04-14 14:25:02 +0200
Processing by AdminController#login as HTML
  Rendering layout layouts/admin.html.erb
  Rendering admin/login.html.erb within layouts/admin
  Rendered admin/login.html.erb within layouts/admin (Duration: 0.7ms | GC: 0.0ms)
  Rendered layout layouts/admin.html.erb (Duration: 1.9ms | GC: 0.0ms)
Completed 200 OK in 2ms (Views: 2.2ms | ActiveRecord: 0.0ms (0 queries, 0 cached) | GC: 0.0ms)


Started GET "/admin/dashboard" for ::1 at 2026-04-14 14:25:12 +0200
Processing by Admin::DashboardController#index as HTML
Completed 404 Not Found in 0ms (ActiveRecord: 0.0ms (0 queries, 0 cached) | GC: 0.0ms)


  
AbstractController::ActionNotFound (The login action could not be found for the :require_login
callback on Admin::DashboardController, but it is listed in the controller's
:except option.

Raising for missing callback actions is a new default in Rails 7.1, if you'd
like to turn this off you can delete the option from the environment configurations
or set `config.action_controller.raise_on_missing_callback_actions` to `false`.
):
  
actionpack (8.1.3) lib/abstract_controller/callbacks.rb:64:in 'AbstractController::Callbacks::ActionFilter#match?'
activesupport (8.1.3) lib/active_support/callbacks.rb:391:in 'block in ActiveSupport::Callbacks::CallTemplate::ObjectCall#inverted_lambda'
activesupport (8.1.3) lib/active_support/callbacks.rb:178:in 'block in ActiveSupport::Callbacks::Filters::Before#call'
activesupport (8.1.3) lib/active_support/callbacks.rb:178:in 'Array#all?'
activesupport (8.1.3) lib/active_support/callbacks.rb:178:in 'ActiveSupport::Callbacks::Filters::Before#call'
activesupport (8.1.3) lib/active_support/callbacks.rb:560:in 'block in ActiveSupport::Callbacks::CallbackSequence#invoke_before'
activesupport (8.1.3) lib/active_support/callbacks.rb:560:in 'Array#each'
activesupport (8.1.3) lib/active_support/callbacks.rb:560:in 'ActiveSupport::Callbacks::CallbackSequence#invoke_before'
activesupport (8.1.3) lib/active_support/callbacks.rb:119:in 'block in ActiveSupport::Callbacks#run_callbacks'
turbo-rails (2.0.23) lib/turbo-rails.rb:24:in 'Turbo.with_request_id'
turbo-rails (2.0.23) app/controllers/concerns/turbo/request_id_tracking.rb:10:in 'Turbo::RequestIdTracking#turbo_tracking_request_id'
activesupport (8.1.3) lib/active_support/callbacks.rb:130:in 'block in ActiveSupport::Callbacks#run_callbacks'
actiontext (8.1.3) lib/action_text/rendering.rb:24:in 'ActionText::Rendering::ClassMethods#with_renderer'
actiontext (8.1.3) lib/action_text/engine.rb:72:in 'block (4 levels) in <class:Engine>'
activesupport (8.1.3) lib/active_support/callbacks.rb:130:in 'BasicObject#instance_exec'
activesupport (8.1.3) lib/active_support/callbacks.rb:130:in 'block in ActiveSupport::Callbacks#run_callbacks'
activesupport (8.1.3) lib/active_support/callbacks.rb:141:in 'ActiveSupport::Callbacks#run_callbacks'
actionpack (8.1.3) lib/abstract_controller/callbacks.rb:266:in 'AbstractController::Callbacks#process_action'
actionpack (8.1.3) lib/action_controller/metal/rescue.rb:36:in 'ActionController::Rescue#process_action'
actionpack (8.1.3) lib/action_controller/metal/instrumentation.rb:76:in 'block in ActionController::Instrumentation#process_action'
activesupport (8.1.3) lib/active_support/notifications.rb:210:in 'block in ActiveSupport::Notifications.instrument'
activesupport (8.1.3) lib/active_support/notifications/instrumenter.rb:58:in 'ActiveSupport::Notifications::Instrumenter#instrument'
activesupport (8.1.3) lib/active_support/notifications.rb:210:in 'ActiveSupport::Notifications.instrument'
actionpack (8.1.3) lib/action_controller/metal/instrumentation.rb:75:in 'ActionController::Instrumentation#process_action'
actionpack (8.1.3) lib/action_controller/metal/params_wrapper.rb:259:in 'ActionController::ParamsWrapper#process_action'
activerecord (8.1.3) lib/active_record/railties/controller_runtime.rb:39:in 'ActiveRecord::Railties::ControllerRuntime#process_action'
actionpack (8.1.3) lib/abstract_controller/base.rb:154:in 'AbstractController::Base#process'
actionview (8.1.3) lib/action_view/rendering.rb:40:in 'ActionView::Rendering#process'
actionpack (8.1.3) lib/action_controller/metal.rb:252:in 'ActionController::Metal#dispatch'
actionpack (8.1.3) lib/action_controller/metal.rb:335:in 'ActionController::Metal.dispatch'
actionpack (8.1.3) lib/action_dispatch/routing/route_set.rb:65:in 'ActionDispatch::Routing::RouteSet::Dispatcher#dispatch'
actionpack (8.1.3) lib/action_dispatch/routing/route_set.rb:50:in 'ActionDispatch::Routing::RouteSet::Dispatcher#serve'
actionpack (8.1.3) lib/action_dispatch/journey/router.rb:35:in 'block in ActionDispatch::Journey::Router#serve'
actionpack (8.1.3) lib/action_dispatch/journey/router.rb:86:in 'block in ActionDispatch::Journey::Router#recognize'
actionpack (8.1.3) lib/action_dispatch/journey/router.rb:66:in 'Array#each'
actionpack (8.1.3) lib/action_dispatch/journey/router.rb:66:in 'ActionDispatch::Journey::Router#recognize'
actionpack (8.1.3) lib/action_dispatch/journey/router.rb:31:in 'ActionDispatch::Journey::Router#serve'
actionpack (8.1.3) lib/action_dispatch/routing/route_set.rb:906:in 'ActionDispatch::Routing::RouteSet#call'
railties (8.1.3) lib/rails/engine/lazy_route_set.rb:60:in 'Rails::Engine::LazyRouteSet#call'
rack (3.2.6) lib/rack/tempfile_reaper.rb:20:in 'Rack::TempfileReaper#call'
rack (3.2.6) lib/rack/etag.rb:29:in 'Rack::ETag#call'
rack (3.2.6) lib/rack/conditional_get.rb:31:in 'Rack::ConditionalGet#call'
rack (3.2.6) lib/rack/head.rb:15:in 'Rack::Head#call'
actionpack (8.1.3) lib/action_dispatch/http/content_security_policy.rb:38:in 'ActionDispatch::ContentSecurityPolicy::Middleware#call'
rack-session (2.1.2) lib/rack/session/abstract/id.rb:274:in 'Rack::Session::Abstract::Persisted#context'
rack-session (2.1.2) lib/rack/session/abstract/id.rb:268:in 'Rack::Session::Abstract::Persisted#call'
actionpack (8.1.3) lib/action_dispatch/middleware/cookies.rb:708:in 'ActionDispatch::Cookies#call'
activerecord (8.1.3) lib/active_record/migration.rb:671:in 'ActiveRecord::Migration::CheckPending#call'
actionpack (8.1.3) lib/action_dispatch/middleware/callbacks.rb:31:in 'block in ActionDispatch::Callbacks#call'
activesupport (8.1.3) lib/active_support/callbacks.rb:101:in 'ActiveSupport::Callbacks#run_callbacks'
actionpack (8.1.3) lib/action_dispatch/middleware/callbacks.rb:30:in 'ActionDispatch::Callbacks#call'
actionpack (8.1.3) lib/action_dispatch/middleware/executor.rb:20:in 'ActionDispatch::Executor#call'
actionpack (8.1.3) lib/action_dispatch/middleware/actionable_exceptions.rb:18:in 'ActionDispatch::ActionableExceptions#call'
actionpack (8.1.3) lib/action_dispatch/middleware/debug_exceptions.rb:31:in 'ActionDispatch::DebugExceptions#call'
actionpack (8.1.3) lib/action_dispatch/middleware/show_exceptions.rb:32:in 'ActionDispatch::ShowExceptions#call'
railties (8.1.3) lib/rails/rack/logger.rb:41:in 'Rails::Rack::Logger#call_app'
railties (8.1.3) lib/rails/rack/logger.rb:29:in 'Rails::Rack::Logger#call'
actionpack (8.1.3) lib/action_dispatch/middleware/remote_ip.rb:98:in 'ActionDispatch::RemoteIp#call'
actionpack (8.1.3) lib/action_dispatch/middleware/request_id.rb:34:in 'ActionDispatch::RequestId#call'
rack (3.2.6) lib/rack/method_override.rb:28:in 'Rack::MethodOverride#call'
rack (3.2.6) lib/rack/runtime.rb:24:in 'Rack::Runtime#call'
activesupport (8.1.3) lib/active_support/cache/strategy/local_cache_middleware.rb:30:in 'ActiveSupport::Cache::Strategy::LocalCache::Middleware#call'
actionpack (8.1.3) lib/action_dispatch/middleware/server_timing.rb:61:in 'block in ActionDispatch::ServerTiming#call'
actionpack (8.1.3) lib/action_dispatch/middleware/server_timing.rb:26:in 'ActionDispatch::ServerTiming::Subscriber#collect_events'
actionpack (8.1.3) lib/action_dispatch/middleware/server_timing.rb:60:in 'ActionDispatch::ServerTiming#call'
actionpack (8.1.3) lib/action_dispatch/middleware/executor.rb:20:in 'ActionDispatch::Executor#call'
actionpack (8.1.3) lib/action_dispatch/middleware/static.rb:27:in 'ActionDispatch::Static#call'
rack (3.2.6) lib/rack/sendfile.rb:131:in 'Rack::Sendfile#call'
actionpack (8.1.3) lib/action_dispatch/middleware/host_authorization.rb:143:in 'ActionDispatch::HostAuthorization#call'
rack-cors (3.0.0) lib/rack/cors.rb:102:in 'Rack::Cors#call'
railties (8.1.3) lib/rails/engine.rb:534:in 'Rails::Engine#call'
puma (8.0.0) lib/puma/configuration.rb:305:in 'Puma::Configuration::ConfigMiddleware#call'
puma (8.0.0) lib/puma/response.rb:79:in 'block in Puma::Response#handle_request'
puma (8.0.0) lib/puma/thread_pool.rb:434:in 'Puma::ThreadPool#with_force_shutdown'
puma (8.0.0) lib/puma/response.rb:78:in 'Puma::Response#handle_request'
puma (8.0.0) lib/puma/server.rb:508:in 'Puma::Server#process_client'
puma (8.0.0) lib/puma/server.rb:263:in 'block in Puma::Server#run'
puma (8.0.0) lib/puma/thread_pool.rb:246:in 'block in Puma::ThreadPool#spawn_thread'
Started GET "/admin/employees" for ::1 at 2026-04-14 14:25:15 +0200
Processing by Admin::EmployeesController#index as HTML
Completed 404 Not Found in 0ms (ActiveRecord: 0.0ms (0 queries, 0 cached) | GC: 0.0ms)


  
AbstractController::ActionNotFound (The login action could not be found for the :require_login
callback on Admin::EmployeesController, but it is listed in the controller's
:except option.

Raising for missing callback actions is a new default in Rails 7.1, if you'd
like to turn this off you can delete the option from the environment configurations
or set `config.action_controller.raise_on_missing_callback_actions` to `false`.
):
  
actionpack (8.1.3) lib/abstract_controller/callbacks.rb:64:in 'AbstractController::Callbacks::ActionFilter#match?'
activesupport (8.1.3) lib/active_support/callbacks.rb:391:in 'block in ActiveSupport::Callbacks::CallTemplate::ObjectCall#inverted_lambda'
activesupport (8.1.3) lib/active_support/callbacks.rb:178:in 'block in ActiveSupport::Callbacks::Filters::Before#call'
activesupport (8.1.3) lib/active_support/callbacks.rb:178:in 'Array#all?'
activesupport (8.1.3) lib/active_support/callbacks.rb:178:in 'ActiveSupport::Callbacks::Filters::Before#call'
activesupport (8.1.3) lib/active_support/callbacks.rb:560:in 'block in ActiveSupport::Callbacks::CallbackSequence#invoke_before'
activesupport (8.1.3) lib/active_support/callbacks.rb:560:in 'Array#each'
activesupport (8.1.3) lib/active_support/callbacks.rb:560:in 'ActiveSupport::Callbacks::CallbackSequence#invoke_before'
activesupport (8.1.3) lib/active_support/callbacks.rb:119:in 'block in ActiveSupport::Callbacks#run_callbacks'
turbo-rails (2.0.23) lib/turbo-rails.rb:24:in 'Turbo.with_request_id'
turbo-rails (2.0.23) app/controllers/concerns/turbo/request_id_tracking.rb:10:in 'Turbo::RequestIdTracking#turbo_tracking_request_id'
activesupport (8.1.3) lib/active_support/callbacks.rb:130:in 'block in ActiveSupport::Callbacks#run_callbacks'
actiontext (8.1.3) lib/action_text/rendering.rb:24:in 'ActionText::Rendering::ClassMethods#with_renderer'
actiontext (8.1.3) lib/action_text/engine.rb:72:in 'block (4 levels) in <class:Engine>'
activesupport (8.1.3) lib/active_support/callbacks.rb:130:in 'BasicObject#instance_exec'
activesupport (8.1.3) lib/active_support/callbacks.rb:130:in 'block in ActiveSupport::Callbacks#run_callbacks'
activesupport (8.1.3) lib/active_support/callbacks.rb:141:in 'ActiveSupport::Callbacks#run_callbacks'
actionpack (8.1.3) lib/abstract_controller/callbacks.rb:266:in 'AbstractController::Callbacks#process_action'
actionpack (8.1.3) lib/action_controller/metal/rescue.rb:36:in 'ActionController::Rescue#process_action'
actionpack (8.1.3) lib/action_controller/metal/instrumentation.rb:76:in 'block in ActionController::Instrumentation#process_action'
activesupport (8.1.3) lib/active_support/notifications.rb:210:in 'block in ActiveSupport::Notifications.instrument'
activesupport (8.1.3) lib/active_support/notifications/instrumenter.rb:58:in 'ActiveSupport::Notifications::Instrumenter#instrument'
activesupport (8.1.3) lib/active_support/notifications.rb:210:in 'ActiveSupport::Notifications.instrument'
actionpack (8.1.3) lib/action_controller/metal/instrumentation.rb:75:in 'ActionController::Instrumentation#process_action'
actionpack (8.1.3) lib/action_controller/metal/params_wrapper.rb:259:in 'ActionController::ParamsWrapper#process_action'
activerecord (8.1.3) lib/active_record/railties/controller_runtime.rb:39:in 'ActiveRecord::Railties::ControllerRuntime#process_action'
actionpack (8.1.3) lib/abstract_controller/base.rb:154:in 'AbstractController::Base#process'
actionview (8.1.3) lib/action_view/rendering.rb:40:in 'ActionView::Rendering#process'
actionpack (8.1.3) lib/action_controller/metal.rb:252:in 'ActionController::Metal#dispatch'
actionpack (8.1.3) lib/action_controller/metal.rb:335:in 'ActionController::Metal.dispatch'
actionpack (8.1.3) lib/action_dispatch/routing/route_set.rb:65:in 'ActionDispatch::Routing::RouteSet::Dispatcher#dispatch'
actionpack (8.1.3) lib/action_dispatch/routing/route_set.rb:50:in 'ActionDispatch::Routing::RouteSet::Dispatcher#serve'
actionpack (8.1.3) lib/action_dispatch/journey/router.rb:35:in 'block in ActionDispatch::Journey::Router#serve'
actionpack (8.1.3) lib/action_dispatch/journey/router.rb:86:in 'block in ActionDispatch::Journey::Router#recognize'
actionpack (8.1.3) lib/action_dispatch/journey/router.rb:66:in 'Array#each'
actionpack (8.1.3) lib/action_dispatch/journey/router.rb:66:in 'ActionDispatch::Journey::Router#recognize'
actionpack (8.1.3) lib/action_dispatch/journey/router.rb:31:in 'ActionDispatch::Journey::Router#serve'
actionpack (8.1.3) lib/action_dispatch/routing/route_set.rb:906:in 'ActionDispatch::Routing::RouteSet#call'
railties (8.1.3) lib/rails/engine/lazy_route_set.rb:60:in 'Rails::Engine::LazyRouteSet#call'
rack (3.2.6) lib/rack/tempfile_reaper.rb:20:in 'Rack::TempfileReaper#call'
rack (3.2.6) lib/rack/etag.rb:29:in 'Rack::ETag#call'
rack (3.2.6) lib/rack/conditional_get.rb:31:in 'Rack::ConditionalGet#call'
rack (3.2.6) lib/rack/head.rb:15:in 'Rack::Head#call'
actionpack (8.1.3) lib/action_dispatch/http/content_security_policy.rb:38:in 'ActionDispatch::ContentSecurityPolicy::Middleware#call'
rack-session (2.1.2) lib/rack/session/abstract/id.rb:274:in 'Rack::Session::Abstract::Persisted#context'
rack-session (2.1.2) lib/rack/session/abstract/id.rb:268:in 'Rack::Session::Abstract::Persisted#call'
actionpack (8.1.3) lib/action_dispatch/middleware/cookies.rb:708:in 'ActionDispatch::Cookies#call'
activerecord (8.1.3) lib/active_record/migration.rb:671:in 'ActiveRecord::Migration::CheckPending#call'
actionpack (8.1.3) lib/action_dispatch/middleware/callbacks.rb:31:in 'block in ActionDispatch::Callbacks#call'
activesupport (8.1.3) lib/active_support/callbacks.rb:101:in 'ActiveSupport::Callbacks#run_callbacks'
actionpack (8.1.3) lib/action_dispatch/middleware/callbacks.rb:30:in 'ActionDispatch::Callbacks#call'
actionpack (8.1.3) lib/action_dispatch/middleware/executor.rb:20:in 'ActionDispatch::Executor#call'
actionpack (8.1.3) lib/action_dispatch/middleware/actionable_exceptions.rb:18:in 'ActionDispatch::ActionableExceptions#call'
actionpack (8.1.3) lib/action_dispatch/middleware/debug_exceptions.rb:31:in 'ActionDispatch::DebugExceptions#call'
actionpack (8.1.3) lib/action_dispatch/middleware/show_exceptions.rb:32:in 'ActionDispatch::ShowExceptions#call'
railties (8.1.3) lib/rails/rack/logger.rb:41:in 'Rails::Rack::Logger#call_app'
railties (8.1.3) lib/rails/rack/logger.rb:29:in 'Rails::Rack::Logger#call'
actionpack (8.1.3) lib/action_dispatch/middleware/remote_ip.rb:98:in 'ActionDispatch::RemoteIp#call'
actionpack (8.1.3) lib/action_dispatch/middleware/request_id.rb:34:in 'ActionDispatch::RequestId#call'
rack (3.2.6) lib/rack/method_override.rb:28:in 'Rack::MethodOverride#call'
rack (3.2.6) lib/rack/runtime.rb:24:in 'Rack::Runtime#call'
activesupport (8.1.3) lib/active_support/cache/strategy/local_cache_middleware.rb:30:in 'ActiveSupport::Cache::Strategy::LocalCache::Middleware#call'
actionpack (8.1.3) lib/action_dispatch/middleware/server_timing.rb:61:in 'block in ActionDispatch::ServerTiming#call'
actionpack (8.1.3) lib/action_dispatch/middleware/server_timing.rb:26:in 'ActionDispatch::ServerTiming::Subscriber#collect_events'
actionpack (8.1.3) lib/action_dispatch/middleware/server_timing.rb:60:in 'ActionDispatch::ServerTiming#call'
actionpack (8.1.3) lib/action_dispatch/middleware/executor.rb:20:in 'ActionDispatch::Executor#call'
actionpack (8.1.3) lib/action_dispatch/middleware/static.rb:27:in 'ActionDispatch::Static#call'
rack (3.2.6) lib/rack/sendfile.rb:131:in 'Rack::Sendfile#call'
actionpack (8.1.3) lib/action_dispatch/middleware/host_authorization.rb:143:in 'ActionDispatch::HostAuthorization#call'
rack-cors (3.0.0) lib/rack/cors.rb:102:in 'Rack::Cors#call'
railties (8.1.3) lib/rails/engine.rb:534:in 'Rails::Engine#call'
puma (8.0.0) lib/puma/configuration.rb:305:in 'Puma::Configuration::ConfigMiddleware#call'
puma (8.0.0) lib/puma/response.rb:79:in 'block in Puma::Response#handle_request'
puma (8.0.0) lib/puma/thread_pool.rb:434:in 'Puma::ThreadPool#with_force_shutdown'
puma (8.0.0) lib/puma/response.rb:78:in 'Puma::Response#handle_request'
puma (8.0.0) lib/puma/server.rb:508:in 'Puma::Server#process_client'
puma (8.0.0) lib/puma/server.rb:263:in 'block in Puma::Server#run'
puma (8.0.0) lib/puma/thread_pool.rb:246:in 'block in Puma::ThreadPool#spawn_thread'
Started GET "/admin/vendors" for ::1 at 2026-04-14 14:25:18 +0200
Processing by Admin::VendorsController#index as HTML
Completed 404 Not Found in 0ms (ActiveRecord: 0.0ms (0 queries, 0 cached) | GC: 0.0ms)


  
AbstractController::ActionNotFound (The login action could not be found for the :require_login
callback on Admin::VendorsController, but it is listed in the controller's
:except option.

Raising for missing callback actions is a new default in Rails 7.1, if you'd
like to turn this off you can delete the option from the environment configurations
or set `config.action_controller.raise_on_missing_callback_actions` to `false`.
):
  
actionpack (8.1.3) lib/abstract_controller/callbacks.rb:64:in 'AbstractController::Callbacks::ActionFilter#match?'
activesupport (8.1.3) lib/active_support/callbacks.rb:391:in 'block in ActiveSupport::Callbacks::CallTemplate::ObjectCall#inverted_lambda'
activesupport (8.1.3) lib/active_support/callbacks.rb:178:in 'block in ActiveSupport::Callbacks::Filters::Before#call'
activesupport (8.1.3) lib/active_support/callbacks.rb:178:in 'Array#all?'
activesupport (8.1.3) lib/active_support/callbacks.rb:178:in 'ActiveSupport::Callbacks::Filters::Before#call'
activesupport (8.1.3) lib/active_support/callbacks.rb:560:in 'block in ActiveSupport::Callbacks::CallbackSequence#invoke_before'
activesupport (8.1.3) lib/active_support/callbacks.rb:560:in 'Array#each'
activesupport (8.1.3) lib/active_support/callbacks.rb:560:in 'ActiveSupport::Callbacks::CallbackSequence#invoke_before'
activesupport (8.1.3) lib/active_support/callbacks.rb:119:in 'block in ActiveSupport::Callbacks#run_callbacks'
turbo-rails (2.0.23) lib/turbo-rails.rb:24:in 'Turbo.with_request_id'
turbo-rails (2.0.23) app/controllers/concerns/turbo/request_id_tracking.rb:10:in 'Turbo::RequestIdTracking#turbo_tracking_request_id'
activesupport (8.1.3) lib/active_support/callbacks.rb:130:in 'block in ActiveSupport::Callbacks#run_callbacks'
actiontext (8.1.3) lib/action_text/rendering.rb:24:in 'ActionText::Rendering::ClassMethods#with_renderer'
actiontext (8.1.3) lib/action_text/engine.rb:72:in 'block (4 levels) in <class:Engine>'
activesupport (8.1.3) lib/active_support/callbacks.rb:130:in 'BasicObject#instance_exec'
activesupport (8.1.3) lib/active_support/callbacks.rb:130:in 'block in ActiveSupport::Callbacks#run_callbacks'
activesupport (8.1.3) lib/active_support/callbacks.rb:141:in 'ActiveSupport::Callbacks#run_callbacks'
actionpack (8.1.3) lib/abstract_controller/callbacks.rb:266:in 'AbstractController::Callbacks#process_action'
actionpack (8.1.3) lib/action_controller/metal/rescue.rb:36:in 'ActionController::Rescue#process_action'
actionpack (8.1.3) lib/action_controller/metal/instrumentation.rb:76:in 'block in ActionController::Instrumentation#process_action'
activesupport (8.1.3) lib/active_support/notifications.rb:210:in 'block in ActiveSupport::Notifications.instrument'
activesupport (8.1.3) lib/active_support/notifications/instrumenter.rb:58:in 'ActiveSupport::Notifications::Instrumenter#instrument'
activesupport (8.1.3) lib/active_support/notifications.rb:210:in 'ActiveSupport::Notifications.instrument'
actionpack (8.1.3) lib/action_controller/metal/instrumentation.rb:75:in 'ActionController::Instrumentation#process_action'
actionpack (8.1.3) lib/action_controller/metal/params_wrapper.rb:259:in 'ActionController::ParamsWrapper#process_action'
activerecord (8.1.3) lib/active_record/railties/controller_runtime.rb:39:in 'ActiveRecord::Railties::ControllerRuntime#process_action'
actionpack (8.1.3) lib/abstract_controller/base.rb:154:in 'AbstractController::Base#process'
actionview (8.1.3) lib/action_view/rendering.rb:40:in 'ActionView::Rendering#process'
actionpack (8.1.3) lib/action_controller/metal.rb:252:in 'ActionController::Metal#dispatch'
actionpack (8.1.3) lib/action_controller/metal.rb:335:in 'ActionController::Metal.dispatch'
actionpack (8.1.3) lib/action_dispatch/routing/route_set.rb:65:in 'ActionDispatch::Routing::RouteSet::Dispatcher#dispatch'
actionpack (8.1.3) lib/action_dispatch/routing/route_set.rb:50:in 'ActionDispatch::Routing::RouteSet::Dispatcher#serve'
actionpack (8.1.3) lib/action_dispatch/journey/router.rb:35:in 'block in ActionDispatch::Journey::Router#serve'
actionpack (8.1.3) lib/action_dispatch/journey/router.rb:86:in 'block in ActionDispatch::Journey::Router#recognize'
actionpack (8.1.3) lib/action_dispatch/journey/router.rb:66:in 'Array#each'
actionpack (8.1.3) lib/action_dispatch/journey/router.rb:66:in 'ActionDispatch::Journey::Router#recognize'
actionpack (8.1.3) lib/action_dispatch/journey/router.rb:31:in 'ActionDispatch::Journey::Router#serve'
actionpack (8.1.3) lib/action_dispatch/routing/route_set.rb:906:in 'ActionDispatch::Routing::RouteSet#call'
railties (8.1.3) lib/rails/engine/lazy_route_set.rb:60:in 'Rails::Engine::LazyRouteSet#call'
rack (3.2.6) lib/rack/tempfile_reaper.rb:20:in 'Rack::TempfileReaper#call'
rack (3.2.6) lib/rack/etag.rb:29:in 'Rack::ETag#call'
rack (3.2.6) lib/rack/conditional_get.rb:31:in 'Rack::ConditionalGet#call'
rack (3.2.6) lib/rack/head.rb:15:in 'Rack::Head#call'
actionpack (8.1.3) lib/action_dispatch/http/content_security_policy.rb:38:in 'ActionDispatch::ContentSecurityPolicy::Middleware#call'
rack-session (2.1.2) lib/rack/session/abstract/id.rb:274:in 'Rack::Session::Abstract::Persisted#context'
rack-session (2.1.2) lib/rack/session/abstract/id.rb:268:in 'Rack::Session::Abstract::Persisted#call'
actionpack (8.1.3) lib/action_dispatch/middleware/cookies.rb:708:in 'ActionDispatch::Cookies#call'
activerecord (8.1.3) lib/active_record/migration.rb:671:in 'ActiveRecord::Migration::CheckPending#call'
actionpack (8.1.3) lib/action_dispatch/middleware/callbacks.rb:31:in 'block in ActionDispatch::Callbacks#call'
activesupport (8.1.3) lib/active_support/callbacks.rb:101:in 'ActiveSupport::Callbacks#run_callbacks'
actionpack (8.1.3) lib/action_dispatch/middleware/callbacks.rb:30:in 'ActionDispatch::Callbacks#call'
actionpack (8.1.3) lib/action_dispatch/middleware/executor.rb:20:in 'ActionDispatch::Executor#call'
actionpack (8.1.3) lib/action_dispatch/middleware/actionable_exceptions.rb:18:in 'ActionDispatch::ActionableExceptions#call'
actionpack (8.1.3) lib/action_dispatch/middleware/debug_exceptions.rb:31:in 'ActionDispatch::DebugExceptions#call'
actionpack (8.1.3) lib/action_dispatch/middleware/show_exceptions.rb:32:in 'ActionDispatch::ShowExceptions#call'
railties (8.1.3) lib/rails/rack/logger.rb:41:in 'Rails::Rack::Logger#call_app'
railties (8.1.3) lib/rails/rack/logger.rb:29:in 'Rails::Rack::Logger#call'
actionpack (8.1.3) lib/action_dispatch/middleware/remote_ip.rb:98:in 'ActionDispatch::RemoteIp#call'
actionpack (8.1.3) lib/action_dispatch/middleware/request_id.rb:34:in 'ActionDispatch::RequestId#call'
rack (3.2.6) lib/rack/method_override.rb:28:in 'Rack::MethodOverride#call'
rack (3.2.6) lib/rack/runtime.rb:24:in 'Rack::Runtime#call'
activesupport (8.1.3) lib/active_support/cache/strategy/local_cache_middleware.rb:30:in 'ActiveSupport::Cache::Strategy::LocalCache::Middleware#call'
actionpack (8.1.3) lib/action_dispatch/middleware/server_timing.rb:61:in 'block in ActionDispatch::ServerTiming#call'
actionpack (8.1.3) lib/action_dispatch/middleware/server_timing.rb:26:in 'ActionDispatch::ServerTiming::Subscriber#collect_events'
actionpack (8.1.3) lib/action_dispatch/middleware/server_timing.rb:60:in 'ActionDispatch::ServerTiming#call'
actionpack (8.1.3) lib/action_dispatch/middleware/executor.rb:20:in 'ActionDispatch::Executor#call'
actionpack (8.1.3) lib/action_dispatch/middleware/static.rb:27:in 'ActionDispatch::Static#call'
rack (3.2.6) lib/rack/sendfile.rb:131:in 'Rack::Sendfile#call'
actionpack (8.1.3) lib/action_dispatch/middleware/host_authorization.rb:143:in 'ActionDispatch::HostAuthorization#call'
rack-cors (3.0.0) lib/rack/cors.rb:102:in 'Rack::Cors#call'
railties (8.1.3) lib/rails/engine.rb:534:in 'Rails::Engine#call'
puma (8.0.0) lib/puma/configuration.rb:305:in 'Puma::Configuration::ConfigMiddleware#call'
puma (8.0.0) lib/puma/response.rb:79:in 'block in Puma::Response#handle_request'
puma (8.0.0) lib/puma/thread_pool.rb:434:in 'Puma::ThreadPool#with_force_shutdown'
puma (8.0.0) lib/puma/response.rb:78:in 'Puma::Response#handle_request'
puma (8.0.0) lib/puma/server.rb:508:in 'Puma::Server#process_client'
puma (8.0.0) lib/puma/server.rb:263:in 'block in Puma::Server#run'
puma (8.0.0) lib/puma/thread_pool.rb:246:in 'block in Puma::ThreadPool#spawn_thread'
Started POST "/api/v1/auth/login" for ::1 at 2026-04-14 14:25:52 +0200
Processing by Api::V1::AuthController#login as JSON
  Parameters: {"email" => "[FILTERED]", "password" => "[FILTERED]", "auth" => {"email" => "[FILTERED]", "password" => "[FILTERED]"}}
  [1m[36mUser Load (0.3ms)[0m  [1m[34mSELECT "users".* FROM "users" WHERE "users"."email" = 'felender7@gmail.com' LIMIT 1 /*action='login',application='FreightSolutionBackEnd',controller='auth'*/[0m
  ↳ app/controllers/api/v1/auth_controller.rb:5:in 'Api::V1::AuthController#login'
Completed 200 OK in 192ms (Views: 0.2ms | ActiveRecord: 0.3ms (1 query, 0 cached) | GC: 0.0ms)


Started POST "/api/v1/auth/login" for ::1 at 2026-04-14 14:26:29 +0200
Processing by Api::V1::AuthController#login as JSON
  Parameters: {"email" => "[FILTERED]", "password" => "[FILTERED]", "auth" => {"email" => "[FILTERED]", "password" => "[FILTERED]"}}
  [1m[36mUser Load (0.3ms)[0m  [1m[34mSELECT "users".* FROM "users" WHERE "users"."email" = 'felender7@gmail.com' LIMIT 1 /*action='login',application='FreightSolutionBackEnd',controller='auth'*/[0m
  ↳ app/controllers/api/v1/auth_controller.rb:5:in 'Api::V1::AuthController#login'
Completed 200 OK in 209ms (Views: 0.1ms | ActiveRecord: 0.3ms (1 query, 0 cached) | GC: 0.0ms)


Started POST "/api/v1/auth/login" for ::1 at 2026-04-14 14:27:12 +0200
Processing by Api::V1::AuthController#login as JSON
  Parameters: {"email" => "[FILTERED]", "password" => "[FILTERED]", "auth" => {"email" => "[FILTERED]", "password" => "[FILTERED]"}}
  [1m[36mUser Load (0.3ms)[0m  [1m[34mSELECT "users".* FROM "users" WHERE "users"."email" = 'felender7@gmail.com' LIMIT 1 /*action='login',application='FreightSolutionBackEnd',controller='auth'*/[0m
  ↳ app/controllers/api/v1/auth_controller.rb:5:in 'Api::V1::AuthController#login'
Completed 200 OK in 206ms (Views: 0.1ms | ActiveRecord: 0.3ms (1 query, 0 cached) | GC: 0.0ms)


Started GET "/admin/login" for ::1 at 2026-04-14 14:28:00 +0200
Processing by AdminController#login as HTML
  Rendering layout layouts/admin.html.erb
  Rendering admin/login.html.erb within layouts/admin
  Rendered admin/login.html.erb within layouts/admin (Duration: 0.6ms | GC: 0.0ms)
  Rendered layout layouts/admin.html.erb (Duration: 1.6ms | GC: 0.0ms)
Completed 200 OK in 2ms (Views: 1.8ms | ActiveRecord: 0.0ms (0 queries, 0 cached) | GC: 0.0ms)


Started GET "/admin/login" for ::1 at 2026-04-14 14:32:04 +0200
Processing by AdminController#login as HTML
  Rendering layout layouts/admin.html.erb
  Rendering admin/login.html.erb within layouts/admin
  Rendered admin/login.html.erb within layouts/admin (Duration: 0.9ms | GC: 0.0ms)
  Rendered layout layouts/admin.html.erb (Duration: 2.8ms | GC: 0.6ms)
Completed 200 OK in 4ms (Views: 3.4ms | ActiveRecord: 0.0ms (0 queries, 0 cached) | GC: 0.6ms)


Started POST "/admin/login" for ::1 at 2026-04-14 14:32:09 +0200
Processing by AdminController#login as HTML
  Parameters: {"authenticity_token" => "[FILTERED]", "email" => "[FILTERED]", "password" => "[FILTERED]"}
  [1m[36mUser Load (0.2ms)[0m  [1m[34mSELECT "users".* FROM "users" WHERE "users"."email" = 'felender7@gmail.com' LIMIT 1 /*action='login',application='FreightSolutionBackEnd',controller='admin'*/[0m
  ↳ app/controllers/admin_controller.rb:6:in 'AdminController#login'
Redirected to http://localhost:3000/admin/dashboard
↳ app/controllers/admin_controller.rb:9:in 'AdminController#login'
Completed 302 Found in 208ms (ActiveRecord: 1.4ms (1 query, 0 cached) | GC: 0.0ms)


Started GET "/admin/dashboard" for ::1 at 2026-04-14 14:32:09 +0200
Processing by Admin::DashboardController#index as HTML
Completed 404 Not Found in 0ms (ActiveRecord: 0.0ms (0 queries, 0 cached) | GC: 0.0ms)


  
AbstractController::ActionNotFound (The login action could not be found for the :require_login
callback on Admin::DashboardController, but it is listed in the controller's
:except option.

Raising for missing callback actions is a new default in Rails 7.1, if you'd
like to turn this off you can delete the option from the environment configurations
or set `config.action_controller.raise_on_missing_callback_actions` to `false`.
):
  
actionpack (8.1.3) lib/abstract_controller/callbacks.rb:64:in 'AbstractController::Callbacks::ActionFilter#match?'
activesupport (8.1.3) lib/active_support/callbacks.rb:391:in 'block in ActiveSupport::Callbacks::CallTemplate::ObjectCall#inverted_lambda'
activesupport (8.1.3) lib/active_support/callbacks.rb:178:in 'block in ActiveSupport::Callbacks::Filters::Before#call'
activesupport (8.1.3) lib/active_support/callbacks.rb:178:in 'Array#all?'
activesupport (8.1.3) lib/active_support/callbacks.rb:178:in 'ActiveSupport::Callbacks::Filters::Before#call'
activesupport (8.1.3) lib/active_support/callbacks.rb:560:in 'block in ActiveSupport::Callbacks::CallbackSequence#invoke_before'
activesupport (8.1.3) lib/active_support/callbacks.rb:560:in 'Array#each'
activesupport (8.1.3) lib/active_support/callbacks.rb:560:in 'ActiveSupport::Callbacks::CallbackSequence#invoke_before'
activesupport (8.1.3) lib/active_support/callbacks.rb:119:in 'block in ActiveSupport::Callbacks#run_callbacks'
turbo-rails (2.0.23) lib/turbo-rails.rb:24:in 'Turbo.with_request_id'
turbo-rails (2.0.23) app/controllers/concerns/turbo/request_id_tracking.rb:10:in 'Turbo::RequestIdTracking#turbo_tracking_request_id'
activesupport (8.1.3) lib/active_support/callbacks.rb:130:in 'block in ActiveSupport::Callbacks#run_callbacks'
actiontext (8.1.3) lib/action_text/rendering.rb:24:in 'ActionText::Rendering::ClassMethods#with_renderer'
actiontext (8.1.3) lib/action_text/engine.rb:72:in 'block (4 levels) in <class:Engine>'
activesupport (8.1.3) lib/active_support/callbacks.rb:130:in 'BasicObject#instance_exec'
activesupport (8.1.3) lib/active_support/callbacks.rb:130:in 'block in ActiveSupport::Callbacks#run_callbacks'
activesupport (8.1.3) lib/active_support/callbacks.rb:141:in 'ActiveSupport::Callbacks#run_callbacks'
actionpack (8.1.3) lib/abstract_controller/callbacks.rb:266:in 'AbstractController::Callbacks#process_action'
actionpack (8.1.3) lib/action_controller/metal/rescue.rb:36:in 'ActionController::Rescue#process_action'
actionpack (8.1.3) lib/action_controller/metal/instrumentation.rb:76:in 'block in ActionController::Instrumentation#process_action'
activesupport (8.1.3) lib/active_support/notifications.rb:210:in 'block in ActiveSupport::Notifications.instrument'
activesupport (8.1.3) lib/active_support/notifications/instrumenter.rb:58:in 'ActiveSupport::Notifications::Instrumenter#instrument'
activesupport (8.1.3) lib/active_support/notifications.rb:210:in 'ActiveSupport::Notifications.instrument'
actionpack (8.1.3) lib/action_controller/metal/instrumentation.rb:75:in 'ActionController::Instrumentation#process_action'
actionpack (8.1.3) lib/action_controller/metal/params_wrapper.rb:259:in 'ActionController::ParamsWrapper#process_action'
activerecord (8.1.3) lib/active_record/railties/controller_runtime.rb:39:in 'ActiveRecord::Railties::ControllerRuntime#process_action'
actionpack (8.1.3) lib/abstract_controller/base.rb:154:in 'AbstractController::Base#process'
actionview (8.1.3) lib/action_view/rendering.rb:40:in 'ActionView::Rendering#process'
actionpack (8.1.3) lib/action_controller/metal.rb:252:in 'ActionController::Metal#dispatch'
actionpack (8.1.3) lib/action_controller/metal.rb:335:in 'ActionController::Metal.dispatch'
actionpack (8.1.3) lib/action_dispatch/routing/route_set.rb:65:in 'ActionDispatch::Routing::RouteSet::Dispatcher#dispatch'
actionpack (8.1.3) lib/action_dispatch/routing/route_set.rb:50:in 'ActionDispatch::Routing::RouteSet::Dispatcher#serve'
actionpack (8.1.3) lib/action_dispatch/journey/router.rb:35:in 'block in ActionDispatch::Journey::Router#serve'
actionpack (8.1.3) lib/action_dispatch/journey/router.rb:86:in 'block in ActionDispatch::Journey::Router#recognize'
actionpack (8.1.3) lib/action_dispatch/journey/router.rb:66:in 'Array#each'
actionpack (8.1.3) lib/action_dispatch/journey/router.rb:66:in 'ActionDispatch::Journey::Router#recognize'
actionpack (8.1.3) lib/action_dispatch/journey/router.rb:31:in 'ActionDispatch::Journey::Router#serve'
actionpack (8.1.3) lib/action_dispatch/routing/route_set.rb:906:in 'ActionDispatch::Routing::RouteSet#call'
railties (8.1.3) lib/rails/engine/lazy_route_set.rb:60:in 'Rails::Engine::LazyRouteSet#call'
rack (3.2.6) lib/rack/tempfile_reaper.rb:20:in 'Rack::TempfileReaper#call'
rack (3.2.6) lib/rack/etag.rb:29:in 'Rack::ETag#call'
rack (3.2.6) lib/rack/conditional_get.rb:31:in 'Rack::ConditionalGet#call'
rack (3.2.6) lib/rack/head.rb:15:in 'Rack::Head#call'
actionpack (8.1.3) lib/action_dispatch/http/content_security_policy.rb:38:in 'ActionDispatch::ContentSecurityPolicy::Middleware#call'
rack-session (2.1.2) lib/rack/session/abstract/id.rb:274:in 'Rack::Session::Abstract::Persisted#context'
rack-session (2.1.2) lib/rack/session/abstract/id.rb:268:in 'Rack::Session::Abstract::Persisted#call'
actionpack (8.1.3) lib/action_dispatch/middleware/cookies.rb:708:in 'ActionDispatch::Cookies#call'
activerecord (8.1.3) lib/active_record/migration.rb:671:in 'ActiveRecord::Migration::CheckPending#call'
actionpack (8.1.3) lib/action_dispatch/middleware/callbacks.rb:31:in 'block in ActionDispatch::Callbacks#call'
activesupport (8.1.3) lib/active_support/callbacks.rb:101:in 'ActiveSupport::Callbacks#run_callbacks'
actionpack (8.1.3) lib/action_dispatch/middleware/callbacks.rb:30:in 'ActionDispatch::Callbacks#call'
actionpack (8.1.3) lib/action_dispatch/middleware/executor.rb:20:in 'ActionDispatch::Executor#call'
actionpack (8.1.3) lib/action_dispatch/middleware/actionable_exceptions.rb:18:in 'ActionDispatch::ActionableExceptions#call'
actionpack (8.1.3) lib/action_dispatch/middleware/debug_exceptions.rb:31:in 'ActionDispatch::DebugExceptions#call'
actionpack (8.1.3) lib/action_dispatch/middleware/show_exceptions.rb:32:in 'ActionDispatch::ShowExceptions#call'
railties (8.1.3) lib/rails/rack/logger.rb:41:in 'Rails::Rack::Logger#call_app'
railties (8.1.3) lib/rails/rack/logger.rb:29:in 'Rails::Rack::Logger#call'
actionpack (8.1.3) lib/action_dispatch/middleware/remote_ip.rb:98:in 'ActionDispatch::RemoteIp#call'
actionpack (8.1.3) lib/action_dispatch/middleware/request_id.rb:34:in 'ActionDispatch::RequestId#call'
rack (3.2.6) lib/rack/method_override.rb:28:in 'Rack::MethodOverride#call'
rack (3.2.6) lib/rack/runtime.rb:24:in 'Rack::Runtime#call'
activesupport (8.1.3) lib/active_support/cache/strategy/local_cache_middleware.rb:30:in 'ActiveSupport::Cache::Strategy::LocalCache::Middleware#call'
actionpack (8.1.3) lib/action_dispatch/middleware/server_timing.rb:61:in 'block in ActionDispatch::ServerTiming#call'
actionpack (8.1.3) lib/action_dispatch/middleware/server_timing.rb:26:in 'ActionDispatch::ServerTiming::Subscriber#collect_events'
actionpack (8.1.3) lib/action_dispatch/middleware/server_timing.rb:60:in 'ActionDispatch::ServerTiming#call'
actionpack (8.1.3) lib/action_dispatch/middleware/executor.rb:20:in 'ActionDispatch::Executor#call'
actionpack (8.1.3) lib/action_dispatch/middleware/static.rb:27:in 'ActionDispatch::Static#call'
rack (3.2.6) lib/rack/sendfile.rb:131:in 'Rack::Sendfile#call'
actionpack (8.1.3) lib/action_dispatch/middleware/host_authorization.rb:143:in 'ActionDispatch::HostAuthorization#call'
rack-cors (3.0.0) lib/rack/cors.rb:102:in 'Rack::Cors#call'
railties (8.1.3) lib/rails/engine.rb:534:in 'Rails::Engine#call'
puma (8.0.0) lib/puma/configuration.rb:305:in 'Puma::Configuration::ConfigMiddleware#call'
puma (8.0.0) lib/puma/response.rb:79:in 'block in Puma::Response#handle_request'
puma (8.0.0) lib/puma/thread_pool.rb:434:in 'Puma::ThreadPool#with_force_shutdown'
puma (8.0.0) lib/puma/response.rb:78:in 'Puma::Response#handle_request'
puma (8.0.0) lib/puma/server.rb:508:in 'Puma::Server#process_client'
puma (8.0.0) lib/puma/server.rb:263:in 'block in Puma::Server#run'
puma (8.0.0) lib/puma/thread_pool.rb:246:in 'block in Puma::ThreadPool#spawn_thread'
Started GET "/admin/login" for ::1 at 2026-04-14 14:32:11 +0200
Processing by AdminController#login as HTML
  Rendering layout layouts/admin.html.erb
  Rendering admin/login.html.erb within layouts/admin
  Rendered admin/login.html.erb within layouts/admin (Duration: 0.8ms | GC: 0.0ms)
  Rendered layout layouts/admin.html.erb (Duration: 2.6ms | GC: 0.5ms)
Completed 200 OK in 4ms (Views: 3.3ms | ActiveRecord: 0.0ms (0 queries, 0 cached) | GC: 0.5ms)


Started GET "/admin/login" for ::1 at 2026-04-14 14:32:17 +0200
Processing by AdminController#login as HTML
  Rendering layout layouts/admin.html.erb
  Rendering admin/login.html.erb within layouts/admin
  Rendered admin/login.html.erb within layouts/admin (Duration: 0.9ms | GC: 0.0ms)
  Rendered layout layouts/admin.html.erb (Duration: 2.0ms | GC: 0.0ms)
Completed 200 OK in 3ms (Views: 2.7ms | ActiveRecord: 0.0ms (0 queries, 0 cached) | GC: 0.0ms)


Started POST "/admin/login" for ::1 at 2026-04-14 14:32:25 +0200
Processing by AdminController#login as HTML
  Parameters: {"authenticity_token" => "[FILTERED]", "email" => "[FILTERED]", "password" => "[FILTERED]"}
  [1m[36mUser Load (0.2ms)[0m  [1m[34mSELECT "users".* FROM "users" WHERE "users"."email" = 'felender7@gmail.com' LIMIT 1 /*action='login',application='FreightSolutionBackEnd',controller='admin'*/[0m
  ↳ app/controllers/admin_controller.rb:6:in 'AdminController#login'
Redirected to http://localhost:3000/admin/dashboard
↳ app/controllers/admin_controller.rb:9:in 'AdminController#login'
Completed 302 Found in 225ms (ActiveRecord: 1.7ms (1 query, 0 cached) | GC: 9.8ms)


Started GET "/admin/dashboard" for ::1 at 2026-04-14 14:32:25 +0200
Processing by Admin::DashboardController#index as HTML
Completed 404 Not Found in 1ms (ActiveRecord: 0.0ms (0 queries, 0 cached) | GC: 0.8ms)


  
AbstractController::ActionNotFound (The login action could not be found for the :require_login
callback on Admin::DashboardController, but it is listed in the controller's
:except option.

Raising for missing callback actions is a new default in Rails 7.1, if you'd
like to turn this off you can delete the option from the environment configurations
or set `config.action_controller.raise_on_missing_callback_actions` to `false`.
):
  
actionpack (8.1.3) lib/abstract_controller/callbacks.rb:64:in 'AbstractController::Callbacks::ActionFilter#match?'
activesupport (8.1.3) lib/active_support/callbacks.rb:391:in 'block in ActiveSupport::Callbacks::CallTemplate::ObjectCall#inverted_lambda'
activesupport (8.1.3) lib/active_support/callbacks.rb:178:in 'block in ActiveSupport::Callbacks::Filters::Before#call'
activesupport (8.1.3) lib/active_support/callbacks.rb:178:in 'Array#all?'
activesupport (8.1.3) lib/active_support/callbacks.rb:178:in 'ActiveSupport::Callbacks::Filters::Before#call'
activesupport (8.1.3) lib/active_support/callbacks.rb:560:in 'block in ActiveSupport::Callbacks::CallbackSequence#invoke_before'
activesupport (8.1.3) lib/active_support/callbacks.rb:560:in 'Array#each'
activesupport (8.1.3) lib/active_support/callbacks.rb:560:in 'ActiveSupport::Callbacks::CallbackSequence#invoke_before'
activesupport (8.1.3) lib/active_support/callbacks.rb:119:in 'block in ActiveSupport::Callbacks#run_callbacks'
turbo-rails (2.0.23) lib/turbo-rails.rb:24:in 'Turbo.with_request_id'
turbo-rails (2.0.23) app/controllers/concerns/turbo/request_id_tracking.rb:10:in 'Turbo::RequestIdTracking#turbo_tracking_request_id'
activesupport (8.1.3) lib/active_support/callbacks.rb:130:in 'block in ActiveSupport::Callbacks#run_callbacks'
actiontext (8.1.3) lib/action_text/rendering.rb:24:in 'ActionText::Rendering::ClassMethods#with_renderer'
actiontext (8.1.3) lib/action_text/engine.rb:72:in 'block (4 levels) in <class:Engine>'
activesupport (8.1.3) lib/active_support/callbacks.rb:130:in 'BasicObject#instance_exec'
activesupport (8.1.3) lib/active_support/callbacks.rb:130:in 'block in ActiveSupport::Callbacks#run_callbacks'
activesupport (8.1.3) lib/active_support/callbacks.rb:141:in 'ActiveSupport::Callbacks#run_callbacks'
actionpack (8.1.3) lib/abstract_controller/callbacks.rb:266:in 'AbstractController::Callbacks#process_action'
actionpack (8.1.3) lib/action_controller/metal/rescue.rb:36:in 'ActionController::Rescue#process_action'
actionpack (8.1.3) lib/action_controller/metal/instrumentation.rb:76:in 'block in ActionController::Instrumentation#process_action'
activesupport (8.1.3) lib/active_support/notifications.rb:210:in 'block in ActiveSupport::Notifications.instrument'
activesupport (8.1.3) lib/active_support/notifications/instrumenter.rb:58:in 'ActiveSupport::Notifications::Instrumenter#instrument'
activesupport (8.1.3) lib/active_support/notifications.rb:210:in 'ActiveSupport::Notifications.instrument'
actionpack (8.1.3) lib/action_controller/metal/instrumentation.rb:75:in 'ActionController::Instrumentation#process_action'
actionpack (8.1.3) lib/action_controller/metal/params_wrapper.rb:259:in 'ActionController::ParamsWrapper#process_action'
activerecord (8.1.3) lib/active_record/railties/controller_runtime.rb:39:in 'ActiveRecord::Railties::ControllerRuntime#process_action'
actionpack (8.1.3) lib/abstract_controller/base.rb:154:in 'AbstractController::Base#process'
actionview (8.1.3) lib/action_view/rendering.rb:40:in 'ActionView::Rendering#process'
actionpack (8.1.3) lib/action_controller/metal.rb:252:in 'ActionController::Metal#dispatch'
actionpack (8.1.3) lib/action_controller/metal.rb:335:in 'ActionController::Metal.dispatch'
actionpack (8.1.3) lib/action_dispatch/routing/route_set.rb:65:in 'ActionDispatch::Routing::RouteSet::Dispatcher#dispatch'
actionpack (8.1.3) lib/action_dispatch/routing/route_set.rb:50:in 'ActionDispatch::Routing::RouteSet::Dispatcher#serve'
actionpack (8.1.3) lib/action_dispatch/journey/router.rb:35:in 'block in ActionDispatch::Journey::Router#serve'
actionpack (8.1.3) lib/action_dispatch/journey/router.rb:86:in 'block in ActionDispatch::Journey::Router#recognize'
actionpack (8.1.3) lib/action_dispatch/journey/router.rb:66:in 'Array#each'
actionpack (8.1.3) lib/action_dispatch/journey/router.rb:66:in 'ActionDispatch::Journey::Router#recognize'
actionpack (8.1.3) lib/action_dispatch/journey/router.rb:31:in 'ActionDispatch::Journey::Router#serve'
actionpack (8.1.3) lib/action_dispatch/routing/route_set.rb:906:in 'ActionDispatch::Routing::RouteSet#call'
railties (8.1.3) lib/rails/engine/lazy_route_set.rb:60:in 'Rails::Engine::LazyRouteSet#call'
rack (3.2.6) lib/rack/tempfile_reaper.rb:20:in 'Rack::TempfileReaper#call'
rack (3.2.6) lib/rack/etag.rb:29:in 'Rack::ETag#call'
rack (3.2.6) lib/rack/conditional_get.rb:31:in 'Rack::ConditionalGet#call'
rack (3.2.6) lib/rack/head.rb:15:in 'Rack::Head#call'
actionpack (8.1.3) lib/action_dispatch/http/content_security_policy.rb:38:in 'ActionDispatch::ContentSecurityPolicy::Middleware#call'
rack-session (2.1.2) lib/rack/session/abstract/id.rb:274:in 'Rack::Session::Abstract::Persisted#context'
rack-session (2.1.2) lib/rack/session/abstract/id.rb:268:in 'Rack::Session::Abstract::Persisted#call'
actionpack (8.1.3) lib/action_dispatch/middleware/cookies.rb:708:in 'ActionDispatch::Cookies#call'
activerecord (8.1.3) lib/active_record/migration.rb:671:in 'ActiveRecord::Migration::CheckPending#call'
actionpack (8.1.3) lib/action_dispatch/middleware/callbacks.rb:31:in 'block in ActionDispatch::Callbacks#call'
activesupport (8.1.3) lib/active_support/callbacks.rb:101:in 'ActiveSupport::Callbacks#run_callbacks'
actionpack (8.1.3) lib/action_dispatch/middleware/callbacks.rb:30:in 'ActionDispatch::Callbacks#call'
actionpack (8.1.3) lib/action_dispatch/middleware/executor.rb:20:in 'ActionDispatch::Executor#call'
actionpack (8.1.3) lib/action_dispatch/middleware/actionable_exceptions.rb:18:in 'ActionDispatch::ActionableExceptions#call'
actionpack (8.1.3) lib/action_dispatch/middleware/debug_exceptions.rb:31:in 'ActionDispatch::DebugExceptions#call'
actionpack (8.1.3) lib/action_dispatch/middleware/show_exceptions.rb:32:in 'ActionDispatch::ShowExceptions#call'
railties (8.1.3) lib/rails/rack/logger.rb:41:in 'Rails::Rack::Logger#call_app'
railties (8.1.3) lib/rails/rack/logger.rb:29:in 'Rails::Rack::Logger#call'
actionpack (8.1.3) lib/action_dispatch/middleware/remote_ip.rb:98:in 'ActionDispatch::RemoteIp#call'
actionpack (8.1.3) lib/action_dispatch/middleware/request_id.rb:34:in 'ActionDispatch::RequestId#call'
rack (3.2.6) lib/rack/method_override.rb:28:in 'Rack::MethodOverride#call'
rack (3.2.6) lib/rack/runtime.rb:24:in 'Rack::Runtime#call'
activesupport (8.1.3) lib/active_support/cache/strategy/local_cache_middleware.rb:30:in 'ActiveSupport::Cache::Strategy::LocalCache::Middleware#call'
actionpack (8.1.3) lib/action_dispatch/middleware/server_timing.rb:61:in 'block in ActionDispatch::ServerTiming#call'
actionpack (8.1.3) lib/action_dispatch/middleware/server_timing.rb:26:in 'ActionDispatch::ServerTiming::Subscriber#collect_events'
actionpack (8.1.3) lib/action_dispatch/middleware/server_timing.rb:60:in 'ActionDispatch::ServerTiming#call'
actionpack (8.1.3) lib/action_dispatch/middleware/executor.rb:20:in 'ActionDispatch::Executor#call'
actionpack (8.1.3) lib/action_dispatch/middleware/static.rb:27:in 'ActionDispatch::Static#call'
rack (3.2.6) lib/rack/sendfile.rb:131:in 'Rack::Sendfile#call'
actionpack (8.1.3) lib/action_dispatch/middleware/host_authorization.rb:143:in 'ActionDispatch::HostAuthorization#call'
rack-cors (3.0.0) lib/rack/cors.rb:102:in 'Rack::Cors#call'
railties (8.1.3) lib/rails/engine.rb:534:in 'Rails::Engine#call'
puma (8.0.0) lib/puma/configuration.rb:305:in 'Puma::Configuration::ConfigMiddleware#call'
puma (8.0.0) lib/puma/response.rb:79:in 'block in Puma::Response#handle_request'
puma (8.0.0) lib/puma/thread_pool.rb:434:in 'Puma::ThreadPool#with_force_shutdown'
puma (8.0.0) lib/puma/response.rb:78:in 'Puma::Response#handle_request'
puma (8.0.0) lib/puma/server.rb:508:in 'Puma::Server#process_client'
puma (8.0.0) lib/puma/server.rb:263:in 'block in Puma::Server#run'
puma (8.0.0) lib/puma/thread_pool.rb:246:in 'block in Puma::ThreadPool#spawn_thread'
Started GET "/admin/login" for ::1 at 2026-04-14 14:32:27 +0200
Processing by AdminController#login as HTML
  Rendering layout layouts/admin.html.erb
  Rendering admin/login.html.erb within layouts/admin
  Rendered admin/login.html.erb within layouts/admin (Duration: 1.0ms | GC: 0.0ms)
  Rendered layout layouts/admin.html.erb (Duration: 2.4ms | GC: 0.0ms)
Completed 200 OK in 4ms (Views: 3.2ms | ActiveRecord: 0.0ms (0 queries, 0 cached) | GC: 0.0ms)


Generating image variants require the image_processing gem. Please add `gem "image_processing", "~> 1.2"` to your Gemfile or set `config.active_storage.variant_processor = :disabled`.
Started GET "/admin/login" for ::1 at 2026-04-14 14:34:45 +0200
Processing by AdminController#login as HTML
  Rendering layout layouts/admin_login.html.erb
  Rendering admin/login.html.erb within layouts/admin_login
  Rendered admin/login.html.erb within layouts/admin_login (Duration: 0.9ms | GC: 0.0ms)
  Rendered layout layouts/admin_login.html.erb (Duration: 1.3ms | GC: 0.0ms)
Completed 200 OK in 2ms (Views: 1.9ms | ActiveRecord: 0.0ms (0 queries, 0 cached) | GC: 0.0ms)


Started POST "/admin/login" for ::1 at 2026-04-14 14:34:48 +0200
Processing by AdminController#login as HTML
  Parameters: {"authenticity_token" => "[FILTERED]", "email" => "[FILTERED]", "password" => "[FILTERED]"}
  [1m[36mUser Load (0.3ms)[0m  [1m[34mSELECT "users".* FROM "users" WHERE "users"."email" = 'felender7@gmail.com' LIMIT 1 /*action='login',application='FreightSolutionBackEnd',controller='admin'*/[0m
  ↳ app/controllers/admin_controller.rb:7:in 'AdminController#login'
Redirected to http://localhost:3000/admin/dashboard
↳ app/controllers/admin_controller.rb:10:in 'AdminController#login'
Completed 302 Found in 222ms (ActiveRecord: 2.0ms (1 query, 0 cached) | GC: 0.7ms)


Started GET "/admin/dashboard" for ::1 at 2026-04-14 14:34:48 +0200
Processing by Admin::DashboardController#index as HTML
  [1m[36mEmployee Count (0.4ms)[0m  [1m[34mSELECT COUNT(*) FROM "employees" /*action='index',application='FreightSolutionBackEnd',controller='dashboard'*/[0m
  ↳ app/controllers/admin/dashboard_controller.rb:3:in 'Admin::DashboardController#index'
  [1m[36mVendor Count (0.3ms)[0m  [1m[34mSELECT COUNT(*) FROM "vendors" /*action='index',application='FreightSolutionBackEnd',controller='dashboard'*/[0m
  ↳ app/controllers/admin/dashboard_controller.rb:4:in 'Admin::DashboardController#index'
  [1m[36mShipment Count (0.2ms)[0m  [1m[34mSELECT COUNT(*) FROM "shipments" /*action='index',application='FreightSolutionBackEnd',controller='dashboard'*/[0m
  ↳ app/controllers/admin/dashboard_controller.rb:5:in 'Admin::DashboardController#index'
  [1m[36mInvoice Count (0.3ms)[0m  [1m[34mSELECT COUNT(*) FROM "invoices" /*action='index',application='FreightSolutionBackEnd',controller='dashboard'*/[0m
  ↳ app/controllers/admin/dashboard_controller.rb:6:in 'Admin::DashboardController#index'
  [1m[36mInvoice Sum (0.2ms)[0m  [1m[34mSELECT SUM("invoices"."amount") FROM "invoices" WHERE "invoices"."status" = 'paid' /*action='index',application='FreightSolutionBackEnd',controller='dashboard'*/[0m
  ↳ app/controllers/admin/dashboard_controller.rb:7:in 'Admin::DashboardController#index'
  [1m[36mInvoice Count (0.1ms)[0m  [1m[34mSELECT COUNT(*) FROM "invoices" WHERE "invoices"."status" = 'pending' /*action='index',application='FreightSolutionBackEnd',controller='dashboard'*/[0m
  ↳ app/controllers/admin/dashboard_controller.rb:8:in 'Admin::DashboardController#index'
  Rendering layout layouts/admin.html.erb
  Rendering admin/dashboard/index.html.erb within layouts/admin
  [1m[36mUser Load (0.2ms)[0m  [1m[34mSELECT "users".* FROM "users" WHERE "users"."id" = 1 LIMIT 1 /*action='index',application='FreightSolutionBackEnd',controller='dashboard'*/[0m
  ↳ app/controllers/admin/base_controller.rb:24:in 'Admin::BaseController#current_user'
  [1m[36mShipment Exists? (0.2ms)[0m  [1m[34mSELECT 1 AS one FROM "shipments" LIMIT 1 /*action='index',application='FreightSolutionBackEnd',controller='dashboard'*/[0m
  ↳ app/views/admin/dashboard/index.html.erb:39
  [1m[36mInvoice Exists? (0.1ms)[0m  [1m[34mSELECT 1 AS one FROM "invoices" LIMIT 1 /*action='index',application='FreightSolutionBackEnd',controller='dashboard'*/[0m
  ↳ app/views/admin/dashboard/index.html.erb:71
  Rendered admin/dashboard/index.html.erb within layouts/admin (Duration: 7.1ms | GC: 0.0ms)
  Rendered layout layouts/admin.html.erb (Duration: 9.0ms | GC: 0.0ms)
Completed 200 OK in 33ms (Views: 10.1ms | ActiveRecord: 3.6ms (9 queries, 0 cached) | GC: 1.5ms)


Started GET "/admin/dashboard" for ::1 at 2026-04-14 14:34:54 +0200
Processing by Admin::DashboardController#index as HTML
  [1m[36mEmployee Count (0.3ms)[0m  [1m[34mSELECT COUNT(*) FROM "employees" /*action='index',application='FreightSolutionBackEnd',controller='dashboard'*/[0m
  ↳ app/controllers/admin/dashboard_controller.rb:3:in 'Admin::DashboardController#index'
  [1m[36mVendor Count (0.2ms)[0m  [1m[34mSELECT COUNT(*) FROM "vendors" /*action='index',application='FreightSolutionBackEnd',controller='dashboard'*/[0m
  ↳ app/controllers/admin/dashboard_controller.rb:4:in 'Admin::DashboardController#index'
  [1m[36mShipment Count (0.1ms)[0m  [1m[34mSELECT COUNT(*) FROM "shipments" /*action='index',application='FreightSolutionBackEnd',controller='dashboard'*/[0m
  ↳ app/controllers/admin/dashboard_controller.rb:5:in 'Admin::DashboardController#index'
  [1m[36mInvoice Count (0.1ms)[0m  [1m[34mSELECT COUNT(*) FROM "invoices" /*action='index',application='FreightSolutionBackEnd',controller='dashboard'*/[0m
  ↳ app/controllers/admin/dashboard_controller.rb:6:in 'Admin::DashboardController#index'
  [1m[36mInvoice Sum (0.1ms)[0m  [1m[34mSELECT SUM("invoices"."amount") FROM "invoices" WHERE "invoices"."status" = 'paid' /*action='index',application='FreightSolutionBackEnd',controller='dashboard'*/[0m
  ↳ app/controllers/admin/dashboard_controller.rb:7:in 'Admin::DashboardController#index'
  [1m[36mInvoice Count (0.1ms)[0m  [1m[34mSELECT COUNT(*) FROM "invoices" WHERE "invoices"."status" = 'pending' /*action='index',application='FreightSolutionBackEnd',controller='dashboard'*/[0m
  ↳ app/controllers/admin/dashboard_controller.rb:8:in 'Admin::DashboardController#index'
  Rendering layout layouts/admin.html.erb
  Rendering admin/dashboard/index.html.erb within layouts/admin
  [1m[36mUser Load (0.1ms)[0m  [1m[34mSELECT "users".* FROM "users" WHERE "users"."id" = 1 LIMIT 1 /*action='index',application='FreightSolutionBackEnd',controller='dashboard'*/[0m
  ↳ app/controllers/admin/base_controller.rb:24:in 'Admin::BaseController#current_user'
  [1m[36mShipment Exists? (0.1ms)[0m  [1m[34mSELECT 1 AS one FROM "shipments" LIMIT 1 /*action='index',application='FreightSolutionBackEnd',controller='dashboard'*/[0m
  ↳ app/views/admin/dashboard/index.html.erb:39
  [1m[36mInvoice Exists? (0.2ms)[0m  [1m[34mSELECT 1 AS one FROM "invoices" LIMIT 1 /*action='index',application='FreightSolutionBackEnd',controller='dashboard'*/[0m
  ↳ app/views/admin/dashboard/index.html.erb:71
  Rendered admin/dashboard/index.html.erb within layouts/admin (Duration: 3.6ms | GC: 0.7ms)
  Rendered layout layouts/admin.html.erb (Duration: 5.0ms | GC: 0.7ms)
Completed 200 OK in 12ms (Views: 5.0ms | ActiveRecord: 1.2ms (9 queries, 0 cached) | GC: 0.7ms)


Started GET "/admin/dashboard" for ::1 at 2026-04-14 14:35:13 +0200
Processing by Admin::DashboardController#index as HTML
  [1m[36mEmployee Count (0.2ms)[0m  [1m[34mSELECT COUNT(*) FROM "employees" /*action='index',application='FreightSolutionBackEnd',controller='dashboard'*/[0m
  ↳ app/controllers/admin/dashboard_controller.rb:3:in 'Admin::DashboardController#index'
  [1m[36mVendor Count (0.1ms)[0m  [1m[34mSELECT COUNT(*) FROM "vendors" /*action='index',application='FreightSolutionBackEnd',controller='dashboard'*/[0m
  ↳ app/controllers/admin/dashboard_controller.rb:4:in 'Admin::DashboardController#index'
  [1m[36mShipment Count (0.1ms)[0m  [1m[34mSELECT COUNT(*) FROM "shipments" /*action='index',application='FreightSolutionBackEnd',controller='dashboard'*/[0m
  ↳ app/controllers/admin/dashboard_controller.rb:5:in 'Admin::DashboardController#index'
  [1m[36mInvoice Count (0.1ms)[0m  [1m[34mSELECT COUNT(*) FROM "invoices" /*action='index',application='FreightSolutionBackEnd',controller='dashboard'*/[0m
  ↳ app/controllers/admin/dashboard_controller.rb:6:in 'Admin::DashboardController#index'
  [1m[36mInvoice Sum (0.1ms)[0m  [1m[34mSELECT SUM("invoices"."amount") FROM "invoices" WHERE "invoices"."status" = 'paid' /*action='index',application='FreightSolutionBackEnd',controller='dashboard'*/[0m
  ↳ app/controllers/admin/dashboard_controller.rb:7:in 'Admin::DashboardController#index'
  [1m[36mInvoice Count (0.1ms)[0m  [1m[34mSELECT COUNT(*) FROM "invoices" WHERE "invoices"."status" = 'pending' /*action='index',application='FreightSolutionBackEnd',controller='dashboard'*/[0m
  ↳ app/controllers/admin/dashboard_controller.rb:8:in 'Admin::DashboardController#index'
  Rendering layout layouts/admin.html.erb
  Rendering admin/dashboard/index.html.erb within layouts/admin
  [1m[36mUser Load (0.2ms)[0m  [1m[34mSELECT "users".* FROM "users" WHERE "users"."id" = 1 LIMIT 1 /*action='index',application='FreightSolutionBackEnd',controller='dashboard'*/[0m
  ↳ app/controllers/admin/base_controller.rb:24:in 'Admin::BaseController#current_user'
  [1m[36mShipment Exists? (0.1ms)[0m  [1m[34mSELECT 1 AS one FROM "shipments" LIMIT 1 /*action='index',application='FreightSolutionBackEnd',controller='dashboard'*/[0m
  ↳ app/views/admin/dashboard/index.html.erb:39
  [1m[36mInvoice Exists? (0.1ms)[0m  [1m[34mSELECT 1 AS one FROM "invoices" LIMIT 1 /*action='index',application='FreightSolutionBackEnd',controller='dashboard'*/[0m
  ↳ app/views/admin/dashboard/index.html.erb:71
  Rendered admin/dashboard/index.html.erb within layouts/admin (Duration: 2.4ms | GC: 0.0ms)
  Rendered layout layouts/admin.html.erb (Duration: 4.7ms | GC: 0.7ms)
Completed 200 OK in 10ms (Views: 4.8ms | ActiveRecord: 1.0ms (9 queries, 0 cached) | GC: 0.7ms)


Started GET "/admin/dashboard" for ::1 at 2026-04-14 14:35:16 +0200
Processing by Admin::DashboardController#index as HTML
  [1m[36mEmployee Count (0.3ms)[0m  [1m[34mSELECT COUNT(*) FROM "employees" /*action='index',application='FreightSolutionBackEnd',controller='dashboard'*/[0m
  ↳ app/controllers/admin/dashboard_controller.rb:3:in 'Admin::DashboardController#index'
  [1m[36mVendor Count (0.1ms)[0m  [1m[34mSELECT COUNT(*) FROM "vendors" /*action='index',application='FreightSolutionBackEnd',controller='dashboard'*/[0m
  ↳ app/controllers/admin/dashboard_controller.rb:4:in 'Admin::DashboardController#index'
  [1m[36mShipment Count (0.1ms)[0m  [1m[34mSELECT COUNT(*) FROM "shipments" /*action='index',application='FreightSolutionBackEnd',controller='dashboard'*/[0m
  ↳ app/controllers/admin/dashboard_controller.rb:5:in 'Admin::DashboardController#index'
  [1m[36mInvoice Count (0.1ms)[0m  [1m[34mSELECT COUNT(*) FROM "invoices" /*action='index',application='FreightSolutionBackEnd',controller='dashboard'*/[0m
  ↳ app/controllers/admin/dashboard_controller.rb:6:in 'Admin::DashboardController#index'
  [1m[36mInvoice Sum (0.1ms)[0m  [1m[34mSELECT SUM("invoices"."amount") FROM "invoices" WHERE "invoices"."status" = 'paid' /*action='index',application='FreightSolutionBackEnd',controller='dashboard'*/[0m
  ↳ app/controllers/admin/dashboard_controller.rb:7:in 'Admin::DashboardController#index'
  [1m[36mInvoice Count (0.1ms)[0m  [1m[34mSELECT COUNT(*) FROM "invoices" WHERE "invoices"."status" = 'pending' /*action='index',application='FreightSolutionBackEnd',controller='dashboard'*/[0m
  ↳ app/controllers/admin/dashboard_controller.rb:8:in 'Admin::DashboardController#index'
  Rendering layout layouts/admin.html.erb
  Rendering admin/dashboard/index.html.erb within layouts/admin
  [1m[36mUser Load (0.1ms)[0m  [1m[34mSELECT "users".* FROM "users" WHERE "users"."id" = 1 LIMIT 1 /*action='index',application='FreightSolutionBackEnd',controller='dashboard'*/[0m
  ↳ app/controllers/admin/base_controller.rb:24:in 'Admin::BaseController#current_user'
  [1m[36mShipment Exists? (0.1ms)[0m  [1m[34mSELECT 1 AS one FROM "shipments" LIMIT 1 /*action='index',application='FreightSolutionBackEnd',controller='dashboard'*/[0m
  ↳ app/views/admin/dashboard/index.html.erb:39
  [1m[36mInvoice Exists? (0.1ms)[0m  [1m[34mSELECT 1 AS one FROM "invoices" LIMIT 1 /*action='index',application='FreightSolutionBackEnd',controller='dashboard'*/[0m
  ↳ app/views/admin/dashboard/index.html.erb:71
  Rendered admin/dashboard/index.html.erb within layouts/admin (Duration: 2.3ms | GC: 0.0ms)
  Rendered layout layouts/admin.html.erb (Duration: 3.4ms | GC: 0.0ms)
Completed 200 OK in 9ms (Views: 3.4ms | ActiveRecord: 1.1ms (9 queries, 0 cached) | GC: 0.4ms)


Started GET "/admin/dashboard" for ::1 at 2026-04-14 14:35:17 +0200
Processing by Admin::DashboardController#index as HTML
  [1m[36mEmployee Count (0.3ms)[0m  [1m[34mSELECT COUNT(*) FROM "employees" /*action='index',application='FreightSolutionBackEnd',controller='dashboard'*/[0m
  ↳ app/controllers/admin/dashboard_controller.rb:3:in 'Admin::DashboardController#index'
  [1m[36mVendor Count (0.1ms)[0m  [1m[34mSELECT COUNT(*) FROM "vendors" /*action='index',application='FreightSolutionBackEnd',controller='dashboard'*/[0m
  ↳ app/controllers/admin/dashboard_controller.rb:4:in 'Admin::DashboardController#index'
  [1m[36mShipment Count (0.1ms)[0m  [1m[34mSELECT COUNT(*) FROM "shipments" /*action='index',application='FreightSolutionBackEnd',controller='dashboard'*/[0m
  ↳ app/controllers/admin/dashboard_controller.rb:5:in 'Admin::DashboardController#index'
  [1m[36mInvoice Count (0.1ms)[0m  [1m[34mSELECT COUNT(*) FROM "invoices" /*action='index',application='FreightSolutionBackEnd',controller='dashboard'*/[0m
  ↳ app/controllers/admin/dashboard_controller.rb:6:in 'Admin::DashboardController#index'
  [1m[36mInvoice Sum (0.2ms)[0m  [1m[34mSELECT SUM("invoices"."amount") FROM "invoices" WHERE "invoices"."status" = 'paid' /*action='index',application='FreightSolutionBackEnd',controller='dashboard'*/[0m
  ↳ app/controllers/admin/dashboard_controller.rb:7:in 'Admin::DashboardController#index'
  [1m[36mInvoice Count (0.1ms)[0m  [1m[34mSELECT COUNT(*) FROM "invoices" WHERE "invoices"."status" = 'pending' /*action='index',application='FreightSolutionBackEnd',controller='dashboard'*/[0m
  ↳ app/controllers/admin/dashboard_controller.rb:8:in 'Admin::DashboardController#index'
  Rendering layout layouts/admin.html.erb
  Rendering admin/dashboard/index.html.erb within layouts/admin
  [1m[36mUser Load (0.3ms)[0m  [1m[34mSELECT "users".* FROM "users" WHERE "users"."id" = 1 LIMIT 1 /*action='index',application='FreightSolutionBackEnd',controller='dashboard'*/[0m
  ↳ app/controllers/admin/base_controller.rb:24:in 'Admin::BaseController#current_user'
  [1m[36mShipment Exists? (0.1ms)[0m  [1m[34mSELECT 1 AS one FROM "shipments" LIMIT 1 /*action='index',application='FreightSolutionBackEnd',controller='dashboard'*/[0m
  ↳ app/views/admin/dashboard/index.html.erb:39
  [1m[36mInvoice Exists? (0.1ms)[0m  [1m[34mSELECT 1 AS one FROM "invoices" LIMIT 1 /*action='index',application='FreightSolutionBackEnd',controller='dashboard'*/[0m
  ↳ app/views/admin/dashboard/index.html.erb:71
  Rendered admin/dashboard/index.html.erb within layouts/admin (Duration: 2.1ms | GC: 0.0ms)
  Rendered layout layouts/admin.html.erb (Duration: 3.1ms | GC: 0.0ms)
Completed 200 OK in 10ms (Views: 3.0ms | ActiveRecord: 1.3ms (9 queries, 0 cached) | GC: 1.9ms)


Started GET "/admin/dashboard" for ::1 at 2026-04-14 14:35:18 +0200
Processing by Admin::DashboardController#index as HTML
  [1m[36mEmployee Count (0.2ms)[0m  [1m[34mSELECT COUNT(*) FROM "employees" /*action='index',application='FreightSolutionBackEnd',controller='dashboard'*/[0m
  ↳ app/controllers/admin/dashboard_controller.rb:3:in 'Admin::DashboardController#index'
  [1m[36mVendor Count (0.1ms)[0m  [1m[34mSELECT COUNT(*) FROM "vendors" /*action='index',application='FreightSolutionBackEnd',controller='dashboard'*/[0m
  ↳ app/controllers/admin/dashboard_controller.rb:4:in 'Admin::DashboardController#index'
  [1m[36mShipment Count (0.1ms)[0m  [1m[34mSELECT COUNT(*) FROM "shipments" /*action='index',application='FreightSolutionBackEnd',controller='dashboard'*/[0m
  ↳ app/controllers/admin/dashboard_controller.rb:5:in 'Admin::DashboardController#index'
  [1m[36mInvoice Count (0.1ms)[0m  [1m[34mSELECT COUNT(*) FROM "invoices" /*action='index',application='FreightSolutionBackEnd',controller='dashboard'*/[0m
  ↳ app/controllers/admin/dashboard_controller.rb:6:in 'Admin::DashboardController#index'
  [1m[36mInvoice Sum (0.1ms)[0m  [1m[34mSELECT SUM("invoices"."amount") FROM "invoices" WHERE "invoices"."status" = 'paid' /*action='index',application='FreightSolutionBackEnd',controller='dashboard'*/[0m
  ↳ app/controllers/admin/dashboard_controller.rb:7:in 'Admin::DashboardController#index'
  [1m[36mInvoice Count (0.1ms)[0m  [1m[34mSELECT COUNT(*) FROM "invoices" WHERE "invoices"."status" = 'pending' /*action='index',application='FreightSolutionBackEnd',controller='dashboard'*/[0m
  ↳ app/controllers/admin/dashboard_controller.rb:8:in 'Admin::DashboardController#index'
  Rendering layout layouts/admin.html.erb
  Rendering admin/dashboard/index.html.erb within layouts/admin
  [1m[36mUser Load (0.1ms)[0m  [1m[34mSELECT "users".* FROM "users" WHERE "users"."id" = 1 LIMIT 1 /*action='index',application='FreightSolutionBackEnd',controller='dashboard'*/[0m
  ↳ app/controllers/admin/base_controller.rb:24:in 'Admin::BaseController#current_user'
  [1m[36mShipment Exists? (0.1ms)[0m  [1m[34mSELECT 1 AS one FROM "shipments" LIMIT 1 /*action='index',application='FreightSolutionBackEnd',controller='dashboard'*/[0m
  ↳ app/views/admin/dashboard/index.html.erb:39
  [1m[36mInvoice Exists? (0.0ms)[0m  [1m[34mSELECT 1 AS one FROM "invoices" LIMIT 1 /*action='index',application='FreightSolutionBackEnd',controller='dashboard'*/[0m
  ↳ app/views/admin/dashboard/index.html.erb:71
  Rendered admin/dashboard/index.html.erb within layouts/admin (Duration: 1.5ms | GC: 0.0ms)
  Rendered layout layouts/admin.html.erb (Duration: 2.6ms | GC: 0.0ms)
Completed 200 OK in 7ms (Views: 2.7ms | ActiveRecord: 0.8ms (9 queries, 0 cached) | GC: 0.0ms)


Started GET "/admin/dashboard" for ::1 at 2026-04-14 14:35:25 +0200
Processing by Admin::DashboardController#index as HTML
  [1m[36mEmployee Count (0.3ms)[0m  [1m[34mSELECT COUNT(*) FROM "employees" /*action='index',application='FreightSolutionBackEnd',controller='dashboard'*/[0m
  ↳ app/controllers/admin/dashboard_controller.rb:3:in 'Admin::DashboardController#index'
  [1m[36mVendor Count (0.1ms)[0m  [1m[34mSELECT COUNT(*) FROM "vendors" /*action='index',application='FreightSolutionBackEnd',controller='dashboard'*/[0m
  ↳ app/controllers/admin/dashboard_controller.rb:4:in 'Admin::DashboardController#index'
  [1m[36mShipment Count (0.1ms)[0m  [1m[34mSELECT COUNT(*) FROM "shipments" /*action='index',application='FreightSolutionBackEnd',controller='dashboard'*/[0m
  ↳ app/controllers/admin/dashboard_controller.rb:5:in 'Admin::DashboardController#index'
  [1m[36mInvoice Count (0.1ms)[0m  [1m[34mSELECT COUNT(*) FROM "invoices" /*action='index',application='FreightSolutionBackEnd',controller='dashboard'*/[0m
  ↳ app/controllers/admin/dashboard_controller.rb:6:in 'Admin::DashboardController#index'
  [1m[36mInvoice Sum (0.1ms)[0m  [1m[34mSELECT SUM("invoices"."amount") FROM "invoices" WHERE "invoices"."status" = 'paid' /*action='index',application='FreightSolutionBackEnd',controller='dashboard'*/[0m
  ↳ app/controllers/admin/dashboard_controller.rb:7:in 'Admin::DashboardController#index'
  [1m[36mInvoice Count (0.1ms)[0m  [1m[34mSELECT COUNT(*) FROM "invoices" WHERE "invoices"."status" = 'pending' /*action='index',application='FreightSolutionBackEnd',controller='dashboard'*/[0m
  ↳ app/controllers/admin/dashboard_controller.rb:8:in 'Admin::DashboardController#index'
  Rendering layout layouts/admin.html.erb
  Rendering admin/dashboard/index.html.erb within layouts/admin
  [1m[36mUser Load (0.2ms)[0m  [1m[34mSELECT "users".* FROM "users" WHERE "users"."id" = 1 LIMIT 1 /*action='index',application='FreightSolutionBackEnd',controller='dashboard'*/[0m
  ↳ app/controllers/admin/base_controller.rb:24:in 'Admin::BaseController#current_user'
  [1m[36mShipment Exists? (0.1ms)[0m  [1m[34mSELECT 1 AS one FROM "shipments" LIMIT 1 /*action='index',application='FreightSolutionBackEnd',controller='dashboard'*/[0m
  ↳ app/views/admin/dashboard/index.html.erb:39
  [1m[36mInvoice Exists? (0.1ms)[0m  [1m[34mSELECT 1 AS one FROM "invoices" LIMIT 1 /*action='index',application='FreightSolutionBackEnd',controller='dashboard'*/[0m
  ↳ app/views/admin/dashboard/index.html.erb:71
  Rendered admin/dashboard/index.html.erb within layouts/admin (Duration: 2.4ms | GC: 0.0ms)
  Rendered layout layouts/admin.html.erb (Duration: 3.4ms | GC: 0.0ms)
Completed 200 OK in 8ms (Views: 3.5ms | ActiveRecord: 1.1ms (9 queries, 0 cached) | GC: 0.0ms)


Started GET "/admin/dashboard" for ::1 at 2026-04-14 14:35:52 +0200
Processing by Admin::DashboardController#index as HTML
  [1m[36mEmployee Count (0.3ms)[0m  [1m[34mSELECT COUNT(*) FROM "employees" /*action='index',application='FreightSolutionBackEnd',controller='dashboard'*/[0m
  ↳ app/controllers/admin/dashboard_controller.rb:3:in 'Admin::DashboardController#index'
  [1m[36mVendor Count (0.1ms)[0m  [1m[34mSELECT COUNT(*) FROM "vendors" /*action='index',application='FreightSolutionBackEnd',controller='dashboard'*/[0m
  ↳ app/controllers/admin/dashboard_controller.rb:4:in 'Admin::DashboardController#index'
  [1m[36mShipment Count (0.1ms)[0m  [1m[34mSELECT COUNT(*) FROM "shipments" /*action='index',application='FreightSolutionBackEnd',controller='dashboard'*/[0m
  ↳ app/controllers/admin/dashboard_controller.rb:5:in 'Admin::DashboardController#index'
  [1m[36mInvoice Count (0.1ms)[0m  [1m[34mSELECT COUNT(*) FROM "invoices" /*action='index',application='FreightSolutionBackEnd',controller='dashboard'*/[0m
  ↳ app/controllers/admin/dashboard_controller.rb:6:in 'Admin::DashboardController#index'
  [1m[36mInvoice Sum (0.1ms)[0m  [1m[34mSELECT SUM("invoices"."amount") FROM "invoices" WHERE "invoices"."status" = 'paid' /*action='index',application='FreightSolutionBackEnd',controller='dashboard'*/[0m
  ↳ app/controllers/admin/dashboard_controller.rb:7:in 'Admin::DashboardController#index'
  [1m[36mInvoice Count (0.1ms)[0m  [1m[34mSELECT COUNT(*) FROM "invoices" WHERE "invoices"."status" = 'pending' /*action='index',application='FreightSolutionBackEnd',controller='dashboard'*/[0m
  ↳ app/controllers/admin/dashboard_controller.rb:8:in 'Admin::DashboardController#index'
  Rendering layout layouts/admin.html.erb
  Rendering admin/dashboard/index.html.erb within layouts/admin
  [1m[36mUser Load (0.1ms)[0m  [1m[34mSELECT "users".* FROM "users" WHERE "users"."id" = 1 LIMIT 1 /*action='index',application='FreightSolutionBackEnd',controller='dashboard'*/[0m
  ↳ app/controllers/admin/base_controller.rb:24:in 'Admin::BaseController#current_user'
  [1m[36mShipment Exists? (0.1ms)[0m  [1m[34mSELECT 1 AS one FROM "shipments" LIMIT 1 /*action='index',application='FreightSolutionBackEnd',controller='dashboard'*/[0m
  ↳ app/views/admin/dashboard/index.html.erb:39
  [1m[36mInvoice Exists? (0.1ms)[0m  [1m[34mSELECT 1 AS one FROM "invoices" LIMIT 1 /*action='index',application='FreightSolutionBackEnd',controller='dashboard'*/[0m
  ↳ app/views/admin/dashboard/index.html.erb:71
  Rendered admin/dashboard/index.html.erb within layouts/admin (Duration: 1.9ms | GC: 0.0ms)
  Rendered layout layouts/admin.html.erb (Duration: 3.1ms | GC: 0.0ms)
Completed 200 OK in 8ms (Views: 3.2ms | ActiveRecord: 1.0ms (9 queries, 0 cached) | GC: 0.0ms)


Started GET "/admin/dashboard" for ::1 at 2026-04-14 14:35:54 +0200
Processing by Admin::DashboardController#index as HTML
  [1m[36mEmployee Count (0.3ms)[0m  [1m[34mSELECT COUNT(*) FROM "employees" /*action='index',application='FreightSolutionBackEnd',controller='dashboard'*/[0m
  ↳ app/controllers/admin/dashboard_controller.rb:3:in 'Admin::DashboardController#index'
  [1m[36mVendor Count (0.1ms)[0m  [1m[34mSELECT COUNT(*) FROM "vendors" /*action='index',application='FreightSolutionBackEnd',controller='dashboard'*/[0m
  ↳ app/controllers/admin/dashboard_controller.rb:4:in 'Admin::DashboardController#index'
  [1m[36mShipment Count (0.1ms)[0m  [1m[34mSELECT COUNT(*) FROM "shipments" /*action='index',application='FreightSolutionBackEnd',controller='dashboard'*/[0m
  ↳ app/controllers/admin/dashboard_controller.rb:5:in 'Admin::DashboardController#index'
  [1m[36mInvoice Count (0.1ms)[0m  [1m[34mSELECT COUNT(*) FROM "invoices" /*action='index',application='FreightSolutionBackEnd',controller='dashboard'*/[0m
  ↳ app/controllers/admin/dashboard_controller.rb:6:in 'Admin::DashboardController#index'
  [1m[36mInvoice Sum (0.1ms)[0m  [1m[34mSELECT SUM("invoices"."amount") FROM "invoices" WHERE "invoices"."status" = 'paid' /*action='index',application='FreightSolutionBackEnd',controller='dashboard'*/[0m
  ↳ app/controllers/admin/dashboard_controller.rb:7:in 'Admin::DashboardController#index'
  [1m[36mInvoice Count (0.1ms)[0m  [1m[34mSELECT COUNT(*) FROM "invoices" WHERE "invoices"."status" = 'pending' /*action='index',application='FreightSolutionBackEnd',controller='dashboard'*/[0m
  ↳ app/controllers/admin/dashboard_controller.rb:8:in 'Admin::DashboardController#index'
  Rendering layout layouts/admin.html.erb
  Rendering admin/dashboard/index.html.erb within layouts/admin
  [1m[36mUser Load (0.1ms)[0m  [1m[34mSELECT "users".* FROM "users" WHERE "users"."id" = 1 LIMIT 1 /*action='index',application='FreightSolutionBackEnd',controller='dashboard'*/[0m
  ↳ app/controllers/admin/base_controller.rb:24:in 'Admin::BaseController#current_user'
  [1m[36mShipment Exists? (0.1ms)[0m  [1m[34mSELECT 1 AS one FROM "shipments" LIMIT 1 /*action='index',application='FreightSolutionBackEnd',controller='dashboard'*/[0m
  ↳ app/views/admin/dashboard/index.html.erb:39
  [1m[36mInvoice Exists? (0.1ms)[0m  [1m[34mSELECT 1 AS one FROM "invoices" LIMIT 1 /*action='index',application='FreightSolutionBackEnd',controller='dashboard'*/[0m
  ↳ app/views/admin/dashboard/index.html.erb:71
  Rendered admin/dashboard/index.html.erb within layouts/admin (Duration: 2.6ms | GC: 0.0ms)
  Rendered layout layouts/admin.html.erb (Duration: 4.0ms | GC: 0.0ms)
Completed 200 OK in 10ms (Views: 4.1ms | ActiveRecord: 1.1ms (9 queries, 0 cached) | GC: 0.0ms)


Started GET "/admin/dashboard" for ::1 at 2026-04-14 14:36:54 +0200
Processing by Admin::DashboardController#index as HTML
  [1m[36mEmployee Count (0.2ms)[0m  [1m[34mSELECT COUNT(*) FROM "employees" /*action='index',application='FreightSolutionBackEnd',controller='dashboard'*/[0m
  ↳ app/controllers/admin/dashboard_controller.rb:3:in 'Admin::DashboardController#index'
  [1m[36mVendor Count (0.1ms)[0m  [1m[34mSELECT COUNT(*) FROM "vendors" /*action='index',application='FreightSolutionBackEnd',controller='dashboard'*/[0m
  ↳ app/controllers/admin/dashboard_controller.rb:4:in 'Admin::DashboardController#index'
  [1m[36mShipment Count (0.1ms)[0m  [1m[34mSELECT COUNT(*) FROM "shipments" /*action='index',application='FreightSolutionBackEnd',controller='dashboard'*/[0m
  ↳ app/controllers/admin/dashboard_controller.rb:5:in 'Admin::DashboardController#index'
  [1m[36mInvoice Count (0.1ms)[0m  [1m[34mSELECT COUNT(*) FROM "invoices" /*action='index',application='FreightSolutionBackEnd',controller='dashboard'*/[0m
  ↳ app/controllers/admin/dashboard_controller.rb:6:in 'Admin::DashboardController#index'
  [1m[36mInvoice Sum (0.1ms)[0m  [1m[34mSELECT SUM("invoices"."amount") FROM "invoices" WHERE "invoices"."status" = 'paid' /*action='index',application='FreightSolutionBackEnd',controller='dashboard'*/[0m
  ↳ app/controllers/admin/dashboard_controller.rb:7:in 'Admin::DashboardController#index'
  [1m[36mInvoice Count (0.1ms)[0m  [1m[34mSELECT COUNT(*) FROM "invoices" WHERE "invoices"."status" = 'pending' /*action='index',application='FreightSolutionBackEnd',controller='dashboard'*/[0m
  ↳ app/controllers/admin/dashboard_controller.rb:8:in 'Admin::DashboardController#index'
  Rendering layout layouts/admin.html.erb
  Rendering admin/dashboard/index.html.erb within layouts/admin
  [1m[36mShipment Exists? (0.1ms)[0m  [1m[34mSELECT 1 AS one FROM "shipments" LIMIT 1 /*action='index',application='FreightSolutionBackEnd',controller='dashboard'*/[0m
  ↳ app/views/admin/dashboard/index.html.erb:64
  [1m[36mInvoice Exists? (0.1ms)[0m  [1m[34mSELECT 1 AS one FROM "invoices" LIMIT 1 /*action='index',application='FreightSolutionBackEnd',controller='dashboard'*/[0m
  ↳ app/views/admin/dashboard/index.html.erb:102
  Rendered admin/dashboard/index.html.erb within layouts/admin (Duration: 2.0ms | GC: 0.0ms)
  [1m[36mUser Load (0.1ms)[0m  [1m[34mSELECT "users".* FROM "users" WHERE "users"."id" = 1 LIMIT 1 /*action='index',application='FreightSolutionBackEnd',controller='dashboard'*/[0m
  ↳ app/controllers/admin/base_controller.rb:24:in 'Admin::BaseController#current_user'
  Rendered layout layouts/admin.html.erb (Duration: 8.2ms | GC: 0.5ms)
Completed 200 OK in 18ms (Views: 7.8ms | ActiveRecord: 3.1ms (9 queries, 0 cached) | GC: 0.6ms)


Started GET "/admin/employees" for ::1 at 2026-04-14 14:37:03 +0200
Processing by Admin::EmployeesController#index as HTML
  Rendering layout layouts/admin.html.erb
  Rendering admin/employees/index.html.erb within layouts/admin
  [1m[36mEmployee Exists? (0.2ms)[0m  [1m[34mSELECT 1 AS one FROM "employees" LIMIT 1 /*action='index',application='FreightSolutionBackEnd',controller='employees'*/[0m
  ↳ app/views/admin/employees/index.html.erb:12
  Rendered admin/employees/index.html.erb within layouts/admin (Duration: 1.5ms | GC: 0.0ms)
  [1m[36mUser Load (0.2ms)[0m  [1m[34mSELECT "users".* FROM "users" WHERE "users"."id" = 1 LIMIT 1 /*action='index',application='FreightSolutionBackEnd',controller='employees'*/[0m
  ↳ app/controllers/admin/base_controller.rb:24:in 'Admin::BaseController#current_user'
  Rendered layout layouts/admin.html.erb (Duration: 3.2ms | GC: 0.3ms)
Completed 200 OK in 6ms (Views: 3.2ms | ActiveRecord: 1.2ms (2 queries, 0 cached) | GC: 0.3ms)


Started GET "/admin/vendors" for ::1 at 2026-04-14 14:37:20 +0200
Processing by Admin::VendorsController#index as HTML
  Rendering layout layouts/admin.html.erb
  Rendering admin/vendors/index.html.erb within layouts/admin
  [1m[36mVendor Exists? (0.2ms)[0m  [1m[34mSELECT 1 AS one FROM "vendors" LIMIT 1 /*action='index',application='FreightSolutionBackEnd',controller='vendors'*/[0m
  ↳ app/views/admin/vendors/index.html.erb:12
  Rendered admin/vendors/index.html.erb within layouts/admin (Duration: 1.4ms | GC: 0.0ms)
  [1m[36mUser Load (0.1ms)[0m  [1m[34mSELECT "users".* FROM "users" WHERE "users"."id" = 1 LIMIT 1 /*action='index',application='FreightSolutionBackEnd',controller='vendors'*/[0m
  ↳ app/controllers/admin/base_controller.rb:24:in 'Admin::BaseController#current_user'
  Rendered layout layouts/admin.html.erb (Duration: 7.9ms | GC: 0.0ms)
Completed 200 OK in 11ms (Views: 7.3ms | ActiveRecord: 2.0ms (2 queries, 0 cached) | GC: 0.1ms)


Started GET "/admin/shipments" for ::1 at 2026-04-14 14:37:21 +0200
Processing by Admin::ShipmentsController#index as HTML
  Rendering layout layouts/admin.html.erb
  Rendering admin/shipments/index.html.erb within layouts/admin
  [1m[36mShipment Exists? (0.2ms)[0m  [1m[34mSELECT 1 AS one FROM "shipments" LIMIT 1 /*action='index',application='FreightSolutionBackEnd',controller='shipments'*/[0m
  ↳ app/views/admin/shipments/index.html.erb:10
  Rendered admin/shipments/index.html.erb within layouts/admin (Duration: 1.5ms | GC: 0.0ms)
  [1m[36mUser Load (0.2ms)[0m  [1m[34mSELECT "users".* FROM "users" WHERE "users"."id" = 1 LIMIT 1 /*action='index',application='FreightSolutionBackEnd',controller='shipments'*/[0m
  ↳ app/controllers/admin/base_controller.rb:24:in 'Admin::BaseController#current_user'
  Rendered layout layouts/admin.html.erb (Duration: 2.8ms | GC: 0.0ms)
Completed 200 OK in 6ms (Views: 2.8ms | ActiveRecord: 1.2ms (2 queries, 0 cached) | GC: 0.0ms)


Started GET "/admin/invoices" for ::1 at 2026-04-14 14:37:22 +0200
Processing by Admin::InvoicesController#index as HTML
  Rendering layout layouts/admin.html.erb
  Rendering admin/invoices/index.html.erb within layouts/admin
  [1m[36mInvoice Exists? (0.2ms)[0m  [1m[34mSELECT 1 AS one FROM "invoices" LIMIT 1 /*action='index',application='FreightSolutionBackEnd',controller='invoices'*/[0m
  ↳ app/views/admin/invoices/index.html.erb:10
  Rendered admin/invoices/index.html.erb within layouts/admin (Duration: 1.8ms | GC: 0.0ms)
  [1m[36mUser Load (0.1ms)[0m  [1m[34mSELECT "users".* FROM "users" WHERE "users"."id" = 1 LIMIT 1 /*action='index',application='FreightSolutionBackEnd',controller='invoices'*/[0m
  ↳ app/controllers/admin/base_controller.rb:24:in 'Admin::BaseController#current_user'
  Rendered layout layouts/admin.html.erb (Duration: 3.4ms | GC: 0.0ms)
Completed 200 OK in 7ms (Views: 3.4ms | ActiveRecord: 1.1ms (2 queries, 0 cached) | GC: 0.0ms)


Started GET "/admin/users" for ::1 at 2026-04-14 14:37:24 +0200
Processing by Admin::UsersController#index as HTML
  Rendering layout layouts/admin.html.erb
  Rendering admin/users/index.html.erb within layouts/admin
  [1m[36mUser Exists? (0.2ms)[0m  [1m[34mSELECT 1 AS one FROM "users" LIMIT 1 /*action='index',application='FreightSolutionBackEnd',controller='users'*/[0m
  ↳ app/views/admin/users/index.html.erb:10
  [1m[36mUser Load (0.3ms)[0m  [1m[34mSELECT "users".* FROM "users" ORDER BY "users"."created_at" DESC /*action='index',application='FreightSolutionBackEnd',controller='users'*/[0m
  ↳ app/views/admin/users/index.html.erb:14
  Rendered admin/users/index.html.erb within layouts/admin (Duration: 2.9ms | GC: 0.0ms)
  [1m[36mUser Load (0.2ms)[0m  [1m[34mSELECT "users".* FROM "users" WHERE "users"."id" = 1 LIMIT 1 /*action='index',application='FreightSolutionBackEnd',controller='users'*/[0m
  ↳ app/controllers/admin/base_controller.rb:24:in 'Admin::BaseController#current_user'
  Rendered layout layouts/admin.html.erb (Duration: 4.5ms | GC: 0.0ms)
Completed 200 OK in 6ms (Views: 4.1ms | ActiveRecord: 0.8ms (3 queries, 0 cached) | GC: 0.0ms)


Started GET "/admin/users/1" for ::1 at 2026-04-14 14:37:29 +0200
Processing by Admin::UsersController#show as HTML
  Parameters: {"id" => "1"}
  [1m[36mUser Load (0.3ms)[0m  [1m[34mSELECT "users".* FROM "users" WHERE "users"."id" = 1 LIMIT 1 /*action='show',application='FreightSolutionBackEnd',controller='users'*/[0m
  ↳ app/controllers/admin/users_controller.rb:7:in 'Admin::UsersController#show'
  Rendering layout layouts/admin.html.erb
  Rendering admin/users/show.html.erb within layouts/admin
  Rendered admin/users/show.html.erb within layouts/admin (Duration: 0.5ms | GC: 0.0ms)
  [1m[36mCACHE User Load (0.0ms)[0m  [1m[34mSELECT "users".* FROM "users" WHERE "users"."id" = 1 LIMIT 1[0m
  ↳ app/controllers/admin/base_controller.rb:24:in 'Admin::BaseController#current_user'
  Rendered layout layouts/admin.html.erb (Duration: 1.5ms | GC: 0.0ms)
Completed 200 OK in 4ms (Views: 1.8ms | ActiveRecord: 0.3ms (2 queries, 1 cached) | GC: 0.0ms)


Started GET "/admin/users" for ::1 at 2026-04-14 14:37:37 +0200
Processing by Admin::UsersController#index as HTML
  Rendering layout layouts/admin.html.erb
  Rendering admin/users/index.html.erb within layouts/admin
  [1m[36mUser Exists? (0.1ms)[0m  [1m[34mSELECT 1 AS one FROM "users" LIMIT 1 /*action='index',application='FreightSolutionBackEnd',controller='users'*/[0m
  ↳ app/views/admin/users/index.html.erb:10
  [1m[36mUser Load (0.1ms)[0m  [1m[34mSELECT "users".* FROM "users" ORDER BY "users"."created_at" DESC /*action='index',application='FreightSolutionBackEnd',controller='users'*/[0m
  ↳ app/views/admin/users/index.html.erb:14
  Rendered admin/users/index.html.erb within layouts/admin (Duration: 5.2ms | GC: 0.8ms)
  [1m[36mUser Load (0.2ms)[0m  [1m[34mSELECT "users".* FROM "users" WHERE "users"."id" = 1 LIMIT 1 /*action='index',application='FreightSolutionBackEnd',controller='users'*/[0m
  ↳ app/controllers/admin/base_controller.rb:24:in 'Admin::BaseController#current_user'
  Rendered layout layouts/admin.html.erb (Duration: 7.6ms | GC: 0.8ms)
Completed 200 OK in 12ms (Views: 7.4ms | ActiveRecord: 1.6ms (3 queries, 0 cached) | GC: 1.6ms)


Started GET "/admin/users/1/edit" for ::1 at 2026-04-14 14:37:38 +0200
Processing by Admin::UsersController#edit as HTML
  Parameters: {"id" => "1"}
  [1m[36mUser Load (0.3ms)[0m  [1m[34mSELECT "users".* FROM "users" WHERE "users"."id" = 1 LIMIT 1 /*action='edit',application='FreightSolutionBackEnd',controller='users'*/[0m
  ↳ app/controllers/admin/users_controller.rb:24:in 'Admin::UsersController#edit'
  Rendering layout layouts/admin.html.erb
  Rendering admin/users/edit.html.erb within layouts/admin
  Rendered admin/users/edit.html.erb within layouts/admin (Duration: 8.2ms | GC: 0.5ms)
  [1m[36mCACHE User Load (0.0ms)[0m  [1m[34mSELECT "users".* FROM "users" WHERE "users"."id" = 1 LIMIT 1[0m
  ↳ app/controllers/admin/base_controller.rb:24:in 'Admin::BaseController#current_user'
  Rendered layout layouts/admin.html.erb (Duration: 9.1ms | GC: 0.5ms)
Completed 200 OK in 11ms (Views: 9.4ms | ActiveRecord: 0.3ms (2 queries, 1 cached) | GC: 0.5ms)


Started GET "/admin/users" for ::1 at 2026-04-14 14:37:47 +0200
Processing by Admin::UsersController#index as HTML
  Rendering layout layouts/admin.html.erb
  Rendering admin/users/index.html.erb within layouts/admin
  [1m[36mUser Exists? (0.2ms)[0m  [1m[34mSELECT 1 AS one FROM "users" LIMIT 1 /*action='index',application='FreightSolutionBackEnd',controller='users'*/[0m
  ↳ app/views/admin/users/index.html.erb:10
  [1m[36mUser Load (0.1ms)[0m  [1m[34mSELECT "users".* FROM "users" ORDER BY "users"."created_at" DESC /*action='index',application='FreightSolutionBackEnd',controller='users'*/[0m
  ↳ app/views/admin/users/index.html.erb:14
  Rendered admin/users/index.html.erb within layouts/admin (Duration: 4.7ms | GC: 0.1ms)
  [1m[36mUser Load (0.1ms)[0m  [1m[34mSELECT "users".* FROM "users" WHERE "users"."id" = 1 LIMIT 1 /*action='index',application='FreightSolutionBackEnd',controller='users'*/[0m
  ↳ app/controllers/admin/base_controller.rb:24:in 'Admin::BaseController#current_user'
  Rendered layout layouts/admin.html.erb (Duration: 6.5ms | GC: 0.1ms)
Completed 200 OK in 10ms (Views: 6.3ms | ActiveRecord: 1.6ms (3 queries, 0 cached) | GC: 0.1ms)


Started GET "/admin/users/new" for ::1 at 2026-04-14 14:37:53 +0200
Processing by Admin::UsersController#new as HTML
  Rendering layout layouts/admin.html.erb
  Rendering admin/users/new.html.erb within layouts/admin
  Rendered admin/users/new.html.erb within layouts/admin (Duration: 1.7ms | GC: 0.0ms)
  [1m[36mUser Load (0.2ms)[0m  [1m[34mSELECT "users".* FROM "users" WHERE "users"."id" = 1 LIMIT 1 /*action='new',application='FreightSolutionBackEnd',controller='users'*/[0m
  ↳ app/controllers/admin/base_controller.rb:24:in 'Admin::BaseController#current_user'
  Rendered layout layouts/admin.html.erb (Duration: 3.2ms | GC: 0.3ms)
Completed 200 OK in 4ms (Views: 3.2ms | ActiveRecord: 0.2ms (1 query, 0 cached) | GC: 0.3ms)


Started GET "/admin/users" for ::1 at 2026-04-14 14:37:58 +0200
Processing by Admin::UsersController#index as HTML
  Rendering layout layouts/admin.html.erb
  Rendering admin/users/index.html.erb within layouts/admin
  [1m[36mUser Exists? (0.2ms)[0m  [1m[34mSELECT 1 AS one FROM "users" LIMIT 1 /*action='index',application='FreightSolutionBackEnd',controller='users'*/[0m
  ↳ app/views/admin/users/index.html.erb:10
  [1m[36mUser Load (0.2ms)[0m  [1m[34mSELECT "users".* FROM "users" ORDER BY "users"."created_at" DESC /*action='index',application='FreightSolutionBackEnd',controller='users'*/[0m
  ↳ app/views/admin/users/index.html.erb:14
  Rendered admin/users/index.html.erb within layouts/admin (Duration: 3.1ms | GC: 0.0ms)
  [1m[36mUser Load (0.2ms)[0m  [1m[34mSELECT "users".* FROM "users" WHERE "users"."id" = 1 LIMIT 1 /*action='index',application='FreightSolutionBackEnd',controller='users'*/[0m
  ↳ app/controllers/admin/base_controller.rb:24:in 'Admin::BaseController#current_user'
  Rendered layout layouts/admin.html.erb (Duration: 4.5ms | GC: 0.0ms)
Completed 200 OK in 5ms (Views: 4.3ms | ActiveRecord: 0.6ms (3 queries, 0 cached) | GC: 0.0ms)


Started GET "/admin/users" for ::1 at 2026-04-14 14:38:50 +0200
Processing by Admin::UsersController#index as HTML
  Rendering layout layouts/admin.html.erb
  Rendering admin/users/index.html.erb within layouts/admin
  [1m[36mUser Exists? (0.3ms)[0m  [1m[34mSELECT 1 AS one FROM "users" LIMIT 1 /*action='index',application='FreightSolutionBackEnd',controller='users'*/[0m
  ↳ app/views/admin/users/index.html.erb:10
  [1m[36mUser Load (0.2ms)[0m  [1m[34mSELECT "users".* FROM "users" ORDER BY "users"."created_at" DESC /*action='index',application='FreightSolutionBackEnd',controller='users'*/[0m
  ↳ app/views/admin/users/index.html.erb:14
  Rendered admin/users/index.html.erb within layouts/admin (Duration: 6.9ms | GC: 0.0ms)
  [1m[36mUser Load (0.2ms)[0m  [1m[34mSELECT "users".* FROM "users" WHERE "users"."id" = 1 LIMIT 1 /*action='index',application='FreightSolutionBackEnd',controller='users'*/[0m
  ↳ app/controllers/admin/base_controller.rb:24:in 'Admin::BaseController#current_user'
  Rendered layout layouts/admin.html.erb (Duration: 9.1ms | GC: 0.0ms)
Completed 200 OK in 14ms (Views: 9.0ms | ActiveRecord: 2.3ms (3 queries, 0 cached) | GC: 0.0ms)


Started GET "/admin/users" for ::1 at 2026-04-14 14:38:51 +0200
Processing by Admin::UsersController#index as HTML
  Rendering layout layouts/admin.html.erb
  Rendering admin/users/index.html.erb within layouts/admin
  [1m[36mUser Exists? (0.2ms)[0m  [1m[34mSELECT 1 AS one FROM "users" LIMIT 1 /*action='index',application='FreightSolutionBackEnd',controller='users'*/[0m
  ↳ app/views/admin/users/index.html.erb:10
  [1m[36mUser Load (0.1ms)[0m  [1m[34mSELECT "users".* FROM "users" ORDER BY "users"."created_at" DESC /*action='index',application='FreightSolutionBackEnd',controller='users'*/[0m
  ↳ app/views/admin/users/index.html.erb:14
  Rendered admin/users/index.html.erb within layouts/admin (Duration: 4.9ms | GC: 0.2ms)
  [1m[36mUser Load (0.1ms)[0m  [1m[34mSELECT "users".* FROM "users" WHERE "users"."id" = 1 LIMIT 1 /*action='index',application='FreightSolutionBackEnd',controller='users'*/[0m
  ↳ app/controllers/admin/base_controller.rb:24:in 'Admin::BaseController#current_user'
  Rendered layout layouts/admin.html.erb (Duration: 6.6ms | GC: 0.2ms)
Completed 200 OK in 11ms (Views: 6.4ms | ActiveRecord: 1.8ms (3 queries, 0 cached) | GC: 0.3ms)


Started GET "/admin/users" for ::1 at 2026-04-14 14:38:52 +0200
Processing by Admin::UsersController#index as HTML
  Rendering layout layouts/admin.html.erb
  Rendering admin/users/index.html.erb within layouts/admin
  [1m[36mUser Exists? (0.2ms)[0m  [1m[34mSELECT 1 AS one FROM "users" LIMIT 1 /*action='index',application='FreightSolutionBackEnd',controller='users'*/[0m
  ↳ app/views/admin/users/index.html.erb:10
  [1m[36mUser Load (0.1ms)[0m  [1m[34mSELECT "users".* FROM "users" ORDER BY "users"."created_at" DESC /*action='index',application='FreightSolutionBackEnd',controller='users'*/[0m
  ↳ app/views/admin/users/index.html.erb:14
  Rendered admin/users/index.html.erb within layouts/admin (Duration: 2.1ms | GC: 0.0ms)
  [1m[36mUser Load (0.2ms)[0m  [1m[34mSELECT "users".* FROM "users" WHERE "users"."id" = 1 LIMIT 1 /*action='index',application='FreightSolutionBackEnd',controller='users'*/[0m
  ↳ app/controllers/admin/base_controller.rb:24:in 'Admin::BaseController#current_user'
  Rendered layout layouts/admin.html.erb (Duration: 3.3ms | GC: 0.0ms)
Completed 200 OK in 4ms (Views: 3.4ms | ActiveRecord: 0.5ms (3 queries, 0 cached) | GC: 0.2ms)


Started GET "/admin/logout" for ::1 at 2026-04-14 14:38:54 +0200
Processing by AdminController#logout as HTML
Redirected to http://localhost:3000/admin/login
↳ app/controllers/admin_controller.rb:20:in 'AdminController#logout'
Completed 302 Found in 1ms (ActiveRecord: 0.0ms (0 queries, 0 cached) | GC: 0.0ms)


Started GET "/admin/login" for ::1 at 2026-04-14 14:38:54 +0200
Processing by AdminController#login as HTML
  Rendering layout layouts/admin_login.html.erb
  Rendering admin/login.html.erb within layouts/admin_login
  Rendered admin/login.html.erb within layouts/admin_login (Duration: 0.9ms | GC: 0.0ms)
  Rendered layout layouts/admin_login.html.erb (Duration: 1.3ms | GC: 0.0ms)
Completed 200 OK in 2ms (Views: 1.8ms | ActiveRecord: 0.0ms (0 queries, 0 cached) | GC: 0.0ms)


Started POST "/admin/login" for ::1 at 2026-04-14 14:38:55 +0200
Processing by AdminController#login as HTML
  Parameters: {"authenticity_token" => "[FILTERED]", "email" => "[FILTERED]", "password" => "[FILTERED]"}
  [1m[36mUser Load (0.2ms)[0m  [1m[34mSELECT "users".* FROM "users" WHERE "users"."email" = 'felender7@gmail.com' LIMIT 1 /*action='login',application='FreightSolutionBackEnd',controller='admin'*/[0m
  ↳ app/controllers/admin_controller.rb:7:in 'AdminController#login'
Redirected to http://localhost:3000/admin/dashboard
↳ app/controllers/admin_controller.rb:10:in 'AdminController#login'
Completed 302 Found in 227ms (ActiveRecord: 0.2ms (1 query, 0 cached) | GC: 0.0ms)


Started GET "/admin/dashboard" for ::1 at 2026-04-14 14:38:55 +0200
Processing by Admin::DashboardController#index as HTML
  [1m[36mEmployee Count (0.2ms)[0m  [1m[34mSELECT COUNT(*) FROM "employees" /*action='index',application='FreightSolutionBackEnd',controller='dashboard'*/[0m
  ↳ app/controllers/admin/dashboard_controller.rb:3:in 'Admin::DashboardController#index'
  [1m[36mVendor Count (0.1ms)[0m  [1m[34mSELECT COUNT(*) FROM "vendors" /*action='index',application='FreightSolutionBackEnd',controller='dashboard'*/[0m
  ↳ app/controllers/admin/dashboard_controller.rb:4:in 'Admin::DashboardController#index'
  [1m[36mShipment Count (0.1ms)[0m  [1m[34mSELECT COUNT(*) FROM "shipments" /*action='index',application='FreightSolutionBackEnd',controller='dashboard'*/[0m
  ↳ app/controllers/admin/dashboard_controller.rb:5:in 'Admin::DashboardController#index'
  [1m[36mInvoice Count (0.1ms)[0m  [1m[34mSELECT COUNT(*) FROM "invoices" /*action='index',application='FreightSolutionBackEnd',controller='dashboard'*/[0m
  ↳ app/controllers/admin/dashboard_controller.rb:6:in 'Admin::DashboardController#index'
  [1m[36mInvoice Sum (0.1ms)[0m  [1m[34mSELECT SUM("invoices"."amount") FROM "invoices" WHERE "invoices"."status" = 'paid' /*action='index',application='FreightSolutionBackEnd',controller='dashboard'*/[0m
  ↳ app/controllers/admin/dashboard_controller.rb:7:in 'Admin::DashboardController#index'
  [1m[36mInvoice Count (0.1ms)[0m  [1m[34mSELECT COUNT(*) FROM "invoices" WHERE "invoices"."status" = 'pending' /*action='index',application='FreightSolutionBackEnd',controller='dashboard'*/[0m
  ↳ app/controllers/admin/dashboard_controller.rb:8:in 'Admin::DashboardController#index'
  Rendering layout layouts/admin.html.erb
  Rendering admin/dashboard/index.html.erb within layouts/admin
  [1m[36mShipment Exists? (0.1ms)[0m  [1m[34mSELECT 1 AS one FROM "shipments" LIMIT 1 /*action='index',application='FreightSolutionBackEnd',controller='dashboard'*/[0m
  ↳ app/views/admin/dashboard/index.html.erb:64
  [1m[36mInvoice Exists? (0.1ms)[0m  [1m[34mSELECT 1 AS one FROM "invoices" LIMIT 1 /*action='index',application='FreightSolutionBackEnd',controller='dashboard'*/[0m
  ↳ app/views/admin/dashboard/index.html.erb:102
  Rendered admin/dashboard/index.html.erb within layouts/admin (Duration: 1.7ms | GC: 0.0ms)
  [1m[36mUser Load (0.1ms)[0m  [1m[34mSELECT "users".* FROM "users" WHERE "users"."id" = 1 LIMIT 1 /*action='index',application='FreightSolutionBackEnd',controller='dashboard'*/[0m
  ↳ app/controllers/admin/base_controller.rb:24:in 'Admin::BaseController#current_user'
  Rendered layout layouts/admin.html.erb (Duration: 2.7ms | GC: 0.0ms)
Completed 200 OK in 13ms (Views: 2.9ms | ActiveRecord: 2.1ms (9 queries, 0 cached) | GC: 0.3ms)


Started GET "/admin/employees" for ::1 at 2026-04-14 14:39:27 +0200
Processing by Admin::EmployeesController#index as HTML
  Rendering layout layouts/admin.html.erb
  Rendering admin/employees/index.html.erb within layouts/admin
  [1m[36mEmployee Exists? (0.2ms)[0m  [1m[34mSELECT 1 AS one FROM "employees" LIMIT 1 /*action='index',application='FreightSolutionBackEnd',controller='employees'*/[0m
  ↳ app/views/admin/employees/index.html.erb:17
  Rendered admin/employees/index.html.erb within layouts/admin (Duration: 1.3ms | GC: 0.0ms)
  [1m[36mUser Load (0.1ms)[0m  [1m[34mSELECT "users".* FROM "users" WHERE "users"."id" = 1 LIMIT 1 /*action='index',application='FreightSolutionBackEnd',controller='employees'*/[0m
  ↳ app/controllers/admin/base_controller.rb:24:in 'Admin::BaseController#current_user'
  Rendered layout layouts/admin.html.erb (Duration: 7.4ms | GC: 0.0ms)
Completed 200 OK in 20ms (Views: 6.9ms | ActiveRecord: 2.0ms (2 queries, 0 cached) | GC: 0.0ms)


Started GET "/admin/dashboard" for ::1 at 2026-04-14 14:39:30 +0200
Processing by Admin::DashboardController#index as HTML
  [1m[36mEmployee Count (0.3ms)[0m  [1m[34mSELECT COUNT(*) FROM "employees" /*action='index',application='FreightSolutionBackEnd',controller='dashboard'*/[0m
  ↳ app/controllers/admin/dashboard_controller.rb:3:in 'Admin::DashboardController#index'
  [1m[36mVendor Count (0.2ms)[0m  [1m[34mSELECT COUNT(*) FROM "vendors" /*action='index',application='FreightSolutionBackEnd',controller='dashboard'*/[0m
  ↳ app/controllers/admin/dashboard_controller.rb:4:in 'Admin::DashboardController#index'
  [1m[36mShipment Count (0.1ms)[0m  [1m[34mSELECT COUNT(*) FROM "shipments" /*action='index',application='FreightSolutionBackEnd',controller='dashboard'*/[0m
  ↳ app/controllers/admin/dashboard_controller.rb:5:in 'Admin::DashboardController#index'
  [1m[36mInvoice Count (0.1ms)[0m  [1m[34mSELECT COUNT(*) FROM "invoices" /*action='index',application='FreightSolutionBackEnd',controller='dashboard'*/[0m
  ↳ app/controllers/admin/dashboard_controller.rb:6:in 'Admin::DashboardController#index'
  [1m[36mInvoice Sum (0.1ms)[0m  [1m[34mSELECT SUM("invoices"."amount") FROM "invoices" WHERE "invoices"."status" = 'paid' /*action='index',application='FreightSolutionBackEnd',controller='dashboard'*/[0m
  ↳ app/controllers/admin/dashboard_controller.rb:7:in 'Admin::DashboardController#index'
  [1m[36mInvoice Count (0.1ms)[0m  [1m[34mSELECT COUNT(*) FROM "invoices" WHERE "invoices"."status" = 'pending' /*action='index',application='FreightSolutionBackEnd',controller='dashboard'*/[0m
  ↳ app/controllers/admin/dashboard_controller.rb:8:in 'Admin::DashboardController#index'
  Rendering layout layouts/admin.html.erb
  Rendering admin/dashboard/index.html.erb within layouts/admin
  [1m[36mShipment Exists? (0.1ms)[0m  [1m[34mSELECT 1 AS one FROM "shipments" LIMIT 1 /*action='index',application='FreightSolutionBackEnd',controller='dashboard'*/[0m
  ↳ app/views/admin/dashboard/index.html.erb:64
  [1m[36mInvoice Exists? (0.1ms)[0m  [1m[34mSELECT 1 AS one FROM "invoices" LIMIT 1 /*action='index',application='FreightSolutionBackEnd',controller='dashboard'*/[0m
  ↳ app/views/admin/dashboard/index.html.erb:102
  Rendered admin/dashboard/index.html.erb within layouts/admin (Duration: 1.7ms | GC: 0.0ms)
  [1m[36mUser Load (0.1ms)[0m  [1m[34mSELECT "users".* FROM "users" WHERE "users"."id" = 1 LIMIT 1 /*action='index',application='FreightSolutionBackEnd',controller='dashboard'*/[0m
  ↳ app/controllers/admin/base_controller.rb:24:in 'Admin::BaseController#current_user'
  Rendered layout layouts/admin.html.erb (Duration: 2.9ms | GC: 0.0ms)
Completed 200 OK in 12ms (Views: 3.0ms | ActiveRecord: 2.0ms (9 queries, 0 cached) | GC: 0.0ms)


Started GET "/admin/employees" for ::1 at 2026-04-14 14:39:31 +0200
Processing by Admin::EmployeesController#index as HTML
  Rendering layout layouts/admin.html.erb
  Rendering admin/employees/index.html.erb within layouts/admin
  [1m[36mEmployee Exists? (0.2ms)[0m  [1m[34mSELECT 1 AS one FROM "employees" LIMIT 1 /*action='index',application='FreightSolutionBackEnd',controller='employees'*/[0m
  ↳ app/views/admin/employees/index.html.erb:17
  Rendered admin/employees/index.html.erb within layouts/admin (Duration: 0.9ms | GC: 0.0ms)
  [1m[36mUser Load (0.2ms)[0m  [1m[34mSELECT "users".* FROM "users" WHERE "users"."id" = 1 LIMIT 1 /*action='index',application='FreightSolutionBackEnd',controller='employees'*/[0m
  ↳ app/controllers/admin/base_controller.rb:24:in 'Admin::BaseController#current_user'
  Rendered layout layouts/admin.html.erb (Duration: 2.0ms | GC: 0.0ms)
Completed 200 OK in 3ms (Views: 1.9ms | ActiveRecord: 0.4ms (2 queries, 0 cached) | GC: 0.0ms)


Started GET "/admin/employees/new" for ::1 at 2026-04-14 14:39:32 +0200
Processing by Admin::EmployeesController#new as HTML
  Rendering layout layouts/admin.html.erb
  Rendering admin/employees/new.html.erb within layouts/admin
  Rendered admin/employees/new.html.erb within layouts/admin (Duration: 6.6ms | GC: 0.9ms)
  [1m[36mUser Load (0.3ms)[0m  [1m[34mSELECT "users".* FROM "users" WHERE "users"."id" = 1 LIMIT 1 /*action='new',application='FreightSolutionBackEnd',controller='employees'*/[0m
  ↳ app/controllers/admin/base_controller.rb:24:in 'Admin::BaseController#current_user'
  Rendered layout layouts/admin.html.erb (Duration: 8.4ms | GC: 0.9ms)
Completed 200 OK in 24ms (Views: 8.8ms | ActiveRecord: 0.6ms (1 query, 0 cached) | GC: 1.6ms)


Started GET "/admin/dashboard" for ::1 at 2026-04-14 14:39:41 +0200
Processing by Admin::DashboardController#index as HTML
  [1m[36mEmployee Count (0.3ms)[0m  [1m[34mSELECT COUNT(*) FROM "employees" /*action='index',application='FreightSolutionBackEnd',controller='dashboard'*/[0m
  ↳ app/controllers/admin/dashboard_controller.rb:3:in 'Admin::DashboardController#index'
  [1m[36mVendor Count (0.1ms)[0m  [1m[34mSELECT COUNT(*) FROM "vendors" /*action='index',application='FreightSolutionBackEnd',controller='dashboard'*/[0m
  ↳ app/controllers/admin/dashboard_controller.rb:4:in 'Admin::DashboardController#index'
  [1m[36mShipment Count (0.1ms)[0m  [1m[34mSELECT COUNT(*) FROM "shipments" /*action='index',application='FreightSolutionBackEnd',controller='dashboard'*/[0m
  ↳ app/controllers/admin/dashboard_controller.rb:5:in 'Admin::DashboardController#index'
  [1m[36mInvoice Count (0.1ms)[0m  [1m[34mSELECT COUNT(*) FROM "invoices" /*action='index',application='FreightSolutionBackEnd',controller='dashboard'*/[0m
  ↳ app/controllers/admin/dashboard_controller.rb:6:in 'Admin::DashboardController#index'
  [1m[36mInvoice Sum (0.1ms)[0m  [1m[34mSELECT SUM("invoices"."amount") FROM "invoices" WHERE "invoices"."status" = 'paid' /*action='index',application='FreightSolutionBackEnd',controller='dashboard'*/[0m
  ↳ app/controllers/admin/dashboard_controller.rb:7:in 'Admin::DashboardController#index'
  [1m[36mInvoice Count (0.1ms)[0m  [1m[34mSELECT COUNT(*) FROM "invoices" WHERE "invoices"."status" = 'pending' /*action='index',application='FreightSolutionBackEnd',controller='dashboard'*/[0m
  ↳ app/controllers/admin/dashboard_controller.rb:8:in 'Admin::DashboardController#index'
  Rendering layout layouts/admin.html.erb
  Rendering admin/dashboard/index.html.erb within layouts/admin
  [1m[36mShipment Exists? (0.1ms)[0m  [1m[34mSELECT 1 AS one FROM "shipments" LIMIT 1 /*action='index',application='FreightSolutionBackEnd',controller='dashboard'*/[0m
  ↳ app/views/admin/dashboard/index.html.erb:64
  [1m[36mInvoice Exists? (0.1ms)[0m  [1m[34mSELECT 1 AS one FROM "invoices" LIMIT 1 /*action='index',application='FreightSolutionBackEnd',controller='dashboard'*/[0m
  ↳ app/views/admin/dashboard/index.html.erb:102
  Rendered admin/dashboard/index.html.erb within layouts/admin (Duration: 1.3ms | GC: 0.0ms)
  [1m[36mUser Load (0.1ms)[0m  [1m[34mSELECT "users".* FROM "users" WHERE "users"."id" = 1 LIMIT 1 /*action='index',application='FreightSolutionBackEnd',controller='dashboard'*/[0m
  ↳ app/controllers/admin/base_controller.rb:24:in 'Admin::BaseController#current_user'
  Rendered layout layouts/admin.html.erb (Duration: 2.5ms | GC: 0.0ms)
Completed 200 OK in 8ms (Views: 2.5ms | ActiveRecord: 1.1ms (9 queries, 0 cached) | GC: 0.6ms)


Started GET "/admin/dashboard" for ::1 at 2026-04-14 14:41:53 +0200
Processing by Admin::DashboardController#index as HTML
  [1m[36mEmployee Count (0.3ms)[0m  [1m[34mSELECT COUNT(*) FROM "employees" /*action='index',application='FreightSolutionBackEnd',controller='dashboard'*/[0m
  ↳ app/controllers/admin/dashboard_controller.rb:3:in 'Admin::DashboardController#index'
  [1m[36mVendor Count (0.1ms)[0m  [1m[34mSELECT COUNT(*) FROM "vendors" /*action='index',application='FreightSolutionBackEnd',controller='dashboard'*/[0m
  ↳ app/controllers/admin/dashboard_controller.rb:4:in 'Admin::DashboardController#index'
  [1m[36mShipment Count (0.1ms)[0m  [1m[34mSELECT COUNT(*) FROM "shipments" /*action='index',application='FreightSolutionBackEnd',controller='dashboard'*/[0m
  ↳ app/controllers/admin/dashboard_controller.rb:5:in 'Admin::DashboardController#index'
  [1m[36mInvoice Count (0.1ms)[0m  [1m[34mSELECT COUNT(*) FROM "invoices" /*action='index',application='FreightSolutionBackEnd',controller='dashboard'*/[0m
  ↳ app/controllers/admin/dashboard_controller.rb:6:in 'Admin::DashboardController#index'
  [1m[36mInvoice Sum (0.2ms)[0m  [1m[34mSELECT SUM("invoices"."amount") FROM "invoices" WHERE "invoices"."status" = 'paid' /*action='index',application='FreightSolutionBackEnd',controller='dashboard'*/[0m
  ↳ app/controllers/admin/dashboard_controller.rb:7:in 'Admin::DashboardController#index'
  [1m[36mInvoice Count (0.2ms)[0m  [1m[34mSELECT COUNT(*) FROM "invoices" WHERE "invoices"."status" = 'pending' /*action='index',application='FreightSolutionBackEnd',controller='dashboard'*/[0m
  ↳ app/controllers/admin/dashboard_controller.rb:8:in 'Admin::DashboardController#index'
  Rendering layout layouts/admin.html.erb
  Rendering admin/dashboard/index.html.erb within layouts/admin
  [1m[36mShipment Exists? (0.1ms)[0m  [1m[34mSELECT 1 AS one FROM "shipments" LIMIT 1 /*action='index',application='FreightSolutionBackEnd',controller='dashboard'*/[0m
  ↳ app/views/admin/dashboard/index.html.erb:64
  [1m[36mInvoice Exists? (0.1ms)[0m  [1m[34mSELECT 1 AS one FROM "invoices" LIMIT 1 /*action='index',application='FreightSolutionBackEnd',controller='dashboard'*/[0m
  ↳ app/views/admin/dashboard/index.html.erb:102
  Rendered admin/dashboard/index.html.erb within layouts/admin (Duration: 2.4ms | GC: 0.0ms)
  [1m[36mUser Load (0.2ms)[0m  [1m[34mSELECT "users".* FROM "users" WHERE "users"."id" = 1 LIMIT 1 /*action='index',application='FreightSolutionBackEnd',controller='dashboard'*/[0m
  ↳ app/controllers/admin/base_controller.rb:24:in 'Admin::BaseController#current_user'
  Rendered layout layouts/admin.html.erb (Duration: 8.3ms | GC: 0.2ms)
Completed 200 OK in 19ms (Views: 7.6ms | ActiveRecord: 3.8ms (9 queries, 0 cached) | GC: 0.5ms)


Started GET "/admin/employees" for ::1 at 2026-04-14 14:41:54 +0200
Processing by Admin::EmployeesController#index as HTML
  Rendering layout layouts/admin.html.erb
  Rendering admin/employees/index.html.erb within layouts/admin
  [1m[36mEmployee Exists? (0.1ms)[0m  [1m[34mSELECT 1 AS one FROM "employees" LIMIT 1 /*action='index',application='FreightSolutionBackEnd',controller='employees'*/[0m
  ↳ app/views/admin/employees/index.html.erb:17
  Rendered admin/employees/index.html.erb within layouts/admin (Duration: 1.1ms | GC: 0.0ms)
  [1m[36mUser Load (0.1ms)[0m  [1m[34mSELECT "users".* FROM "users" WHERE "users"."id" = 1 LIMIT 1 /*action='index',application='FreightSolutionBackEnd',controller='employees'*/[0m
  ↳ app/controllers/admin/base_controller.rb:24:in 'Admin::BaseController#current_user'
  Rendered layout layouts/admin.html.erb (Duration: 2.2ms | GC: 0.0ms)
Completed 200 OK in 4ms (Views: 2.5ms | ActiveRecord: 0.9ms (2 queries, 0 cached) | GC: 0.1ms)


Started GET "/admin/employees/new" for ::1 at 2026-04-14 14:41:56 +0200
Processing by Admin::EmployeesController#new as HTML
  Rendering layout layouts/admin.html.erb
  Rendering admin/employees/new.html.erb within layouts/admin
  Rendered admin/employees/new.html.erb within layouts/admin (Duration: 2.1ms | GC: 0.0ms)
  [1m[36mUser Load (0.2ms)[0m  [1m[34mSELECT "users".* FROM "users" WHERE "users"."id" = 1 LIMIT 1 /*action='new',application='FreightSolutionBackEnd',controller='employees'*/[0m
  ↳ app/controllers/admin/base_controller.rb:24:in 'Admin::BaseController#current_user'
  Rendered layout layouts/admin.html.erb (Duration: 3.4ms | GC: 0.0ms)
Completed 200 OK in 7ms (Views: 3.6ms | ActiveRecord: 0.6ms (1 query, 0 cached) | GC: 0.0ms)


Started GET "/admin/employees/new" for ::1 at 2026-04-14 14:41:58 +0200
Processing by Admin::EmployeesController#new as HTML
  Rendering layout layouts/admin.html.erb
  Rendering admin/employees/new.html.erb within layouts/admin
  Rendered admin/employees/new.html.erb within layouts/admin (Duration: 1.1ms | GC: 0.0ms)
  [1m[36mUser Load (0.2ms)[0m  [1m[34mSELECT "users".* FROM "users" WHERE "users"."id" = 1 LIMIT 1 /*action='new',application='FreightSolutionBackEnd',controller='employees'*/[0m
  ↳ app/controllers/admin/base_controller.rb:24:in 'Admin::BaseController#current_user'
  Rendered layout layouts/admin.html.erb (Duration: 2.2ms | GC: 0.0ms)
Completed 200 OK in 3ms (Views: 2.3ms | ActiveRecord: 0.2ms (1 query, 0 cached) | GC: 0.0ms)


Started GET "/admin/employees" for ::1 at 2026-04-14 14:42:05 +0200
Processing by Admin::EmployeesController#index as HTML
  Rendering layout layouts/admin.html.erb
  Rendering admin/employees/index.html.erb within layouts/admin
  [1m[36mEmployee Exists? (0.4ms)[0m  [1m[34mSELECT 1 AS one FROM "employees" LIMIT 1 /*action='index',application='FreightSolutionBackEnd',controller='employees'*/[0m
  ↳ app/views/admin/employees/index.html.erb:17
  Rendered admin/employees/index.html.erb within layouts/admin (Duration: 1.5ms | GC: 0.0ms)
  [1m[36mUser Load (0.2ms)[0m  [1m[34mSELECT "users".* FROM "users" WHERE "users"."id" = 1 LIMIT 1 /*action='index',application='FreightSolutionBackEnd',controller='employees'*/[0m
  ↳ app/controllers/admin/base_controller.rb:24:in 'Admin::BaseController#current_user'
  Rendered layout layouts/admin.html.erb (Duration: 3.1ms | GC: 0.0ms)
Completed 200 OK in 4ms (Views: 3.0ms | ActiveRecord: 0.6ms (2 queries, 0 cached) | GC: 0.0ms)


Started GET "/admin/employees/new" for ::1 at 2026-04-14 14:42:08 +0200
Processing by Admin::EmployeesController#new as HTML
  Rendering layout layouts/admin.html.erb
  Rendering admin/employees/new.html.erb within layouts/admin
  Rendered admin/employees/new.html.erb within layouts/admin (Duration: 1.8ms | GC: 0.0ms)
  [1m[36mUser Load (0.3ms)[0m  [1m[34mSELECT "users".* FROM "users" WHERE "users"."id" = 1 LIMIT 1 /*action='new',application='FreightSolutionBackEnd',controller='employees'*/[0m
  ↳ app/controllers/admin/base_controller.rb:24:in 'Admin::BaseController#current_user'
  Rendered layout layouts/admin.html.erb (Duration: 3.5ms | GC: 0.0ms)
Completed 200 OK in 4ms (Views: 3.6ms | ActiveRecord: 0.3ms (1 query, 0 cached) | GC: 0.0ms)


Started GET "/admin/employees" for ::1 at 2026-04-14 14:42:10 +0200
Processing by Admin::EmployeesController#index as HTML
  Rendering layout layouts/admin.html.erb
  Rendering admin/employees/index.html.erb within layouts/admin
  [1m[36mEmployee Exists? (0.2ms)[0m  [1m[34mSELECT 1 AS one FROM "employees" LIMIT 1 /*action='index',application='FreightSolutionBackEnd',controller='employees'*/[0m
  ↳ app/views/admin/employees/index.html.erb:17
  Rendered admin/employees/index.html.erb within layouts/admin (Duration: 1.2ms | GC: 0.0ms)
  [1m[36mUser Load (0.1ms)[0m  [1m[34mSELECT "users".* FROM "users" WHERE "users"."id" = 1 LIMIT 1 /*action='index',application='FreightSolutionBackEnd',controller='employees'*/[0m
  ↳ app/controllers/admin/base_controller.rb:24:in 'Admin::BaseController#current_user'
  Rendered layout layouts/admin.html.erb (Duration: 6.9ms | GC: 0.3ms)
Completed 200 OK in 11ms (Views: 6.3ms | ActiveRecord: 2.0ms (2 queries, 0 cached) | GC: 0.8ms)


Started GET "/admin/vendors" for ::1 at 2026-04-14 14:42:11 +0200
Processing by Admin::VendorsController#index as HTML
  Rendering layout layouts/admin.html.erb
  Rendering admin/vendors/index.html.erb within layouts/admin
  [1m[36mVendor Exists? (0.2ms)[0m  [1m[34mSELECT 1 AS one FROM "vendors" LIMIT 1 /*action='index',application='FreightSolutionBackEnd',controller='vendors'*/[0m
  ↳ app/views/admin/vendors/index.html.erb:17
  Rendered admin/vendors/index.html.erb within layouts/admin (Duration: 1.6ms | GC: 0.0ms)
  [1m[36mUser Load (0.2ms)[0m  [1m[34mSELECT "users".* FROM "users" WHERE "users"."id" = 1 LIMIT 1 /*action='index',application='FreightSolutionBackEnd',controller='vendors'*/[0m
  ↳ app/controllers/admin/base_controller.rb:24:in 'Admin::BaseController#current_user'
  Rendered layout layouts/admin.html.erb (Duration: 2.9ms | GC: 0.0ms)
Completed 200 OK in 7ms (Views: 3.1ms | ActiveRecord: 1.1ms (2 queries, 0 cached) | GC: 0.3ms)


Started GET "/admin/vendors/new" for ::1 at 2026-04-14 14:42:12 +0200
Processing by Admin::VendorsController#new as HTML
  Rendering layout layouts/admin.html.erb
  Rendering admin/vendors/new.html.erb within layouts/admin
  Rendered admin/vendors/new.html.erb within layouts/admin (Duration: 2.7ms | GC: 0.0ms)
  [1m[36mUser Load (0.3ms)[0m  [1m[34mSELECT "users".* FROM "users" WHERE "users"."id" = 1 LIMIT 1 /*action='new',application='FreightSolutionBackEnd',controller='vendors'*/[0m
  ↳ app/controllers/admin/base_controller.rb:24:in 'Admin::BaseController#current_user'
  Rendered layout layouts/admin.html.erb (Duration: 4.5ms | GC: 0.0ms)
Completed 200 OK in 9ms (Views: 4.6ms | ActiveRecord: 0.7ms (1 query, 0 cached) | GC: 0.2ms)


Started GET "/admin/shipments" for ::1 at 2026-04-14 14:42:14 +0200
Processing by Admin::ShipmentsController#index as HTML
  Rendering layout layouts/admin.html.erb
  Rendering admin/shipments/index.html.erb within layouts/admin
  [1m[36mShipment Exists? (0.2ms)[0m  [1m[34mSELECT 1 AS one FROM "shipments" LIMIT 1 /*action='index',application='FreightSolutionBackEnd',controller='shipments'*/[0m
  ↳ app/views/admin/shipments/index.html.erb:16
  Rendered admin/shipments/index.html.erb within layouts/admin (Duration: 2.1ms | GC: 0.0ms)
  [1m[36mUser Load (0.2ms)[0m  [1m[34mSELECT "users".* FROM "users" WHERE "users"."id" = 1 LIMIT 1 /*action='index',application='FreightSolutionBackEnd',controller='shipments'*/[0m
  ↳ app/controllers/admin/base_controller.rb:24:in 'Admin::BaseController#current_user'
  Rendered layout layouts/admin.html.erb (Duration: 3.8ms | GC: 0.0ms)
Completed 200 OK in 7ms (Views: 4.0ms | ActiveRecord: 1.4ms (2 queries, 0 cached) | GC: 0.0ms)


Started GET "/admin/shipments/new" for ::1 at 2026-04-14 14:42:16 +0200
Processing by Admin::ShipmentsController#new as HTML
  Rendering layout layouts/admin.html.erb
  Rendering admin/shipments/new.html.erb within layouts/admin
  Rendered admin/shipments/new.html.erb within layouts/admin (Duration: 2.4ms | GC: 0.2ms)
  [1m[36mUser Load (0.2ms)[0m  [1m[34mSELECT "users".* FROM "users" WHERE "users"."id" = 1 LIMIT 1 /*action='new',application='FreightSolutionBackEnd',controller='shipments'*/[0m
  ↳ app/controllers/admin/base_controller.rb:24:in 'Admin::BaseController#current_user'
  Rendered layout layouts/admin.html.erb (Duration: 4.0ms | GC: 0.2ms)
Completed 200 OK in 9ms (Views: 4.3ms | ActiveRecord: 0.6ms (1 query, 0 cached) | GC: 0.4ms)


Started GET "/admin/invoices" for ::1 at 2026-04-14 14:42:24 +0200
Processing by Admin::InvoicesController#index as HTML
  Rendering layout layouts/admin.html.erb
  Rendering admin/invoices/index.html.erb within layouts/admin
  [1m[36mInvoice Exists? (0.1ms)[0m  [1m[34mSELECT 1 AS one FROM "invoices" LIMIT 1 /*action='index',application='FreightSolutionBackEnd',controller='invoices'*/[0m
  ↳ app/views/admin/invoices/index.html.erb:9
  Rendered admin/invoices/index.html.erb within layouts/admin (Duration: 1.1ms | GC: 0.0ms)
  [1m[36mUser Load (0.2ms)[0m  [1m[34mSELECT "users".* FROM "users" WHERE "users"."id" = 1 LIMIT 1 /*action='index',application='FreightSolutionBackEnd',controller='invoices'*/[0m
  ↳ app/controllers/admin/base_controller.rb:24:in 'Admin::BaseController#current_user'
  Rendered layout layouts/admin.html.erb (Duration: 6.8ms | GC: 0.0ms)
Completed 200 OK in 11ms (Views: 5.9ms | ActiveRecord: 2.3ms (2 queries, 0 cached) | GC: 0.0ms)


Started GET "/admin/users" for ::1 at 2026-04-14 14:42:42 +0200
Processing by Admin::UsersController#index as HTML
  Rendering layout layouts/admin.html.erb
  Rendering admin/users/index.html.erb within layouts/admin
  [1m[36mUser Exists? (0.1ms)[0m  [1m[34mSELECT 1 AS one FROM "users" LIMIT 1 /*action='index',application='FreightSolutionBackEnd',controller='users'*/[0m
  ↳ app/views/admin/users/index.html.erb:6
  [1m[36mUser Load (0.1ms)[0m  [1m[34mSELECT "users".* FROM "users" ORDER BY "users"."created_at" DESC /*action='index',application='FreightSolutionBackEnd',controller='users'*/[0m
  ↳ app/views/admin/users/index.html.erb:8
  Rendered admin/users/index.html.erb within layouts/admin (Duration: 5.1ms | GC: 0.2ms)
  Rendered layout layouts/admin.html.erb (Duration: 5.2ms | GC: 0.2ms)
Completed 500 Internal Server Error in 10ms (ActiveRecord: 1.2ms (2 queries, 0 cached) | GC: 0.6ms)


  
ActionView::Template::Error (wrong number of arguments (given 1, expected 0))
Caused by: ArgumentError (wrong number of arguments (given 1, expected 0))

Information for: ActionView::Template::Error (wrong number of arguments (given 1, expected 0)):
     5:     <% if @users.any? %>
     6:       <table><thead><tr><th>Name</th><th>Email</th><th>Role</th><th>Status</th><th>Actions</th></tr></thead><tbody>
     7:         <% @users.each do |u| %><tr><td><strong><%= u.first_name %> <%= u.last_name %></strong></td><td><%= u.email %></td><td><span class="badge <%= u.role=='admin'?'badge-info':'badge-warning' %>"><%= u.role %></span></td><td><span class="badge <%= u.must_update_password?'badge-error':'badge-success' %>"><%= u.must_update_password ? 'Password needed' : 'Active' %></span></td><td><div class="actions"><a href="<%= admin_user_path(u) %>" class="btn btn-sm btn-secondary">View</a><a href="<%= edit_admin_user_path(u) %>" class="btn btn-sm btn-secondary">Edit</a><%= button_to 'Delete', admin_user_path(u), method: :delete, data: { confirm: 'Sure?' }, class: 'btn btn-sm btn-danger' %></div></td></tr><% end %></tbody></table>
     8:     <% else %><div class="empty-state"><svg fill="none" stroke="currentColor" viewBox="0 0 24 24"><path stroke-linecap="round" stroke-linejoin="round" stroke-width="2" d="M12 6V4m0 2a2 2 0 100 4m0-4a2 2 0 110 4m-6 8a2 2 0 100-4m0 4a2 2 0 110-4m0 4v2m0-6V4m6 6v10m6-2a2 2 0 100-4m0 4a2 2 0 110-4m0 4v2m0-6V4"/></svg><p>No users</p></div><% end %>
     9:   </div></div>
    10: </div>
  
app/views/admin/users/index.html.erb:8
app/views/admin/users/index.html.erb:8

Information for cause: ArgumentError (wrong number of arguments (given 1, expected 0)):
  
app/views/admin/users/index.html.erb:8
app/views/admin/users/index.html.erb:8
Started GET "/admin/users" for ::1 at 2026-04-14 14:42:46 +0200
Processing by Admin::UsersController#index as HTML
  Rendering layout layouts/admin.html.erb
  Rendering admin/users/index.html.erb within layouts/admin
  [1m[36mUser Exists? (0.2ms)[0m  [1m[34mSELECT 1 AS one FROM "users" LIMIT 1 /*action='index',application='FreightSolutionBackEnd',controller='users'*/[0m
  ↳ app/views/admin/users/index.html.erb:6
  [1m[36mUser Load (0.1ms)[0m  [1m[34mSELECT "users".* FROM "users" ORDER BY "users"."created_at" DESC /*action='index',application='FreightSolutionBackEnd',controller='users'*/[0m
  ↳ app/views/admin/users/index.html.erb:8
  Rendered admin/users/index.html.erb within layouts/admin (Duration: 2.8ms | GC: 0.6ms)
  Rendered layout layouts/admin.html.erb (Duration: 2.9ms | GC: 0.6ms)
Completed 500 Internal Server Error in 4ms (ActiveRecord: 0.3ms (2 queries, 0 cached) | GC: 0.6ms)


  
ActionView::Template::Error (wrong number of arguments (given 1, expected 0))
Caused by: ArgumentError (wrong number of arguments (given 1, expected 0))

Information for: ActionView::Template::Error (wrong number of arguments (given 1, expected 0)):
     5:     <% if @users.any? %>
     6:       <table><thead><tr><th>Name</th><th>Email</th><th>Role</th><th>Status</th><th>Actions</th></tr></thead><tbody>
     7:         <% @users.each do |u| %><tr><td><strong><%= u.first_name %> <%= u.last_name %></strong></td><td><%= u.email %></td><td><span class="badge <%= u.role=='admin'?'badge-info':'badge-warning' %>"><%= u.role %></span></td><td><span class="badge <%= u.must_update_password?'badge-error':'badge-success' %>"><%= u.must_update_password ? 'Password needed' : 'Active' %></span></td><td><div class="actions"><a href="<%= admin_user_path(u) %>" class="btn btn-sm btn-secondary">View</a><a href="<%= edit_admin_user_path(u) %>" class="btn btn-sm btn-secondary">Edit</a><%= button_to 'Delete', admin_user_path(u), method: :delete, data: { confirm: 'Sure?' }, class: 'btn btn-sm btn-danger' %></div></td></tr><% end %></tbody></table>
     8:     <% else %><div class="empty-state"><svg fill="none" stroke="currentColor" viewBox="0 0 24 24"><path stroke-linecap="round" stroke-linejoin="round" stroke-width="2" d="M12 6V4m0 2a2 2 0 100 4m0-4a2 2 0 110 4m-6 8a2 2 0 100-4m0 4a2 2 0 110-4m0 4v2m0-6V4m6 6v10m6-2a2 2 0 100-4m0 4a2 2 0 110-4m0 4v2m0-6V4"/></svg><p>No users</p></div><% end %>
     9:   </div></div>
    10: </div>
  
app/views/admin/users/index.html.erb:8
app/views/admin/users/index.html.erb:8

Information for cause: ArgumentError (wrong number of arguments (given 1, expected 0)):
  
app/views/admin/users/index.html.erb:8
app/views/admin/users/index.html.erb:8
Generating image variants require the image_processing gem. Please add `gem "image_processing", "~> 1.2"` to your Gemfile or set `config.active_storage.variant_processor = :disabled`.
Started GET "/admin/users" for ::1 at 2026-04-14 14:43:33 +0200
Processing by Admin::UsersController#index as HTML
  Rendering layout layouts/admin.html.erb
  Rendering admin/users/index.html.erb within layouts/admin
  [1m[36mUser Exists? (0.2ms)[0m  [1m[34mSELECT 1 AS one FROM "users" LIMIT 1 /*action='index',application='FreightSolutionBackEnd',controller='users'*/[0m
  ↳ app/views/admin/users/index.html.erb:6
  [1m[36mUser Load (0.2ms)[0m  [1m[34mSELECT "users".* FROM "users" ORDER BY "users"."created_at" DESC /*action='index',application='FreightSolutionBackEnd',controller='users'*/[0m
  ↳ app/views/admin/users/index.html.erb:8
  Rendered admin/users/index.html.erb within layouts/admin (Duration: 4.1ms | GC: 0.0ms)
  Rendered layout layouts/admin.html.erb (Duration: 4.2ms | GC: 0.0ms)
Completed 500 Internal Server Error in 8ms (ActiveRecord: 1.5ms (2 queries, 0 cached) | GC: 0.5ms)


  
ActionView::Template::Error (wrong number of arguments (given 1, expected 0))
Caused by: ArgumentError (wrong number of arguments (given 1, expected 0))

Information for: ActionView::Template::Error (wrong number of arguments (given 1, expected 0)):
     5:     <% if @users.any? %>
     6:       <table><thead><tr><th>Name</th><th>Email</th><th>Role</th><th>Status</th><th>Actions</th></tr></thead><tbody>
     7:         <% @users.each do |u| %><tr><td><strong><%= u.first_name %> <%= u.last_name %></strong></td><td><%= u.email %></td><td><span class="badge <%= u.role=='admin'?'badge-info':'badge-warning' %>"><%= u.role %></span></td><td><span class="badge <%= u.must_update_password?'badge-error':'badge-success' %>"><%= u.must_update_password ? 'Password needed' : 'Active' %></span></td><td><div class="actions"><a href="<%= admin_user_path(u) %>" class="btn btn-sm btn-secondary">View</a><a href="<%= edit_admin_user_path(u) %>" class="btn btn-sm btn-secondary">Edit</a><%= button_to 'Delete', admin_user_path(u), method: :delete, data: { confirm: 'Sure?' }, class: 'btn btn-sm btn-danger' %></div></td></tr><% end %></tbody></table>
     8:     <% else %><div class="empty-state"><svg fill="none" stroke="currentColor" viewBox="0 0 24 24"><path stroke-linecap="round" stroke-linejoin="round" stroke-width="2" d="M12 6V4m0 2a2 2 0 100 4m0-4a2 2 0 110 4m-6 8a2 2 0 100-4m0 4a2 2 0 110-4m0 4v2m0-6V4m6 6v10m6-2a2 2 0 100-4m0 4a2 2 0 110-4m0 4v2m0-6V4"/></svg><p>No users</p></div><% end %>
     9:   </div></div>
    10: </div>
  
app/views/admin/users/index.html.erb:8
app/views/admin/users/index.html.erb:8

Information for cause: ArgumentError (wrong number of arguments (given 1, expected 0)):
  
app/views/admin/users/index.html.erb:8
app/views/admin/users/index.html.erb:8
Started GET "/admin/employees" for ::1 at 2026-04-14 14:43:36 +0200
Processing by Admin::EmployeesController#index as HTML
  Rendering layout layouts/admin.html.erb
  Rendering admin/employees/index.html.erb within layouts/admin
  [1m[36mEmployee Exists? (0.2ms)[0m  [1m[34mSELECT 1 AS one FROM "employees" LIMIT 1 /*action='index',application='FreightSolutionBackEnd',controller='employees'*/[0m
  ↳ app/views/admin/employees/index.html.erb:17
  Rendered admin/employees/index.html.erb within layouts/admin (Duration: 2.7ms | GC: 1.0ms)
  [1m[36mUser Load (0.2ms)[0m  [1m[34mSELECT "users".* FROM "users" WHERE "users"."id" = 1 LIMIT 1 /*action='index',application='FreightSolutionBackEnd',controller='employees'*/[0m
  ↳ app/controllers/admin/base_controller.rb:24:in 'Admin::BaseController#current_user'
  Rendered layout layouts/admin.html.erb (Duration: 4.8ms | GC: 1.0ms)
Completed 200 OK in 8ms (Views: 4.9ms | ActiveRecord: 1.2ms (2 queries, 0 cached) | GC: 1.0ms)


Started GET "/admin/employees/new" for ::1 at 2026-04-14 14:43:37 +0200
Processing by Admin::EmployeesController#new as HTML
  Rendering layout layouts/admin.html.erb
  Rendering admin/employees/new.html.erb within layouts/admin
  Rendered admin/employees/new.html.erb within layouts/admin (Duration: 2.7ms | GC: 0.0ms)
  [1m[36mUser Load (0.3ms)[0m  [1m[34mSELECT "users".* FROM "users" WHERE "users"."id" = 1 LIMIT 1 /*action='new',application='FreightSolutionBackEnd',controller='employees'*/[0m
  ↳ app/controllers/admin/base_controller.rb:24:in 'Admin::BaseController#current_user'
  Rendered layout layouts/admin.html.erb (Duration: 4.3ms | GC: 0.0ms)
Completed 200 OK in 10ms (Views: 5.0ms | ActiveRecord: 0.7ms (1 query, 0 cached) | GC: 0.5ms)


Started GET "/admin/dashboard" for ::1 at 2026-04-14 14:43:38 +0200
Processing by Admin::DashboardController#index as HTML
  [1m[36mEmployee Count (0.3ms)[0m  [1m[34mSELECT COUNT(*) FROM "employees" /*action='index',application='FreightSolutionBackEnd',controller='dashboard'*/[0m
  ↳ app/controllers/admin/dashboard_controller.rb:3:in 'Admin::DashboardController#index'
  [1m[36mVendor Count (0.3ms)[0m  [1m[34mSELECT COUNT(*) FROM "vendors" /*action='index',application='FreightSolutionBackEnd',controller='dashboard'*/[0m
  ↳ app/controllers/admin/dashboard_controller.rb:4:in 'Admin::DashboardController#index'
  [1m[36mShipment Count (0.3ms)[0m  [1m[34mSELECT COUNT(*) FROM "shipments" /*action='index',application='FreightSolutionBackEnd',controller='dashboard'*/[0m
  ↳ app/controllers/admin/dashboard_controller.rb:5:in 'Admin::DashboardController#index'
  [1m[36mInvoice Count (0.4ms)[0m  [1m[34mSELECT COUNT(*) FROM "invoices" /*action='index',application='FreightSolutionBackEnd',controller='dashboard'*/[0m
  ↳ app/controllers/admin/dashboard_controller.rb:6:in 'Admin::DashboardController#index'
  [1m[36mInvoice Sum (0.2ms)[0m  [1m[34mSELECT SUM("invoices"."amount") FROM "invoices" WHERE "invoices"."status" = 'paid' /*action='index',application='FreightSolutionBackEnd',controller='dashboard'*/[0m
  ↳ app/controllers/admin/dashboard_controller.rb:7:in 'Admin::DashboardController#index'
  [1m[36mInvoice Count (0.3ms)[0m  [1m[34mSELECT COUNT(*) FROM "invoices" WHERE "invoices"."status" = 'pending' /*action='index',application='FreightSolutionBackEnd',controller='dashboard'*/[0m
  ↳ app/controllers/admin/dashboard_controller.rb:8:in 'Admin::DashboardController#index'
  Rendering layout layouts/admin.html.erb
  Rendering admin/dashboard/index.html.erb within layouts/admin
  [1m[36mShipment Exists? (0.2ms)[0m  [1m[34mSELECT 1 AS one FROM "shipments" LIMIT 1 /*action='index',application='FreightSolutionBackEnd',controller='dashboard'*/[0m
  ↳ app/views/admin/dashboard/index.html.erb:64
  [1m[36mInvoice Exists? (0.4ms)[0m  [1m[34mSELECT 1 AS one FROM "invoices" LIMIT 1 /*action='index',application='FreightSolutionBackEnd',controller='dashboard'*/[0m
  ↳ app/views/admin/dashboard/index.html.erb:102
  Rendered admin/dashboard/index.html.erb within layouts/admin (Duration: 3.4ms | GC: 0.0ms)
  [1m[36mUser Load (0.2ms)[0m  [1m[34mSELECT "users".* FROM "users" WHERE "users"."id" = 1 LIMIT 1 /*action='index',application='FreightSolutionBackEnd',controller='dashboard'*/[0m
  ↳ app/controllers/admin/base_controller.rb:24:in 'Admin::BaseController#current_user'
  Rendered layout layouts/admin.html.erb (Duration: 4.6ms | GC: 0.0ms)
Completed 200 OK in 22ms (Views: 4.4ms | ActiveRecord: 4.3ms (9 queries, 0 cached) | GC: 0.4ms)


Started GET "/admin/employees" for ::1 at 2026-04-14 14:43:40 +0200
Processing by Admin::EmployeesController#index as HTML
  Rendering layout layouts/admin.html.erb
  Rendering admin/employees/index.html.erb within layouts/admin
  [1m[36mEmployee Exists? (0.2ms)[0m  [1m[34mSELECT 1 AS one FROM "employees" LIMIT 1 /*action='index',application='FreightSolutionBackEnd',controller='employees'*/[0m
  ↳ app/views/admin/employees/index.html.erb:17
  Rendered admin/employees/index.html.erb within layouts/admin (Duration: 1.0ms | GC: 0.0ms)
  [1m[36mUser Load (0.2ms)[0m  [1m[34mSELECT "users".* FROM "users" WHERE "users"."id" = 1 LIMIT 1 /*action='index',application='FreightSolutionBackEnd',controller='employees'*/[0m
  ↳ app/controllers/admin/base_controller.rb:24:in 'Admin::BaseController#current_user'
  Rendered layout layouts/admin.html.erb (Duration: 2.4ms | GC: 0.0ms)
Completed 200 OK in 3ms (Views: 2.5ms | ActiveRecord: 0.4ms (2 queries, 0 cached) | GC: 0.0ms)


Started GET "/admin/employees/new" for ::1 at 2026-04-14 14:43:41 +0200
Processing by Admin::EmployeesController#new as HTML
  Rendering layout layouts/admin.html.erb
  Rendering admin/employees/new.html.erb within layouts/admin
  Rendered admin/employees/new.html.erb within layouts/admin (Duration: 2.7ms | GC: 0.9ms)
  [1m[36mUser Load (0.2ms)[0m  [1m[34mSELECT "users".* FROM "users" WHERE "users"."id" = 1 LIMIT 1 /*action='new',application='FreightSolutionBackEnd',controller='employees'*/[0m
  ↳ app/controllers/admin/base_controller.rb:24:in 'Admin::BaseController#current_user'
  Rendered layout layouts/admin.html.erb (Duration: 4.4ms | GC: 0.9ms)
Completed 200 OK in 5ms (Views: 4.6ms | ActiveRecord: 0.2ms (1 query, 0 cached) | GC: 0.9ms)


Started GET "/admin/vendors" for ::1 at 2026-04-14 14:43:43 +0200
Processing by Admin::VendorsController#index as HTML
  Rendering layout layouts/admin.html.erb
  Rendering admin/vendors/index.html.erb within layouts/admin
  [1m[36mVendor Exists? (0.2ms)[0m  [1m[34mSELECT 1 AS one FROM "vendors" LIMIT 1 /*action='index',application='FreightSolutionBackEnd',controller='vendors'*/[0m
  ↳ app/views/admin/vendors/index.html.erb:17
  Rendered admin/vendors/index.html.erb within layouts/admin (Duration: 2.2ms | GC: 0.7ms)
  [1m[36mUser Load (0.1ms)[0m  [1m[34mSELECT "users".* FROM "users" WHERE "users"."id" = 1 LIMIT 1 /*action='index',application='FreightSolutionBackEnd',controller='vendors'*/[0m
  ↳ app/controllers/admin/base_controller.rb:24:in 'Admin::BaseController#current_user'
  Rendered layout layouts/admin.html.erb (Duration: 3.4ms | GC: 0.7ms)
Completed 200 OK in 6ms (Views: 3.5ms | ActiveRecord: 1.0ms (2 queries, 0 cached) | GC: 0.7ms)


Started GET "/admin/shipments" for ::1 at 2026-04-14 14:43:44 +0200
Processing by Admin::ShipmentsController#index as HTML
  Rendering layout layouts/admin.html.erb
  Rendering admin/shipments/index.html.erb within layouts/admin
  [1m[36mShipment Exists? (0.3ms)[0m  [1m[34mSELECT 1 AS one FROM "shipments" LIMIT 1 /*action='index',application='FreightSolutionBackEnd',controller='shipments'*/[0m
  ↳ app/views/admin/shipments/index.html.erb:16
  Rendered admin/shipments/index.html.erb within layouts/admin (Duration: 3.7ms | GC: 0.0ms)
  [1m[36mUser Load (1.2ms)[0m  [1m[34mSELECT "users".* FROM "users" WHERE "users"."id" = 1 LIMIT 1 /*action='index',application='FreightSolutionBackEnd',controller='shipments'*/[0m
  ↳ app/controllers/admin/base_controller.rb:24:in 'Admin::BaseController#current_user'
  Rendered layout layouts/admin.html.erb (Duration: 7.7ms | GC: 0.0ms)
Completed 200 OK in 10ms (Views: 8.1ms | ActiveRecord: 1.5ms (2 queries, 0 cached) | GC: 0.0ms)


Started GET "/admin/invoices" for ::1 at 2026-04-14 14:43:45 +0200
Processing by Admin::InvoicesController#index as HTML
  Rendering layout layouts/admin.html.erb
  Rendering admin/invoices/index.html.erb within layouts/admin
  [1m[36mInvoice Exists? (0.3ms)[0m  [1m[34mSELECT 1 AS one FROM "invoices" LIMIT 1 /*action='index',application='FreightSolutionBackEnd',controller='invoices'*/[0m
  ↳ app/views/admin/invoices/index.html.erb:9
  Rendered admin/invoices/index.html.erb within layouts/admin (Duration: 2.0ms | GC: 0.0ms)
  [1m[36mUser Load (0.2ms)[0m  [1m[34mSELECT "users".* FROM "users" WHERE "users"."id" = 1 LIMIT 1 /*action='index',application='FreightSolutionBackEnd',controller='invoices'*/[0m
  ↳ app/controllers/admin/base_controller.rb:24:in 'Admin::BaseController#current_user'
  Rendered layout layouts/admin.html.erb (Duration: 7.8ms | GC: 3.8ms)
Completed 200 OK in 9ms (Views: 7.8ms | ActiveRecord: 0.5ms (2 queries, 0 cached) | GC: 3.8ms)


Started GET "/admin/invoices/new" for ::1 at 2026-04-14 14:43:48 +0200
Processing by Admin::InvoicesController#new as HTML
  Rendering layout layouts/admin.html.erb
  Rendering admin/invoices/new.html.erb within layouts/admin
  [1m[36mVendor Load (0.2ms)[0m  [1m[34mSELECT "vendors".* FROM "vendors" /*action='new',application='FreightSolutionBackEnd',controller='invoices'*/[0m
  ↳ app/views/admin/invoices/new.html.erb:7
  Rendered admin/invoices/new.html.erb within layouts/admin (Duration: 6.9ms | GC: 3.1ms)
  [1m[36mUser Load (0.2ms)[0m  [1m[34mSELECT "users".* FROM "users" WHERE "users"."id" = 1 LIMIT 1 /*action='new',application='FreightSolutionBackEnd',controller='invoices'*/[0m
  ↳ app/controllers/admin/base_controller.rb:24:in 'Admin::BaseController#current_user'
  Rendered layout layouts/admin.html.erb (Duration: 9.0ms | GC: 4.0ms)
Completed 200 OK in 19ms (Views: 10.0ms | ActiveRecord: 0.8ms (2 queries, 0 cached) | GC: 8.7ms)


Started GET "/admin/invoices" for ::1 at 2026-04-14 14:43:55 +0200
Processing by Admin::InvoicesController#index as HTML
  Rendering layout layouts/admin.html.erb
  Rendering admin/invoices/index.html.erb within layouts/admin
  [1m[36mInvoice Exists? (0.2ms)[0m  [1m[34mSELECT 1 AS one FROM "invoices" LIMIT 1 /*action='index',application='FreightSolutionBackEnd',controller='invoices'*/[0m
  ↳ app/views/admin/invoices/index.html.erb:9
  Rendered admin/invoices/index.html.erb within layouts/admin (Duration: 2.2ms | GC: 1.1ms)
  [1m[36mUser Load (0.2ms)[0m  [1m[34mSELECT "users".* FROM "users" WHERE "users"."id" = 1 LIMIT 1 /*action='index',application='FreightSolutionBackEnd',controller='invoices'*/[0m
  ↳ app/controllers/admin/base_controller.rb:24:in 'Admin::BaseController#current_user'
  Rendered layout layouts/admin.html.erb (Duration: 4.4ms | GC: 2.0ms)
Completed 200 OK in 6ms (Views: 4.3ms | ActiveRecord: 0.4ms (2 queries, 0 cached) | GC: 2.7ms)


Started GET "/admin/users" for ::1 at 2026-04-14 14:44:06 +0200
Processing by Admin::UsersController#index as HTML
  Rendering layout layouts/admin.html.erb
  Rendering admin/users/index.html.erb within layouts/admin
  [1m[36mUser Exists? (0.2ms)[0m  [1m[34mSELECT 1 AS one FROM "users" LIMIT 1 /*action='index',application='FreightSolutionBackEnd',controller='users'*/[0m
  ↳ app/views/admin/users/index.html.erb:6
  [1m[36mUser Load (0.1ms)[0m  [1m[34mSELECT "users".* FROM "users" ORDER BY "users"."created_at" DESC /*action='index',application='FreightSolutionBackEnd',controller='users'*/[0m
  ↳ app/views/admin/users/index.html.erb:8
  Rendered admin/users/index.html.erb within layouts/admin (Duration: 3.6ms | GC: 1.6ms)
  Rendered layout layouts/admin.html.erb (Duration: 3.8ms | GC: 1.6ms)
Completed 500 Internal Server Error in 5ms (ActiveRecord: 0.4ms (2 queries, 0 cached) | GC: 1.9ms)


  
ActionView::Template::Error (wrong number of arguments (given 1, expected 0))
Caused by: ArgumentError (wrong number of arguments (given 1, expected 0))

Information for: ActionView::Template::Error (wrong number of arguments (given 1, expected 0)):
     5:     <% if @users.any? %>
     6:       <table><thead><tr><th>Name</th><th>Email</th><th>Role</th><th>Status</th><th>Actions</th></tr></thead><tbody>
     7:         <% @users.each do |u| %><tr><td><strong><%= u.first_name %> <%= u.last_name %></strong></td><td><%= u.email %></td><td><span class="badge <%= u.role=='admin'?'badge-info':'badge-warning' %>"><%= u.role %></span></td><td><span class="badge <%= u.must_update_password?'badge-error':'badge-success' %>"><%= u.must_update_password ? 'Password needed' : 'Active' %></span></td><td><div class="actions"><a href="<%= admin_user_path(u) %>" class="btn btn-sm btn-secondary">View</a><a href="<%= edit_admin_user_path(u) %>" class="btn btn-sm btn-secondary">Edit</a><%= button_to 'Delete', admin_user_path(u), method: :delete, data: { confirm: 'Sure?' }, class: 'btn btn-sm btn-danger' %></div></td></tr><% end %></tbody></table>
     8:     <% else %><div class="empty-state"><svg fill="none" stroke="currentColor" viewBox="0 0 24 24"><path stroke-linecap="round" stroke-linejoin="round" stroke-width="2" d="M12 6V4m0 2a2 2 0 100 4m0-4a2 2 0 110 4m-6 8a2 2 0 100-4m0 4a2 2 0 110-4m0 4v2m0-6V4m6 6v10m6-2a2 2 0 100-4m0 4a2 2 0 110-4m0 4v2m0-6V4"/></svg><p>No users</p></div><% end %>
     9:   </div></div>
    10: </div>
  
app/views/admin/users/index.html.erb:8
app/views/admin/users/index.html.erb:8

Information for cause: ArgumentError (wrong number of arguments (given 1, expected 0)):
  
app/views/admin/users/index.html.erb:8
app/views/admin/users/index.html.erb:8
Started GET "/admin/logout" for ::1 at 2026-04-14 14:44:15 +0200
Processing by AdminController#logout as HTML
Redirected to http://localhost:3000/admin/login
↳ app/controllers/admin_controller.rb:20:in 'AdminController#logout'
Completed 302 Found in 1ms (ActiveRecord: 0.0ms (0 queries, 0 cached) | GC: 0.0ms)


Started GET "/admin/login" for ::1 at 2026-04-14 14:44:15 +0200
Processing by AdminController#login as HTML
  Rendering layout layouts/admin_login.html.erb
  Rendering admin/login.html.erb within layouts/admin_login
  Rendered admin/login.html.erb within layouts/admin_login (Duration: 1.3ms | GC: 0.0ms)
  Rendered layout layouts/admin_login.html.erb (Duration: 1.8ms | GC: 0.0ms)
Completed 200 OK in 3ms (Views: 2.3ms | ActiveRecord: 0.0ms (0 queries, 0 cached) | GC: 0.0ms)


Started POST "/admin/login" for ::1 at 2026-04-14 14:44:17 +0200
Processing by AdminController#login as HTML
  Parameters: {"authenticity_token" => "[FILTERED]", "email" => "[FILTERED]", "password" => "[FILTERED]"}
  [1m[36mUser Load (0.3ms)[0m  [1m[34mSELECT "users".* FROM "users" WHERE "users"."email" = 'felender7@gmail.com' LIMIT 1 /*action='login',application='FreightSolutionBackEnd',controller='admin'*/[0m
  ↳ app/controllers/admin_controller.rb:7:in 'AdminController#login'
Redirected to http://localhost:3000/admin/dashboard
↳ app/controllers/admin_controller.rb:10:in 'AdminController#login'
Completed 302 Found in 204ms (ActiveRecord: 0.2ms (1 query, 0 cached) | GC: 0.0ms)


Started GET "/admin/dashboard" for ::1 at 2026-04-14 14:44:17 +0200
Processing by Admin::DashboardController#index as HTML
  [1m[36mEmployee Count (0.2ms)[0m  [1m[34mSELECT COUNT(*) FROM "employees" /*action='index',application='FreightSolutionBackEnd',controller='dashboard'*/[0m
  ↳ app/controllers/admin/dashboard_controller.rb:3:in 'Admin::DashboardController#index'
  [1m[36mVendor Count (0.1ms)[0m  [1m[34mSELECT COUNT(*) FROM "vendors" /*action='index',application='FreightSolutionBackEnd',controller='dashboard'*/[0m
  ↳ app/controllers/admin/dashboard_controller.rb:4:in 'Admin::DashboardController#index'
  [1m[36mShipment Count (0.1ms)[0m  [1m[34mSELECT COUNT(*) FROM "shipments" /*action='index',application='FreightSolutionBackEnd',controller='dashboard'*/[0m
  ↳ app/controllers/admin/dashboard_controller.rb:5:in 'Admin::DashboardController#index'
  [1m[36mInvoice Count (0.1ms)[0m  [1m[34mSELECT COUNT(*) FROM "invoices" /*action='index',application='FreightSolutionBackEnd',controller='dashboard'*/[0m
  ↳ app/controllers/admin/dashboard_controller.rb:6:in 'Admin::DashboardController#index'
  [1m[36mInvoice Sum (0.1ms)[0m  [1m[34mSELECT SUM("invoices"."amount") FROM "invoices" WHERE "invoices"."status" = 'paid' /*action='index',application='FreightSolutionBackEnd',controller='dashboard'*/[0m
  ↳ app/controllers/admin/dashboard_controller.rb:7:in 'Admin::DashboardController#index'
  [1m[36mInvoice Count (0.1ms)[0m  [1m[34mSELECT COUNT(*) FROM "invoices" WHERE "invoices"."status" = 'pending' /*action='index',application='FreightSolutionBackEnd',controller='dashboard'*/[0m
  ↳ app/controllers/admin/dashboard_controller.rb:8:in 'Admin::DashboardController#index'
  Rendering layout layouts/admin.html.erb
  Rendering admin/dashboard/index.html.erb within layouts/admin
  [1m[36mShipment Exists? (0.1ms)[0m  [1m[34mSELECT 1 AS one FROM "shipments" LIMIT 1 /*action='index',application='FreightSolutionBackEnd',controller='dashboard'*/[0m
  ↳ app/views/admin/dashboard/index.html.erb:64
  [1m[36mInvoice Exists? (0.1ms)[0m  [1m[34mSELECT 1 AS one FROM "invoices" LIMIT 1 /*action='index',application='FreightSolutionBackEnd',controller='dashboard'*/[0m
  ↳ app/views/admin/dashboard/index.html.erb:102
  Rendered admin/dashboard/index.html.erb within layouts/admin (Duration: 1.7ms | GC: 0.0ms)
  [1m[36mUser Load (0.1ms)[0m  [1m[34mSELECT "users".* FROM "users" WHERE "users"."id" = 1 LIMIT 1 /*action='index',application='FreightSolutionBackEnd',controller='dashboard'*/[0m
  ↳ app/controllers/admin/base_controller.rb:24:in 'Admin::BaseController#current_user'
  Rendered layout layouts/admin.html.erb (Duration: 3.1ms | GC: 0.0ms)
Completed 200 OK in 10ms (Views: 3.2ms | ActiveRecord: 1.0ms (9 queries, 0 cached) | GC: 0.0ms)


Started GET "/admin/users" for ::1 at 2026-04-14 14:47:23 +0200
Processing by Admin::UsersController#index as HTML
  Rendering admin/users/index.html.erb
  [1m[36mUser Exists? (0.3ms)[0m  [1m[34mSELECT 1 AS one FROM "users" LIMIT 1 /*action='index',application='FreightSolutionBackEnd',controller='users'*/[0m
  ↳ app/views/admin/users/index.html.erb:6
  [1m[36mUser Load (0.2ms)[0m  [1m[34mSELECT "users".* FROM "users" ORDER BY "users"."created_at" DESC /*action='index',application='FreightSolutionBackEnd',controller='users'*/[0m
  ↳ app/views/admin/users/index.html.erb:8
  Rendered admin/users/index.html.erb (Duration: 5.3ms | GC: 0.0ms)
Completed 500 Internal Server Error in 15ms (ActiveRecord: 1.9ms (2 queries, 0 cached) | GC: 0.4ms)


  
ActionView::Template::Error (wrong number of arguments (given 1, expected 0))
Caused by: ArgumentError (wrong number of arguments (given 1, expected 0))

Information for: ActionView::Template::Error (wrong number of arguments (given 1, expected 0)):
     5:     <% if @users.any? %>
     6:       <table><thead><tr><th>Name</th><th>Email</th><th>Role</th><th>Status</th><th>Actions</th></tr></thead><tbody>
     7:         <% @users.each do |u| %><tr><td><strong><%= u.first_name %> <%= u.last_name %></strong></td><td><%= u.email %></td><td><span class="badge <%= u.role=='admin'?'badge-info':'badge-warning' %>"><%= u.role %></span></td><td><span class="badge <%= u.must_update_password?'badge-error':'badge-success' %>"><%= u.must_update_password ? 'Password needed' : 'Active' %></span></td><td><div class="actions"><a href="<%= admin_user_path(u) %>" class="btn btn-sm btn-secondary">View</a><a href="<%= edit_admin_user_path(u) %>" class="btn btn-sm btn-secondary">Edit</a><%= button_to 'Delete', admin_user_path(u), method: :delete, data: { confirm: 'Sure?' }, class: 'btn btn-sm btn-danger' %></div></td></tr><% end %></tbody></table>
     8:     <% else %><div class="empty-state"><svg fill="none" stroke="currentColor" viewBox="0 0 24 24"><path stroke-linecap="round" stroke-linejoin="round" stroke-width="2" d="M12 6V4m0 2a2 2 0 100 4m0-4a2 2 0 110 4m-6 8a2 2 0 100-4m0 4a2 2 0 110-4m0 4v2m0-6V4m6 6v10m6-2a2 2 0 100-4m0 4a2 2 0 110-4m0 4v2m0-6V4"/></svg><p>No users</p></div><% end %>
     9:   </div></div>
    10: </div>
  
app/views/admin/users/index.html.erb:8
app/views/admin/users/index.html.erb:8

Information for cause: ArgumentError (wrong number of arguments (given 1, expected 0)):
  
app/views/admin/users/index.html.erb:8
app/views/admin/users/index.html.erb:8
Started GET "/admin/employees" for ::1 at 2026-04-14 14:47:27 +0200
Processing by Admin::EmployeesController#index as HTML
  Rendering layout layouts/admin.html.erb
  Rendering admin/employees/index.html.erb within layouts/admin
  [1m[36mEmployee Exists? (0.1ms)[0m  [1m[34mSELECT 1 AS one FROM "employees" LIMIT 1 /*action='index',application='FreightSolutionBackEnd',controller='employees'*/[0m
  ↳ app/views/admin/employees/index.html.erb:17
  Rendered admin/employees/index.html.erb within layouts/admin (Duration: 1.3ms | GC: 0.0ms)
  [1m[36mUser Load (0.1ms)[0m  [1m[34mSELECT "users".* FROM "users" WHERE "users"."id" = 1 LIMIT 1 /*action='index',application='FreightSolutionBackEnd',controller='employees'*/[0m
  ↳ app/controllers/admin/employees_controller.rb:55:in 'Admin::EmployeesController#current_user'
  Rendered layout layouts/admin.html.erb (Duration: 3.3ms | GC: 0.0ms)
Completed 200 OK in 7ms (Views: 3.8ms | ActiveRecord: 1.1ms (2 queries, 0 cached) | GC: 0.0ms)


Started GET "/admin/employees/new" for ::1 at 2026-04-14 14:47:29 +0200
Processing by Admin::EmployeesController#new as HTML
  Rendering layout layouts/admin.html.erb
  Rendering admin/employees/new.html.erb within layouts/admin
  Rendered admin/employees/new.html.erb within layouts/admin (Duration: 3.3ms | GC: 1.2ms)
  [1m[36mUser Load (0.2ms)[0m  [1m[34mSELECT "users".* FROM "users" WHERE "users"."id" = 1 LIMIT 1 /*action='new',application='FreightSolutionBackEnd',controller='employees'*/[0m
  ↳ app/controllers/admin/employees_controller.rb:55:in 'Admin::EmployeesController#current_user'
  Rendered layout layouts/admin.html.erb (Duration: 4.9ms | GC: 1.2ms)
Completed 200 OK in 8ms (Views: 5.0ms | ActiveRecord: 0.6ms (1 query, 0 cached) | GC: 1.2ms)


Started GET "/admin/vendors" for ::1 at 2026-04-14 14:47:30 +0200
Processing by Admin::VendorsController#index as HTML
  Rendering admin/vendors/index.html.erb
  [1m[36mVendor Exists? (0.2ms)[0m  [1m[34mSELECT 1 AS one FROM "vendors" LIMIT 1 /*action='index',application='FreightSolutionBackEnd',controller='vendors'*/[0m
  ↳ app/views/admin/vendors/index.html.erb:17
  Rendered admin/vendors/index.html.erb (Duration: 2.6ms | GC: 0.3ms)
Completed 200 OK in 6ms (Views: 3.0ms | ActiveRecord: 1.1ms (1 query, 0 cached) | GC: 0.3ms)


Started GET "/admin/vendors" for ::1 at 2026-04-14 14:47:33 +0200
Processing by Admin::VendorsController#index as HTML
  Rendering admin/vendors/index.html.erb
  [1m[36mVendor Exists? (0.3ms)[0m  [1m[34mSELECT 1 AS one FROM "vendors" LIMIT 1 /*action='index',application='FreightSolutionBackEnd',controller='vendors'*/[0m
  ↳ app/views/admin/vendors/index.html.erb:17
  Rendered admin/vendors/index.html.erb (Duration: 1.8ms | GC: 0.0ms)
Completed 200 OK in 2ms (Views: 1.9ms | ActiveRecord: 0.3ms (1 query, 0 cached) | GC: 0.0ms)


Started GET "/admin/vendors/new" for ::1 at 2026-04-14 14:47:35 +0200
Processing by Admin::VendorsController#new as HTML
  Rendering admin/vendors/new.html.erb
  Rendered admin/vendors/new.html.erb (Duration: 1.9ms | GC: 0.0ms)
Completed 200 OK in 6ms (Views: 2.2ms | ActiveRecord: 0.4ms (0 queries, 0 cached) | GC: 0.6ms)


Started GET "/admin/dashboard" for ::1 at 2026-04-14 14:47:41 +0200
Processing by Admin::DashboardController#index as HTML
  [1m[36mEmployee Count (0.2ms)[0m  [1m[34mSELECT COUNT(*) FROM "employees" /*action='index',application='FreightSolutionBackEnd',controller='dashboard'*/[0m
  ↳ app/controllers/admin/dashboard_controller.rb:7:in 'Admin::DashboardController#index'
  [1m[36mVendor Count (0.1ms)[0m  [1m[34mSELECT COUNT(*) FROM "vendors" /*action='index',application='FreightSolutionBackEnd',controller='dashboard'*/[0m
  ↳ app/controllers/admin/dashboard_controller.rb:8:in 'Admin::DashboardController#index'
  [1m[36mShipment Count (0.1ms)[0m  [1m[34mSELECT COUNT(*) FROM "shipments" /*action='index',application='FreightSolutionBackEnd',controller='dashboard'*/[0m
  ↳ app/controllers/admin/dashboard_controller.rb:9:in 'Admin::DashboardController#index'
  [1m[36mInvoice Count (0.1ms)[0m  [1m[34mSELECT COUNT(*) FROM "invoices" /*action='index',application='FreightSolutionBackEnd',controller='dashboard'*/[0m
  ↳ app/controllers/admin/dashboard_controller.rb:10:in 'Admin::DashboardController#index'
  [1m[36mInvoice Sum (0.3ms)[0m  [1m[34mSELECT SUM("invoices"."amount") FROM "invoices" WHERE "invoices"."status" = 'paid' /*action='index',application='FreightSolutionBackEnd',controller='dashboard'*/[0m
  ↳ app/controllers/admin/dashboard_controller.rb:11:in 'Admin::DashboardController#index'
  [1m[36mInvoice Count (0.1ms)[0m  [1m[34mSELECT COUNT(*) FROM "invoices" WHERE "invoices"."status" = 'pending' /*action='index',application='FreightSolutionBackEnd',controller='dashboard'*/[0m
  ↳ app/controllers/admin/dashboard_controller.rb:12:in 'Admin::DashboardController#index'
  Rendering layout layouts/admin.html.erb
  Rendering admin/dashboard/index.html.erb within layouts/admin
  [1m[36mShipment Exists? (0.1ms)[0m  [1m[34mSELECT 1 AS one FROM "shipments" LIMIT 1 /*action='index',application='FreightSolutionBackEnd',controller='dashboard'*/[0m
  ↳ app/views/admin/dashboard/index.html.erb:64
  [1m[36mInvoice Exists? (0.1ms)[0m  [1m[34mSELECT 1 AS one FROM "invoices" LIMIT 1 /*action='index',application='FreightSolutionBackEnd',controller='dashboard'*/[0m
  ↳ app/views/admin/dashboard/index.html.erb:102
  Rendered admin/dashboard/index.html.erb within layouts/admin (Duration: 1.8ms | GC: 0.0ms)
  [1m[36mUser Load (0.1ms)[0m  [1m[34mSELECT "users".* FROM "users" WHERE "users"."id" = 1 LIMIT 1 /*action='index',application='FreightSolutionBackEnd',controller='dashboard'*/[0m
  ↳ app/controllers/admin/dashboard_controller.rb:26:in 'Admin::DashboardController#current_user'
  Rendered layout layouts/admin.html.erb (Duration: 2.8ms | GC: 0.0ms)
Completed 200 OK in 13ms (Views: 3.1ms | ActiveRecord: 2.7ms (9 queries, 0 cached) | GC: 0.7ms)


Generating image variants require the image_processing gem. Please add `gem "image_processing", "~> 1.2"` to your Gemfile or set `config.active_storage.variant_processor = :disabled`.
Started GET "/admin/login" for ::1 at 2026-04-14 14:47:48 +0200
  
ArgumentError (Before process_action callback :verify_authenticity_token has not been defined):
  
app/controllers/admin_controller.rb:2:in '<class:AdminController>'
app/controllers/admin_controller.rb:1:in '<main>'
Started GET "/admin/vendors" for ::1 at 2026-04-14 14:47:49 +0200
Processing by Admin::VendorsController#index as HTML
  Rendering admin/vendors/index.html.erb
  [1m[36mVendor Exists? (0.2ms)[0m  [1m[34mSELECT 1 AS one FROM "vendors" LIMIT 1 /*action='index',application='FreightSolutionBackEnd',controller='vendors'*/[0m
  ↳ app/views/admin/vendors/index.html.erb:17
  Rendered admin/vendors/index.html.erb (Duration: 1.7ms | GC: 0.0ms)
Completed 200 OK in 3ms (Views: 1.9ms | ActiveRecord: 0.2ms (1 query, 0 cached) | GC: 0.0ms)


Started GET "/admin/login" for ::1 at 2026-04-14 14:47:50 +0200
  
ArgumentError (Before process_action callback :verify_authenticity_token has not been defined):
  
app/controllers/admin_controller.rb:2:in '<class:AdminController>'
app/controllers/admin_controller.rb:1:in '<main>'
Started GET "/admin/employees" for ::1 at 2026-04-14 14:49:19 +0200
Processing by Admin::EmployeesController#index as HTML
  Rendering layout layouts/admin.html.erb
  Rendering admin/employees/index.html.erb within layouts/admin
  [1m[36mEmployee Exists? (0.1ms)[0m  [1m[34mSELECT 1 AS one FROM "employees" LIMIT 1 /*action='index',application='FreightSolutionBackEnd',controller='employees'*/[0m
  ↳ app/views/admin/employees/index.html.erb:17
  Rendered admin/employees/index.html.erb within layouts/admin (Duration: 1.2ms | GC: 0.0ms)
  [1m[36mUser Load (0.2ms)[0m  [1m[34mSELECT "users".* FROM "users" WHERE "users"."id" = 1 LIMIT 1 /*action='index',application='FreightSolutionBackEnd',controller='employees'*/[0m
  ↳ app/controllers/admin/employees_controller.rb:55:in 'Admin::EmployeesController#current_user'
  Rendered layout layouts/admin.html.erb (Duration: 8.3ms | GC: 1.1ms)
Completed 200 OK in 13ms (Views: 7.8ms | ActiveRecord: 2.2ms (2 queries, 0 cached) | GC: 1.9ms)


Started GET "/admin/employees/new" for ::1 at 2026-04-14 14:49:21 +0200
Processing by Admin::EmployeesController#new as HTML
  Rendering layout layouts/admin.html.erb
  Rendering admin/employees/new.html.erb within layouts/admin
  Rendered admin/employees/new.html.erb within layouts/admin (Duration: 2.2ms | GC: 0.0ms)
  [1m[36mUser Load (0.2ms)[0m  [1m[34mSELECT "users".* FROM "users" WHERE "users"."id" = 1 LIMIT 1 /*action='new',application='FreightSolutionBackEnd',controller='employees'*/[0m
  ↳ app/controllers/admin/employees_controller.rb:55:in 'Admin::EmployeesController#current_user'
  Rendered layout layouts/admin.html.erb (Duration: 3.8ms | GC: 0.0ms)
Completed 200 OK in 8ms (Views: 3.9ms | ActiveRecord: 0.6ms (1 query, 0 cached) | GC: 0.3ms)


Started GET "/admin/vendors" for ::1 at 2026-04-14 14:49:23 +0200
Processing by Admin::VendorsController#index as HTML
  Rendering admin/vendors/index.html.erb
  [1m[36mVendor Exists? (0.1ms)[0m  [1m[34mSELECT 1 AS one FROM "vendors" LIMIT 1 /*action='index',application='FreightSolutionBackEnd',controller='vendors'*/[0m
  ↳ app/views/admin/vendors/index.html.erb:17
  Rendered admin/vendors/index.html.erb (Duration: 1.9ms | GC: 0.4ms)
Completed 200 OK in 5ms (Views: 2.5ms | ActiveRecord: 0.8ms (1 query, 0 cached) | GC: 0.4ms)


Started GET "/admin/invoices" for ::1 at 2026-04-14 14:49:25 +0200
Processing by Admin::InvoicesController#index as HTML
  Rendering admin/invoices/index.html.erb
  [1m[36mInvoice Exists? (0.2ms)[0m  [1m[34mSELECT 1 AS one FROM "invoices" LIMIT 1 /*action='index',application='FreightSolutionBackEnd',controller='invoices'*/[0m
  ↳ app/views/admin/invoices/index.html.erb:9
  Rendered admin/invoices/index.html.erb (Duration: 2.5ms | GC: 0.6ms)
Completed 200 OK in 5ms (Views: 2.8ms | ActiveRecord: 0.8ms (1 query, 0 cached) | GC: 0.6ms)


Started GET "/admin/invoices" for ::1 at 2026-04-14 14:49:30 +0200
  
NameError (undefined local variable or method 'protect_from_forgery' for class Admin::BaseController):
  
app/controllers/admin/base_controller.rb:2:in '<class:BaseController>'
app/controllers/admin/base_controller.rb:1:in '<main>'
app/controllers/admin/invoices_controller.rb:1:in '<main>'
Started GET "/admin/users" for ::1 at 2026-04-14 14:49:34 +0200
  
NameError (undefined local variable or method 'protect_from_forgery' for class Admin::BaseController):
  
app/controllers/admin/base_controller.rb:2:in '<class:BaseController>'
app/controllers/admin/base_controller.rb:1:in '<main>'
app/controllers/admin/users_controller.rb:1:in '<main>'
Started GET "/admin/login" for ::1 at 2026-04-14 14:50:22 +0200
  
NameError (undefined local variable or method 'protect_from_forgery' for class AdminController):
  
app/controllers/admin_controller.rb:2:in '<class:AdminController>'
app/controllers/admin_controller.rb:1:in '<main>'
Generating image variants require the image_processing gem. Please add `gem "image_processing", "~> 1.2"` to your Gemfile or set `config.active_storage.variant_processor = :disabled`.
Generating image variants require the image_processing gem. Please add `gem "image_processing", "~> 1.2"` to your Gemfile or set `config.active_storage.variant_processor = :disabled`.
Generating image variants require the image_processing gem. Please add `gem "image_processing", "~> 1.2"` to your Gemfile or set `config.active_storage.variant_processor = :disabled`.
Generating image variants require the image_processing gem. Please add `gem "image_processing", "~> 1.2"` to your Gemfile or set `config.active_storage.variant_processor = :disabled`.
Generating image variants require the image_processing gem. Please add `gem "image_processing", "~> 1.2"` to your Gemfile or set `config.active_storage.variant_processor = :disabled`.
Started GET "/admin/login" for 127.0.0.1 at 2026-04-14 14:52:24 +0200
  [1m[36mActiveRecord::SchemaMigration Load (0.3ms)[0m  [1m[34mSELECT "schema_migrations"."version" FROM "schema_migrations" ORDER BY "schema_migrations"."version" ASC /*application='FreightSolutionBackEnd'*/[0m
Processing by AdminController#login as */*
  Rendering layout layouts/admin_login.html.erb
  Rendering admin/login.html.erb within layouts/admin_login
  Rendered admin/login.html.erb within layouts/admin_login (Duration: 2.8ms | GC: 0.0ms)
  Rendered layout layouts/admin_login.html.erb (Duration: 3.2ms | GC: 0.0ms)
Completed 200 OK in 7ms (Views: 4.7ms | ActiveRecord: 0.0ms (0 queries, 0 cached) | GC: 0.2ms)


Started POST "/admin/login" for 127.0.0.1 at 2026-04-14 14:52:35 +0200
Processing by AdminController#login as */*
  Parameters: {"email" => "[FILTERED]", "password" => "[FILTERED]"}
  [1m[36mUser Load (0.4ms)[0m  [1m[34mSELECT "users".* FROM "users" WHERE "users"."email" = 'felender7@gmail.com' LIMIT 1 /*action='login',application='FreightSolutionBackEnd',controller='admin'*/[0m
  ↳ app/controllers/admin_controller.rb:9:in 'AdminController#login'
Redirected to http://localhost:3000/admin/dashboard
↳ app/controllers/admin_controller.rb:12:in 'AdminController#login'
Completed 302 Found in 220ms (ActiveRecord: 4.5ms (1 query, 0 cached) | GC: 0.0ms)


Started POST "/admin/dashboard" for 127.0.0.1 at 2026-04-14 14:52:35 +0200
  
ActionController::RoutingError (No route matches [POST] "/admin/dashboard"):
  
Started GET "/admin/dashboard" for 127.0.0.1 at 2026-04-14 14:52:53 +0200
Processing by Admin::DashboardController#index as */*
  [1m[36mEmployee Count (0.4ms)[0m  [1m[34mSELECT COUNT(*) FROM "employees" /*action='index',application='FreightSolutionBackEnd',controller='dashboard'*/[0m
  ↳ app/controllers/admin/dashboard_controller.rb:7:in 'Admin::DashboardController#index'
  [1m[36mVendor Count (0.4ms)[0m  [1m[34mSELECT COUNT(*) FROM "vendors" /*action='index',application='FreightSolutionBackEnd',controller='dashboard'*/[0m
  ↳ app/controllers/admin/dashboard_controller.rb:8:in 'Admin::DashboardController#index'
  [1m[36mShipment Count (0.2ms)[0m  [1m[34mSELECT COUNT(*) FROM "shipments" /*action='index',application='FreightSolutionBackEnd',controller='dashboard'*/[0m
  ↳ app/controllers/admin/dashboard_controller.rb:9:in 'Admin::DashboardController#index'
  [1m[36mInvoice Count (0.3ms)[0m  [1m[34mSELECT COUNT(*) FROM "invoices" /*action='index',application='FreightSolutionBackEnd',controller='dashboard'*/[0m
  ↳ app/controllers/admin/dashboard_controller.rb:10:in 'Admin::DashboardController#index'
  [1m[36mInvoice Sum (0.2ms)[0m  [1m[34mSELECT SUM("invoices"."amount") FROM "invoices" WHERE "invoices"."status" = 'paid' /*action='index',application='FreightSolutionBackEnd',controller='dashboard'*/[0m
  ↳ app/controllers/admin/dashboard_controller.rb:11:in 'Admin::DashboardController#index'
  [1m[36mInvoice Count (0.1ms)[0m  [1m[34mSELECT COUNT(*) FROM "invoices" WHERE "invoices"."status" = 'pending' /*action='index',application='FreightSolutionBackEnd',controller='dashboard'*/[0m
  ↳ app/controllers/admin/dashboard_controller.rb:12:in 'Admin::DashboardController#index'
  Rendering layout layouts/admin.html.erb
  Rendering admin/dashboard/index.html.erb within layouts/admin
  [1m[36mShipment Exists? (0.1ms)[0m  [1m[34mSELECT 1 AS one FROM "shipments" LIMIT 1 /*action='index',application='FreightSolutionBackEnd',controller='dashboard'*/[0m
  ↳ app/views/admin/dashboard/index.html.erb:64
  [1m[36mInvoice Exists? (0.1ms)[0m  [1m[34mSELECT 1 AS one FROM "invoices" LIMIT 1 /*action='index',application='FreightSolutionBackEnd',controller='dashboard'*/[0m
  ↳ app/views/admin/dashboard/index.html.erb:102
  Rendered admin/dashboard/index.html.erb within layouts/admin (Duration: 3.5ms | GC: 0.0ms)
  [1m[36mUser Load (0.2ms)[0m  [1m[34mSELECT "users".* FROM "users" WHERE "users"."id" = 1 LIMIT 1 /*action='index',application='FreightSolutionBackEnd',controller='dashboard'*/[0m
  ↳ app/controllers/admin/dashboard_controller.rb:26:in 'Admin::DashboardController#current_user'
  Rendered layout layouts/admin.html.erb (Duration: 5.9ms | GC: 0.0ms)
Completed 200 OK in 19ms (Views: 6.6ms | ActiveRecord: 3.0ms (9 queries, 0 cached) | GC: 0.0ms)


Started GET "/admin/employees" for 127.0.0.1 at 2026-04-14 14:52:56 +0200
Processing by Admin::EmployeesController#index as */*
  Rendering layout layouts/admin.html.erb
  Rendering admin/employees/index.html.erb within layouts/admin
  [1m[36mEmployee Exists? (1.0ms)[0m  [1m[34mSELECT 1 AS one FROM "employees" LIMIT 1 /*action='index',application='FreightSolutionBackEnd',controller='employees'*/[0m
  ↳ app/views/admin/employees/index.html.erb:17
  Rendered admin/employees/index.html.erb within layouts/admin (Duration: 5.9ms | GC: 3.5ms)
  [1m[36mUser Load (0.4ms)[0m  [1m[34mSELECT "users".* FROM "users" WHERE "users"."id" = 1 LIMIT 1 /*action='index',application='FreightSolutionBackEnd',controller='employees'*/[0m
  ↳ app/controllers/admin/employees_controller.rb:55:in 'Admin::EmployeesController#current_user'
  Rendered layout layouts/admin.html.erb (Duration: 10.8ms | GC: 6.5ms)
Completed 200 OK in 15ms (Views: 10.8ms | ActiveRecord: 2.1ms (2 queries, 0 cached) | GC: 8.4ms)


Started GET "/admin/employees/new" for 127.0.0.1 at 2026-04-14 14:54:05 +0200
Processing by Admin::EmployeesController#new as HTML
  Rendering layout layouts/admin.html.erb
  Rendering admin/employees/new.html.erb within layouts/admin
  Rendered admin/employees/new.html.erb within layouts/admin (Duration: 15.6ms | GC: 6.3ms)
  [1m[36mUser Load (0.2ms)[0m  [1m[34mSELECT "users".* FROM "users" WHERE "users"."id" = 1 LIMIT 1 /*action='new',application='FreightSolutionBackEnd',controller='employees'*/[0m
  ↳ app/controllers/admin/employees_controller.rb:55:in 'Admin::EmployeesController#current_user'
  Rendered layout layouts/admin.html.erb (Duration: 17.6ms | GC: 6.3ms)
Completed 200 OK in 35ms (Views: 18.0ms | ActiveRecord: 0.6ms (1 query, 0 cached) | GC: 17.7ms)


Started GET "/admin/vendors" for 127.0.0.1 at 2026-04-14 14:54:08 +0200
Processing by Admin::VendorsController#index as HTML
  Rendering layout layouts/application.html.erb
  Rendering admin/vendors/index.html.erb within layouts/application
  [1m[36mVendor Exists? (0.1ms)[0m  [1m[34mSELECT 1 AS one FROM "vendors" LIMIT 1 /*action='index',application='FreightSolutionBackEnd',controller='vendors'*/[0m
  ↳ app/views/admin/vendors/index.html.erb:17
  Rendered admin/vendors/index.html.erb within layouts/application (Duration: 1.3ms | GC: 0.0ms)
  Rendered layout layouts/application.html.erb (Duration: 179.5ms | GC: 11.2ms)
Completed 200 OK in 183ms (Views: 180.7ms | ActiveRecord: 0.8ms (1 query, 0 cached) | GC: 11.5ms)


Generating image variants require the image_processing gem. Please add `gem "image_processing", "~> 1.2"` to your Gemfile or set `config.active_storage.variant_processor = :disabled`.
Started GET "/admin/vendors" for 127.0.0.1 at 2026-04-14 14:54:22 +0200
Processing by Admin::VendorsController#index as HTML
  Rendering layout layouts/application.html.erb
  Rendering admin/vendors/index.html.erb within layouts/application
  [1m[36mVendor Exists? (0.2ms)[0m  [1m[34mSELECT 1 AS one FROM "vendors" LIMIT 1 /*action='index',application='FreightSolutionBackEnd',controller='vendors'*/[0m
  ↳ app/views/admin/vendors/index.html.erb:17
  Rendered admin/vendors/index.html.erb within layouts/application (Duration: 1.2ms | GC: 0.0ms)
  Rendered layout layouts/application.html.erb (Duration: 2.2ms | GC: 0.0ms)
Completed 200 OK in 3ms (Views: 2.2ms | ActiveRecord: 0.2ms (1 query, 0 cached) | GC: 0.0ms)


Started GET "/admin/vendors" for 127.0.0.1 at 2026-04-14 14:54:24 +0200
Processing by Admin::VendorsController#index as HTML
  Rendering layout layouts/application.html.erb
  Rendering admin/vendors/index.html.erb within layouts/application
  [1m[36mVendor Exists? (0.3ms)[0m  [1m[34mSELECT 1 AS one FROM "vendors" LIMIT 1 /*action='index',application='FreightSolutionBackEnd',controller='vendors'*/[0m
  ↳ app/views/admin/vendors/index.html.erb:17
  Rendered admin/vendors/index.html.erb within layouts/application (Duration: 1.4ms | GC: 0.0ms)
  Rendered layout layouts/application.html.erb (Duration: 2.4ms | GC: 0.0ms)
Completed 200 OK in 3ms (Views: 2.4ms | ActiveRecord: 0.3ms (1 query, 0 cached) | GC: 0.0ms)


Started GET "/admin/vendors" for 127.0.0.1 at 2026-04-14 14:54:25 +0200
Processing by Admin::VendorsController#index as HTML
  Rendering layout layouts/application.html.erb
  Rendering admin/vendors/index.html.erb within layouts/application
  [1m[36mVendor Exists? (0.2ms)[0m  [1m[34mSELECT 1 AS one FROM "vendors" LIMIT 1 /*action='index',application='FreightSolutionBackEnd',controller='vendors'*/[0m
  ↳ app/views/admin/vendors/index.html.erb:17
  Rendered admin/vendors/index.html.erb within layouts/application (Duration: 1.2ms | GC: 0.0ms)
  Rendered layout layouts/application.html.erb (Duration: 2.3ms | GC: 0.0ms)
Completed 200 OK in 3ms (Views: 2.4ms | ActiveRecord: 0.2ms (1 query, 0 cached) | GC: 0.0ms)


Started GET "/favicon.ico" for 127.0.0.1 at 2026-04-14 14:54:25 +0200
  
ActionController::RoutingError (No route matches [GET] "/favicon.ico"):
  
Started GET "/admin/vendors" for 127.0.0.1 at 2026-04-14 14:54:25 +0200
Processing by Admin::VendorsController#index as HTML
  Rendering layout layouts/application.html.erb
  Rendering admin/vendors/index.html.erb within layouts/application
  [1m[36mVendor Exists? (0.3ms)[0m  [1m[34mSELECT 1 AS one FROM "vendors" LIMIT 1 /*action='index',application='FreightSolutionBackEnd',controller='vendors'*/[0m
  ↳ app/views/admin/vendors/index.html.erb:17
  Rendered admin/vendors/index.html.erb within layouts/application (Duration: 1.2ms | GC: 0.0ms)
  Rendered layout layouts/application.html.erb (Duration: 2.3ms | GC: 0.0ms)
Completed 200 OK in 3ms (Views: 2.4ms | ActiveRecord: 0.3ms (1 query, 0 cached) | GC: 0.0ms)


Started GET "/favicon.ico" for 127.0.0.1 at 2026-04-14 14:54:25 +0200
  
ActionController::RoutingError (No route matches [GET] "/favicon.ico"):
  
Started GET "/admin/vendors" for 127.0.0.1 at 2026-04-14 14:54:26 +0200
Processing by Admin::VendorsController#index as HTML
  Rendering layout layouts/application.html.erb
  Rendering admin/vendors/index.html.erb within layouts/application
  [1m[36mVendor Exists? (0.2ms)[0m  [1m[34mSELECT 1 AS one FROM "vendors" LIMIT 1 /*action='index',application='FreightSolutionBackEnd',controller='vendors'*/[0m
  ↳ app/views/admin/vendors/index.html.erb:17
  Rendered admin/vendors/index.html.erb within layouts/application (Duration: 1.2ms | GC: 0.0ms)
  Rendered layout layouts/application.html.erb (Duration: 2.3ms | GC: 0.0ms)
Completed 200 OK in 3ms (Views: 2.5ms | ActiveRecord: 0.2ms (1 query, 0 cached) | GC: 0.0ms)


Started GET "/favicon.ico" for 127.0.0.1 at 2026-04-14 14:54:26 +0200
  
ActionController::RoutingError (No route matches [GET] "/favicon.ico"):
  
Started GET "/admin/dashboard" for 127.0.0.1 at 2026-04-14 14:54:29 +0200
Processing by Admin::DashboardController#index as HTML
  [1m[36mEmployee Count (0.3ms)[0m  [1m[34mSELECT COUNT(*) FROM "employees" /*action='index',application='FreightSolutionBackEnd',controller='dashboard'*/[0m
  ↳ app/controllers/admin/dashboard_controller.rb:7:in 'Admin::DashboardController#index'
  [1m[36mVendor Count (0.2ms)[0m  [1m[34mSELECT COUNT(*) FROM "vendors" /*action='index',application='FreightSolutionBackEnd',controller='dashboard'*/[0m
  ↳ app/controllers/admin/dashboard_controller.rb:8:in 'Admin::DashboardController#index'
  [1m[36mShipment Count (0.1ms)[0m  [1m[34mSELECT COUNT(*) FROM "shipments" /*action='index',application='FreightSolutionBackEnd',controller='dashboard'*/[0m
  ↳ app/controllers/admin/dashboard_controller.rb:9:in 'Admin::DashboardController#index'
  [1m[36mInvoice Count (0.1ms)[0m  [1m[34mSELECT COUNT(*) FROM "invoices" /*action='index',application='FreightSolutionBackEnd',controller='dashboard'*/[0m
  ↳ app/controllers/admin/dashboard_controller.rb:10:in 'Admin::DashboardController#index'
  [1m[36mInvoice Sum (0.1ms)[0m  [1m[34mSELECT SUM("invoices"."amount") FROM "invoices" WHERE "invoices"."status" = 'paid' /*action='index',application='FreightSolutionBackEnd',controller='dashboard'*/[0m
  ↳ app/controllers/admin/dashboard_controller.rb:11:in 'Admin::DashboardController#index'
  [1m[36mInvoice Count (0.2ms)[0m  [1m[34mSELECT COUNT(*) FROM "invoices" WHERE "invoices"."status" = 'pending' /*action='index',application='FreightSolutionBackEnd',controller='dashboard'*/[0m
  ↳ app/controllers/admin/dashboard_controller.rb:12:in 'Admin::DashboardController#index'
  Rendering layout layouts/admin.html.erb
  Rendering admin/dashboard/index.html.erb within layouts/admin
  [1m[36mShipment Exists? (0.1ms)[0m  [1m[34mSELECT 1 AS one FROM "shipments" LIMIT 1 /*action='index',application='FreightSolutionBackEnd',controller='dashboard'*/[0m
  ↳ app/views/admin/dashboard/index.html.erb:64
  [1m[36mInvoice Exists? (0.1ms)[0m  [1m[34mSELECT 1 AS one FROM "invoices" LIMIT 1 /*action='index',application='FreightSolutionBackEnd',controller='dashboard'*/[0m
  ↳ app/views/admin/dashboard/index.html.erb:102
  Rendered admin/dashboard/index.html.erb within layouts/admin (Duration: 1.2ms | GC: 0.0ms)
  [1m[36mUser Load (0.1ms)[0m  [1m[34mSELECT "users".* FROM "users" WHERE "users"."id" = 1 LIMIT 1 /*action='index',application='FreightSolutionBackEnd',controller='dashboard'*/[0m
  ↳ app/controllers/admin/dashboard_controller.rb:26:in 'Admin::DashboardController#current_user'
  Rendered layout layouts/admin.html.erb (Duration: 2.2ms | GC: 0.0ms)
Completed 200 OK in 8ms (Views: 2.2ms | ActiveRecord: 1.4ms (9 queries, 0 cached) | GC: 0.0ms)


Started GET "/admin/employees" for 127.0.0.1 at 2026-04-14 14:54:30 +0200
Processing by Admin::EmployeesController#index as HTML
  Rendering layout layouts/admin.html.erb
  Rendering admin/employees/index.html.erb within layouts/admin
  [1m[36mEmployee Exists? (0.3ms)[0m  [1m[34mSELECT 1 AS one FROM "employees" LIMIT 1 /*action='index',application='FreightSolutionBackEnd',controller='employees'*/[0m
  ↳ app/views/admin/employees/index.html.erb:17
  Rendered admin/employees/index.html.erb within layouts/admin (Duration: 1.1ms | GC: 0.0ms)
  [1m[36mUser Load (0.2ms)[0m  [1m[34mSELECT "users".* FROM "users" WHERE "users"."id" = 1 LIMIT 1 /*action='index',application='FreightSolutionBackEnd',controller='employees'*/[0m
  ↳ app/controllers/admin/employees_controller.rb:55:in 'Admin::EmployeesController#current_user'
  Rendered layout layouts/admin.html.erb (Duration: 2.2ms | GC: 0.0ms)
Completed 200 OK in 3ms (Views: 2.0ms | ActiveRecord: 0.5ms (2 queries, 0 cached) | GC: 0.0ms)


Started GET "/admin/vendors" for 127.0.0.1 at 2026-04-14 14:54:31 +0200
Processing by Admin::VendorsController#index as HTML
  Rendering layout layouts/application.html.erb
  Rendering admin/vendors/index.html.erb within layouts/application
  [1m[36mVendor Exists? (0.3ms)[0m  [1m[34mSELECT 1 AS one FROM "vendors" LIMIT 1 /*action='index',application='FreightSolutionBackEnd',controller='vendors'*/[0m
  ↳ app/views/admin/vendors/index.html.erb:17
  Rendered admin/vendors/index.html.erb within layouts/application (Duration: 1.3ms | GC: 0.0ms)
  Rendered layout layouts/application.html.erb (Duration: 2.3ms | GC: 0.0ms)
Completed 200 OK in 3ms (Views: 2.3ms | ActiveRecord: 0.3ms (1 query, 0 cached) | GC: 0.0ms)


Started GET "/admin/shipments" for 127.0.0.1 at 2026-04-14 14:54:33 +0200
Processing by Admin::ShipmentsController#index as HTML
  Rendering layout layouts/application.html.erb
  Rendering admin/shipments/index.html.erb within layouts/application
  [1m[36mShipment Exists? (0.2ms)[0m  [1m[34mSELECT 1 AS one FROM "shipments" LIMIT 1 /*action='index',application='FreightSolutionBackEnd',controller='shipments'*/[0m
  ↳ app/views/admin/shipments/index.html.erb:16
  Rendered admin/shipments/index.html.erb within layouts/application (Duration: 1.4ms | GC: 0.0ms)
  Rendered layout layouts/application.html.erb (Duration: 2.5ms | GC: 0.0ms)
Completed 200 OK in 3ms (Views: 2.7ms | ActiveRecord: 0.2ms (1 query, 0 cached) | GC: 0.0ms)


Started GET "/admin/invoices" for 127.0.0.1 at 2026-04-14 14:54:35 +0200
Processing by Admin::InvoicesController#index as HTML
  Rendering layout layouts/application.html.erb
  Rendering admin/invoices/index.html.erb within layouts/application
  [1m[36mInvoice Exists? (0.2ms)[0m  [1m[34mSELECT 1 AS one FROM "invoices" LIMIT 1 /*action='index',application='FreightSolutionBackEnd',controller='invoices'*/[0m
  ↳ app/views/admin/invoices/index.html.erb:9
  Rendered admin/invoices/index.html.erb within layouts/application (Duration: 1.4ms | GC: 0.0ms)
  Rendered layout layouts/application.html.erb (Duration: 2.6ms | GC: 0.0ms)
Completed 200 OK in 3ms (Views: 2.8ms | ActiveRecord: 0.2ms (1 query, 0 cached) | GC: 0.0ms)


Started GET "/admin/invoices" for 127.0.0.1 at 2026-04-14 14:54:38 +0200
Processing by Admin::InvoicesController#index as HTML
  Rendering layout layouts/application.html.erb
  Rendering admin/invoices/index.html.erb within layouts/application
  [1m[36mInvoice Exists? (0.2ms)[0m  [1m[34mSELECT 1 AS one FROM "invoices" LIMIT 1 /*action='index',application='FreightSolutionBackEnd',controller='invoices'*/[0m
  ↳ app/views/admin/invoices/index.html.erb:9
  Rendered admin/invoices/index.html.erb within layouts/application (Duration: 1.1ms | GC: 0.0ms)
  Rendered layout layouts/application.html.erb (Duration: 2.1ms | GC: 0.0ms)
Completed 200 OK in 3ms (Views: 2.2ms | ActiveRecord: 0.2ms (1 query, 0 cached) | GC: 0.0ms)


Started GET "/admin/users" for 127.0.0.1 at 2026-04-14 14:54:40 +0200
Processing by Admin::UsersController#index as HTML
  Rendering layout layouts/application.html.erb
  Rendering admin/users/index.html.erb within layouts/application
  [1m[36mUser Exists? (0.2ms)[0m  [1m[34mSELECT 1 AS one FROM "users" LIMIT 1 /*action='index',application='FreightSolutionBackEnd',controller='users'*/[0m
  ↳ app/views/admin/users/index.html.erb:6
  [1m[36mUser Load (0.2ms)[0m  [1m[34mSELECT "users".* FROM "users" ORDER BY "users"."created_at" DESC /*action='index',application='FreightSolutionBackEnd',controller='users'*/[0m
  ↳ app/views/admin/users/index.html.erb:8
  Rendered admin/users/index.html.erb within layouts/application (Duration: 8.1ms | GC: 5.1ms)
  Rendered layout layouts/application.html.erb (Duration: 8.2ms | GC: 5.1ms)
Completed 500 Internal Server Error in 9ms (ActiveRecord: 0.4ms (2 queries, 0 cached) | GC: 5.1ms)


  
ActionView::Template::Error (wrong number of arguments (given 1, expected 0))
Caused by: ArgumentError (wrong number of arguments (given 1, expected 0))

Information for: ActionView::Template::Error (wrong number of arguments (given 1, expected 0)):
     5:     <% if @users.any? %>
     6:       <table><thead><tr><th>Name</th><th>Email</th><th>Role</th><th>Status</th><th>Actions</th></tr></thead><tbody>
     7:         <% @users.each do |u| %><tr><td><strong><%= u.first_name %> <%= u.last_name %></strong></td><td><%= u.email %></td><td><span class="badge <%= u.role=='admin'?'badge-info':'badge-warning' %>"><%= u.role %></span></td><td><span class="badge <%= u.must_update_password?'badge-error':'badge-success' %>"><%= u.must_update_password ? 'Password needed' : 'Active' %></span></td><td><div class="actions"><a href="<%= admin_user_path(u) %>" class="btn btn-sm btn-secondary">View</a><a href="<%= edit_admin_user_path(u) %>" class="btn btn-sm btn-secondary">Edit</a><%= button_to 'Delete', admin_user_path(u), method: :delete, data: { confirm: 'Sure?' }, class: 'btn btn-sm btn-danger' %></div></td></tr><% end %></tbody></table>
     8:     <% else %><div class="empty-state"><svg fill="none" stroke="currentColor" viewBox="0 0 24 24"><path stroke-linecap="round" stroke-linejoin="round" stroke-width="2" d="M12 6V4m0 2a2 2 0 100 4m0-4a2 2 0 110 4m-6 8a2 2 0 100-4m0 4a2 2 0 110-4m0 4v2m0-6V4m6 6v10m6-2a2 2 0 100-4m0 4a2 2 0 110-4m0 4v2m0-6V4"/></svg><p>No users</p></div><% end %>
     9:   </div></div>
    10: </div>
  
app/views/admin/users/index.html.erb:8
app/views/admin/users/index.html.erb:8

Information for cause: ArgumentError (wrong number of arguments (given 1, expected 0)):
  
app/views/admin/users/index.html.erb:8
app/views/admin/users/index.html.erb:8
Started GET "/admin/employees/new" for 127.0.0.1 at 2026-04-14 14:54:45 +0200
Processing by Admin::EmployeesController#new as HTML
  Rendering layout layouts/admin.html.erb
  Rendering admin/employees/new.html.erb within layouts/admin
  Rendered admin/employees/new.html.erb within layouts/admin (Duration: 1.4ms | GC: 0.0ms)
  [1m[36mUser Load (0.2ms)[0m  [1m[34mSELECT "users".* FROM "users" WHERE "users"."id" = 1 LIMIT 1 /*action='new',application='FreightSolutionBackEnd',controller='employees'*/[0m
  ↳ app/controllers/admin/employees_controller.rb:55:in 'Admin::EmployeesController#current_user'
  Rendered layout layouts/admin.html.erb (Duration: 2.7ms | GC: 0.0ms)
Completed 200 OK in 4ms (Views: 2.8ms | ActiveRecord: 0.2ms (1 query, 0 cached) | GC: 0.0ms)


Started GET "/admin/shipments" for 127.0.0.1 at 2026-04-14 14:54:47 +0200
Processing by Admin::ShipmentsController#index as HTML
  Rendering layout layouts/application.html.erb
  Rendering admin/shipments/index.html.erb within layouts/application
  [1m[36mShipment Exists? (0.2ms)[0m  [1m[34mSELECT 1 AS one FROM "shipments" LIMIT 1 /*action='index',application='FreightSolutionBackEnd',controller='shipments'*/[0m
  ↳ app/views/admin/shipments/index.html.erb:16
  Rendered admin/shipments/index.html.erb within layouts/application (Duration: 1.2ms | GC: 0.0ms)
  Rendered layout layouts/application.html.erb (Duration: 2.4ms | GC: 0.0ms)
Completed 200 OK in 3ms (Views: 2.6ms | ActiveRecord: 0.2ms (1 query, 0 cached) | GC: 0.0ms)


Started GET "/admin/employees" for 127.0.0.1 at 2026-04-14 14:54:52 +0200
Processing by Admin::EmployeesController#index as HTML
  Rendering layout layouts/admin.html.erb
  Rendering admin/employees/index.html.erb within layouts/admin
  [1m[36mEmployee Exists? (0.2ms)[0m  [1m[34mSELECT 1 AS one FROM "employees" LIMIT 1 /*action='index',application='FreightSolutionBackEnd',controller='employees'*/[0m
  ↳ app/views/admin/employees/index.html.erb:17
  Rendered admin/employees/index.html.erb within layouts/admin (Duration: 1.0ms | GC: 0.0ms)
  [1m[36mUser Load (0.1ms)[0m  [1m[34mSELECT "users".* FROM "users" WHERE "users"."id" = 1 LIMIT 1 /*action='index',application='FreightSolutionBackEnd',controller='employees'*/[0m
  ↳ app/controllers/admin/employees_controller.rb:55:in 'Admin::EmployeesController#current_user'
  Rendered layout layouts/admin.html.erb (Duration: 2.0ms | GC: 0.0ms)
Completed 200 OK in 3ms (Views: 2.0ms | ActiveRecord: 0.4ms (2 queries, 0 cached) | GC: 0.0ms)


Started GET "/admin/dashboard" for 127.0.0.1 at 2026-04-14 14:54:53 +0200
Processing by Admin::DashboardController#index as HTML
  [1m[36mEmployee Count (0.2ms)[0m  [1m[34mSELECT COUNT(*) FROM "employees" /*action='index',application='FreightSolutionBackEnd',controller='dashboard'*/[0m
  ↳ app/controllers/admin/dashboard_controller.rb:7:in 'Admin::DashboardController#index'
  [1m[36mVendor Count (0.1ms)[0m  [1m[34mSELECT COUNT(*) FROM "vendors" /*action='index',application='FreightSolutionBackEnd',controller='dashboard'*/[0m
  ↳ app/controllers/admin/dashboard_controller.rb:8:in 'Admin::DashboardController#index'
  [1m[36mShipment Count (0.1ms)[0m  [1m[34mSELECT COUNT(*) FROM "shipments" /*action='index',application='FreightSolutionBackEnd',controller='dashboard'*/[0m
  ↳ app/controllers/admin/dashboard_controller.rb:9:in 'Admin::DashboardController#index'
  [1m[36mInvoice Count (0.1ms)[0m  [1m[34mSELECT COUNT(*) FROM "invoices" /*action='index',application='FreightSolutionBackEnd',controller='dashboard'*/[0m
  ↳ app/controllers/admin/dashboard_controller.rb:10:in 'Admin::DashboardController#index'
  [1m[36mInvoice Sum (0.1ms)[0m  [1m[34mSELECT SUM("invoices"."amount") FROM "invoices" WHERE "invoices"."status" = 'paid' /*action='index',application='FreightSolutionBackEnd',controller='dashboard'*/[0m
  ↳ app/controllers/admin/dashboard_controller.rb:11:in 'Admin::DashboardController#index'
  [1m[36mInvoice Count (0.1ms)[0m  [1m[34mSELECT COUNT(*) FROM "invoices" WHERE "invoices"."status" = 'pending' /*action='index',application='FreightSolutionBackEnd',controller='dashboard'*/[0m
  ↳ app/controllers/admin/dashboard_controller.rb:12:in 'Admin::DashboardController#index'
  Rendering layout layouts/admin.html.erb
  Rendering admin/dashboard/index.html.erb within layouts/admin
  [1m[36mShipment Exists? (0.1ms)[0m  [1m[34mSELECT 1 AS one FROM "shipments" LIMIT 1 /*action='index',application='FreightSolutionBackEnd',controller='dashboard'*/[0m
  ↳ app/views/admin/dashboard/index.html.erb:64
  [1m[36mInvoice Exists? (0.1ms)[0m  [1m[34mSELECT 1 AS one FROM "invoices" LIMIT 1 /*action='index',application='FreightSolutionBackEnd',controller='dashboard'*/[0m
  ↳ app/views/admin/dashboard/index.html.erb:102
  Rendered admin/dashboard/index.html.erb within layouts/admin (Duration: 1.1ms | GC: 0.0ms)
  [1m[36mUser Load (0.1ms)[0m  [1m[34mSELECT "users".* FROM "users" WHERE "users"."id" = 1 LIMIT 1 /*action='index',application='FreightSolutionBackEnd',controller='dashboard'*/[0m
  ↳ app/controllers/admin/dashboard_controller.rb:26:in 'Admin::DashboardController#current_user'
  Rendered layout layouts/admin.html.erb (Duration: 2.0ms | GC: 0.0ms)
Completed 200 OK in 7ms (Views: 2.0ms | ActiveRecord: 0.9ms (9 queries, 0 cached) | GC: 0.0ms)


Started GET "/admin/employees" for 127.0.0.1 at 2026-04-14 14:54:55 +0200
Processing by Admin::EmployeesController#index as HTML
  Rendering layout layouts/admin.html.erb
  Rendering admin/employees/index.html.erb within layouts/admin
  [1m[36mEmployee Exists? (0.2ms)[0m  [1m[34mSELECT 1 AS one FROM "employees" LIMIT 1 /*action='index',application='FreightSolutionBackEnd',controller='employees'*/[0m
  ↳ app/views/admin/employees/index.html.erb:17
  Rendered admin/employees/index.html.erb within layouts/admin (Duration: 1.0ms | GC: 0.0ms)
  [1m[36mUser Load (0.2ms)[0m  [1m[34mSELECT "users".* FROM "users" WHERE "users"."id" = 1 LIMIT 1 /*action='index',application='FreightSolutionBackEnd',controller='employees'*/[0m
  ↳ app/controllers/admin/employees_controller.rb:55:in 'Admin::EmployeesController#current_user'
  Rendered layout layouts/admin.html.erb (Duration: 2.2ms | GC: 0.0ms)
Completed 200 OK in 3ms (Views: 2.0ms | ActiveRecord: 0.4ms (2 queries, 0 cached) | GC: 0.0ms)


Started GET "/admin/employees/new" for 127.0.0.1 at 2026-04-14 14:54:56 +0200
Processing by Admin::EmployeesController#new as HTML
  Rendering layout layouts/admin.html.erb
  Rendering admin/employees/new.html.erb within layouts/admin
  Rendered admin/employees/new.html.erb within layouts/admin (Duration: 1.5ms | GC: 0.0ms)
  [1m[36mUser Load (0.3ms)[0m  [1m[34mSELECT "users".* FROM "users" WHERE "users"."id" = 1 LIMIT 1 /*action='new',application='FreightSolutionBackEnd',controller='employees'*/[0m
  ↳ app/controllers/admin/employees_controller.rb:55:in 'Admin::EmployeesController#current_user'
  Rendered layout layouts/admin.html.erb (Duration: 2.8ms | GC: 0.0ms)
Completed 200 OK in 4ms (Views: 2.9ms | ActiveRecord: 0.3ms (1 query, 0 cached) | GC: 0.0ms)


Started GET "/admin/vendors" for 127.0.0.1 at 2026-04-14 14:54:58 +0200
Processing by Admin::VendorsController#index as HTML
  Rendering layout layouts/application.html.erb
  Rendering admin/vendors/index.html.erb within layouts/application
  [1m[36mVendor Exists? (0.2ms)[0m  [1m[34mSELECT 1 AS one FROM "vendors" LIMIT 1 /*action='index',application='FreightSolutionBackEnd',controller='vendors'*/[0m
  ↳ app/views/admin/vendors/index.html.erb:17
  Rendered admin/vendors/index.html.erb within layouts/application (Duration: 1.6ms | GC: 0.0ms)
  Rendered layout layouts/application.html.erb (Duration: 7.1ms | GC: 3.6ms)
Completed 200 OK in 8ms (Views: 7.5ms | ActiveRecord: 0.2ms (1 query, 0 cached) | GC: 3.6ms)


Started POST "/api/v1/auth/login" for 127.0.0.1 at 2026-04-14 14:55:31 +0200
Processing by Api::V1::AuthController#login as JSON
  Parameters: {"email" => "[FILTERED]", "password" => "[FILTERED]", "auth" => {"email" => "[FILTERED]", "password" => "[FILTERED]"}}
HTTP Origin header (http://localhost:4200) didn't match request.base_url (http://localhost:3000)
  [1m[36mUser Load (0.2ms)[0m  [1m[34mSELECT "users".* FROM "users" WHERE "users"."email" = 'felender7@gmail.com' LIMIT 1 /*action='login',application='FreightSolutionBackEnd',controller='auth'*/[0m
  ↳ app/controllers/api/v1/auth_controller.rb:5:in 'Api::V1::AuthController#login'
Completed 200 OK in 191ms (Views: 0.1ms | ActiveRecord: 0.2ms (1 query, 0 cached) | GC: 0.0ms)


Started GET "/admin/login" for 127.0.0.1 at 2026-04-14 14:55:44 +0200
Processing by AdminController#login as HTML
  Rendering layout layouts/admin_login.html.erb
  Rendering admin/login.html.erb within layouts/admin_login
  Rendered admin/login.html.erb within layouts/admin_login (Duration: 0.8ms | GC: 0.0ms)
  Rendered layout layouts/admin_login.html.erb (Duration: 1.1ms | GC: 0.0ms)
Completed 200 OK in 2ms (Views: 1.5ms | ActiveRecord: 0.0ms (0 queries, 0 cached) | GC: 0.0ms)


Started POST "/admin/login" for 127.0.0.1 at 2026-04-14 14:55:46 +0200
Processing by AdminController#login as HTML
  Parameters: {"authenticity_token" => "[FILTERED]", "email" => "[FILTERED]", "password" => "[FILTERED]"}
  [1m[36mUser Load (0.3ms)[0m  [1m[34mSELECT "users".* FROM "users" WHERE "users"."email" = 'felender7@gmail.com' LIMIT 1 /*action='login',application='FreightSolutionBackEnd',controller='admin'*/[0m
  ↳ app/controllers/admin_controller.rb:9:in 'AdminController#login'
Redirected to http://localhost:3000/admin/dashboard
↳ app/controllers/admin_controller.rb:12:in 'AdminController#login'
Completed 302 Found in 224ms (ActiveRecord: 0.3ms (1 query, 0 cached) | GC: 0.0ms)


Started GET "/admin/dashboard" for 127.0.0.1 at 2026-04-14 14:55:46 +0200
Processing by Admin::DashboardController#index as HTML
  [1m[36mEmployee Count (0.3ms)[0m  [1m[34mSELECT COUNT(*) FROM "employees" /*action='index',application='FreightSolutionBackEnd',controller='dashboard'*/[0m
  ↳ app/controllers/admin/dashboard_controller.rb:7:in 'Admin::DashboardController#index'
  [1m[36mVendor Count (0.1ms)[0m  [1m[34mSELECT COUNT(*) FROM "vendors" /*action='index',application='FreightSolutionBackEnd',controller='dashboard'*/[0m
  ↳ app/controllers/admin/dashboard_controller.rb:8:in 'Admin::DashboardController#index'
  [1m[36mShipment Count (0.1ms)[0m  [1m[34mSELECT COUNT(*) FROM "shipments" /*action='index',application='FreightSolutionBackEnd',controller='dashboard'*/[0m
  ↳ app/controllers/admin/dashboard_controller.rb:9:in 'Admin::DashboardController#index'
  [1m[36mInvoice Count (0.1ms)[0m  [1m[34mSELECT COUNT(*) FROM "invoices" /*action='index',application='FreightSolutionBackEnd',controller='dashboard'*/[0m
  ↳ app/controllers/admin/dashboard_controller.rb:10:in 'Admin::DashboardController#index'
  [1m[36mInvoice Sum (0.1ms)[0m  [1m[34mSELECT SUM("invoices"."amount") FROM "invoices" WHERE "invoices"."status" = 'paid' /*action='index',application='FreightSolutionBackEnd',controller='dashboard'*/[0m
  ↳ app/controllers/admin/dashboard_controller.rb:11:in 'Admin::DashboardController#index'
  [1m[36mInvoice Count (0.1ms)[0m  [1m[34mSELECT COUNT(*) FROM "invoices" WHERE "invoices"."status" = 'pending' /*action='index',application='FreightSolutionBackEnd',controller='dashboard'*/[0m
  ↳ app/controllers/admin/dashboard_controller.rb:12:in 'Admin::DashboardController#index'
  Rendering layout layouts/admin.html.erb
  Rendering admin/dashboard/index.html.erb within layouts/admin
  [1m[36mShipment Exists? (0.1ms)[0m  [1m[34mSELECT 1 AS one FROM "shipments" LIMIT 1 /*action='index',application='FreightSolutionBackEnd',controller='dashboard'*/[0m
  ↳ app/views/admin/dashboard/index.html.erb:64
  [1m[36mInvoice Exists? (0.2ms)[0m  [1m[34mSELECT 1 AS one FROM "invoices" LIMIT 1 /*action='index',application='FreightSolutionBackEnd',controller='dashboard'*/[0m
  ↳ app/views/admin/dashboard/index.html.erb:102
  Rendered admin/dashboard/index.html.erb within layouts/admin (Duration: 1.5ms | GC: 0.0ms)
  [1m[36mUser Load (0.2ms)[0m  [1m[34mSELECT "users".* FROM "users" WHERE "users"."id" = 1 LIMIT 1 /*action='index',application='FreightSolutionBackEnd',controller='dashboard'*/[0m
  ↳ app/controllers/admin/dashboard_controller.rb:26:in 'Admin::DashboardController#current_user'
  Rendered layout layouts/admin.html.erb (Duration: 2.5ms | GC: 0.0ms)
Completed 200 OK in 8ms (Views: 2.3ms | ActiveRecord: 1.2ms (9 queries, 0 cached) | GC: 0.5ms)


Started GET "/admin/employees" for 127.0.0.1 at 2026-04-14 14:55:50 +0200
Processing by Admin::EmployeesController#index as HTML
  Rendering layout layouts/admin.html.erb
  Rendering admin/employees/index.html.erb within layouts/admin
  [1m[36mEmployee Exists? (0.2ms)[0m  [1m[34mSELECT 1 AS one FROM "employees" LIMIT 1 /*action='index',application='FreightSolutionBackEnd',controller='employees'*/[0m
  ↳ app/views/admin/employees/index.html.erb:17
  Rendered admin/employees/index.html.erb within layouts/admin (Duration: 1.2ms | GC: 0.0ms)
  [1m[36mUser Load (0.1ms)[0m  [1m[34mSELECT "users".* FROM "users" WHERE "users"."id" = 1 LIMIT 1 /*action='index',application='FreightSolutionBackEnd',controller='employees'*/[0m
  ↳ app/controllers/admin/employees_controller.rb:55:in 'Admin::EmployeesController#current_user'
  Rendered layout layouts/admin.html.erb (Duration: 2.7ms | GC: 0.0ms)
Completed 200 OK in 3ms (Views: 2.7ms | ActiveRecord: 0.3ms (2 queries, 0 cached) | GC: 0.0ms)


Started GET "/admin/vendors" for 127.0.0.1 at 2026-04-14 14:55:51 +0200
Processing by Admin::VendorsController#index as HTML
  Rendering layout layouts/application.html.erb
  Rendering admin/vendors/index.html.erb within layouts/application
  [1m[36mVendor Exists? (0.2ms)[0m  [1m[34mSELECT 1 AS one FROM "vendors" LIMIT 1 /*action='index',application='FreightSolutionBackEnd',controller='vendors'*/[0m
  ↳ app/views/admin/vendors/index.html.erb:17
  Rendered admin/vendors/index.html.erb within layouts/application (Duration: 1.7ms | GC: 0.0ms)
  Rendered layout layouts/application.html.erb (Duration: 3.2ms | GC: 0.0ms)
Completed 200 OK in 4ms (Views: 3.4ms | ActiveRecord: 0.2ms (1 query, 0 cached) | GC: 0.0ms)


Started GET "/admin/vendors/new" for 127.0.0.1 at 2026-04-14 14:56:16 +0200
Processing by Admin::VendorsController#new as HTML
  Rendering layout layouts/application.html.erb
  Rendering admin/vendors/new.html.erb within layouts/application
  Rendered admin/vendors/new.html.erb within layouts/application (Duration: 6.3ms | GC: 0.2ms)
  Rendered layout layouts/application.html.erb (Duration: 7.3ms | GC: 0.2ms)
Completed 200 OK in 13ms (Views: 7.7ms | ActiveRecord: 0.4ms (0 queries, 0 cached) | GC: 1.1ms)


Started GET "/admin/employees/new" for 127.0.0.1 at 2026-04-14 14:56:20 +0200
Processing by Admin::EmployeesController#new as HTML
  Rendering layout layouts/admin.html.erb
  Rendering admin/employees/new.html.erb within layouts/admin
  Rendered admin/employees/new.html.erb within layouts/admin (Duration: 1.2ms | GC: 0.0ms)
  [1m[36mUser Load (0.2ms)[0m  [1m[34mSELECT "users".* FROM "users" WHERE "users"."id" = 1 LIMIT 1 /*action='new',application='FreightSolutionBackEnd',controller='employees'*/[0m
  ↳ app/controllers/admin/employees_controller.rb:55:in 'Admin::EmployeesController#current_user'
  Rendered layout layouts/admin.html.erb (Duration: 2.6ms | GC: 0.0ms)
Completed 200 OK in 3ms (Views: 2.7ms | ActiveRecord: 0.2ms (1 query, 0 cached) | GC: 0.0ms)


Started POST "/admin/employees" for 127.0.0.1 at 2026-04-14 14:56:51 +0200
Processing by Admin::EmployeesController#create as HTML
  Parameters: {"authenticity_token" => "[FILTERED]", "employee" => {"first_name" => "Natalie", "last_name" => "Knight", "email" => "[FILTERED]", "phone" => "0795071651", "position" => "Admin", "department" => "friend", "salary" => "20000", "hire_date" => "2026-04-07"}, "commit" => "Create Employee"}
  [1m[36mTRANSACTION (0.1ms)[0m  [1m[35mBEGIN /*action='create',application='FreightSolutionBackEnd',controller='employees'*/[0m
  ↳ app/controllers/admin/employees_controller.rb:20:in 'Admin::EmployeesController#create'
  [1m[36mEmployee Create (1.1ms)[0m  [1m[32mINSERT INTO "employees" ("first_name", "last_name", "email", "phone", "position", "department", "salary", "hire_date", "created_at", "updated_at") VALUES ('Natalie', 'Knight', 'knightnatalie7@gmail.com', '0795071651', 'Admin', 'friend', 20000.0, '2026-04-07', '2026-04-14 12:56:51.346700', '2026-04-14 12:56:51.346700') RETURNING "id" /*action='create',application='FreightSolutionBackEnd',controller='employees'*/[0m
  ↳ app/controllers/admin/employees_controller.rb:20:in 'Admin::EmployeesController#create'
  [1m[36mTRANSACTION (0.4ms)[0m  [1m[35mCOMMIT /*action='create',application='FreightSolutionBackEnd',controller='employees'*/[0m
  ↳ app/controllers/admin/employees_controller.rb:20:in 'Admin::EmployeesController#create'
Redirected to http://localhost:3000/admin/employees
↳ app/controllers/admin/employees_controller.rb:21:in 'Admin::EmployeesController#create'
Completed 302 Found in 5ms (ActiveRecord: 1.6ms (1 query, 0 cached) | GC: 0.5ms)


Started GET "/admin/employees" for 127.0.0.1 at 2026-04-14 14:56:51 +0200
Processing by Admin::EmployeesController#index as HTML
  Rendering layout layouts/admin.html.erb
  Rendering admin/employees/index.html.erb within layouts/admin
  [1m[36mEmployee Exists? (0.2ms)[0m  [1m[34mSELECT 1 AS one FROM "employees" LIMIT 1 /*action='index',application='FreightSolutionBackEnd',controller='employees'*/[0m
  ↳ app/views/admin/employees/index.html.erb:17
  [1m[36mEmployee Load (0.2ms)[0m  [1m[34mSELECT "employees".* FROM "employees" ORDER BY "employees"."created_at" DESC /*action='index',application='FreightSolutionBackEnd',controller='employees'*/[0m
  ↳ app/views/admin/employees/index.html.erb:31
  Rendered admin/employees/index.html.erb within layouts/admin (Duration: 3.0ms | GC: 0.0ms)
  [1m[36mUser Load (0.1ms)[0m  [1m[34mSELECT "users".* FROM "users" WHERE "users"."id" = 1 LIMIT 1 /*action='index',application='FreightSolutionBackEnd',controller='employees'*/[0m
  ↳ app/controllers/admin/employees_controller.rb:55:in 'Admin::EmployeesController#current_user'
  Rendered layout layouts/admin.html.erb (Duration: 4.3ms | GC: 0.0ms)
Completed 200 OK in 5ms (Views: 4.2ms | ActiveRecord: 0.5ms (3 queries, 0 cached) | GC: 0.0ms)


Started GET "/admin/employees/1" for 127.0.0.1 at 2026-04-14 14:56:59 +0200
Processing by Admin::EmployeesController#show as HTML
  Parameters: {"id" => "1"}
  [1m[36mEmployee Load (0.3ms)[0m  [1m[34mSELECT "employees".* FROM "employees" WHERE "employees"."id" = 1 LIMIT 1 /*action='show',application='FreightSolutionBackEnd',controller='employees'*/[0m
  ↳ app/controllers/admin/employees_controller.rb:11:in 'Admin::EmployeesController#show'
  Rendering layout layouts/admin.html.erb
  Rendering admin/employees/show.html.erb within layouts/admin
  Rendered admin/employees/show.html.erb within layouts/admin (Duration: 0.5ms | GC: 0.0ms)
  [1m[36mUser Load (0.2ms)[0m  [1m[34mSELECT "users".* FROM "users" WHERE "users"."id" = 1 LIMIT 1 /*action='show',application='FreightSolutionBackEnd',controller='employees'*/[0m
  ↳ app/controllers/admin/employees_controller.rb:55:in 'Admin::EmployeesController#current_user'
  Rendered layout layouts/admin.html.erb (Duration: 1.7ms | GC: 0.0ms)
Completed 200 OK in 5ms (Views: 1.8ms | ActiveRecord: 0.5ms (2 queries, 0 cached) | GC: 0.4ms)


Started GET "/admin/employees/1/edit" for 127.0.0.1 at 2026-04-14 14:57:04 +0200
Processing by Admin::EmployeesController#edit as HTML
  Parameters: {"id" => "1"}
  [1m[36mEmployee Load (0.3ms)[0m  [1m[34mSELECT "employees".* FROM "employees" WHERE "employees"."id" = 1 LIMIT 1 /*action='edit',application='FreightSolutionBackEnd',controller='employees'*/[0m
  ↳ app/controllers/admin/employees_controller.rb:28:in 'Admin::EmployeesController#edit'
  Rendering layout layouts/admin.html.erb
  Rendering admin/employees/edit.html.erb within layouts/admin
  Rendered admin/employees/edit.html.erb within layouts/admin (Duration: 1.6ms | GC: 0.0ms)
  [1m[36mUser Load (0.2ms)[0m  [1m[34mSELECT "users".* FROM "users" WHERE "users"."id" = 1 LIMIT 1 /*action='edit',application='FreightSolutionBackEnd',controller='employees'*/[0m
  ↳ app/controllers/admin/employees_controller.rb:55:in 'Admin::EmployeesController#current_user'
  Rendered layout layouts/admin.html.erb (Duration: 2.7ms | GC: 0.0ms)
Completed 200 OK in 5ms (Views: 3.1ms | ActiveRecord: 0.5ms (2 queries, 0 cached) | GC: 0.4ms)


Started GET "/admin/employees" for 127.0.0.1 at 2026-04-14 14:57:05 +0200
Processing by Admin::EmployeesController#index as HTML
  Rendering layout layouts/admin.html.erb
  Rendering admin/employees/index.html.erb within layouts/admin
  [1m[36mEmployee Exists? (0.2ms)[0m  [1m[34mSELECT 1 AS one FROM "employees" LIMIT 1 /*action='index',application='FreightSolutionBackEnd',controller='employees'*/[0m
  ↳ app/views/admin/employees/index.html.erb:17
  [1m[36mEmployee Load (0.1ms)[0m  [1m[34mSELECT "employees".* FROM "employees" ORDER BY "employees"."created_at" DESC /*action='index',application='FreightSolutionBackEnd',controller='employees'*/[0m
  ↳ app/views/admin/employees/index.html.erb:31
  Rendered admin/employees/index.html.erb within layouts/admin (Duration: 1.9ms | GC: 0.0ms)
  [1m[36mUser Load (0.1ms)[0m  [1m[34mSELECT "users".* FROM "users" WHERE "users"."id" = 1 LIMIT 1 /*action='index',application='FreightSolutionBackEnd',controller='employees'*/[0m
  ↳ app/controllers/admin/employees_controller.rb:55:in 'Admin::EmployeesController#current_user'
  Rendered layout layouts/admin.html.erb (Duration: 2.8ms | GC: 0.0ms)
Completed 200 OK in 4ms (Views: 2.8ms | ActiveRecord: 0.4ms (3 queries, 0 cached) | GC: 0.0ms)


Started GET "/admin/vendors" for 127.0.0.1 at 2026-04-14 14:57:16 +0200
Processing by Admin::VendorsController#index as HTML
  Rendering layout layouts/application.html.erb
  Rendering admin/vendors/index.html.erb within layouts/application
  [1m[36mVendor Exists? (0.2ms)[0m  [1m[34mSELECT 1 AS one FROM "vendors" LIMIT 1 /*action='index',application='FreightSolutionBackEnd',controller='vendors'*/[0m
  ↳ app/views/admin/vendors/index.html.erb:17
  Rendered admin/vendors/index.html.erb within layouts/application (Duration: 1.5ms | GC: 0.0ms)
  Rendered layout layouts/application.html.erb (Duration: 3.8ms | GC: 0.6ms)
Completed 200 OK in 4ms (Views: 4.0ms | ActiveRecord: 0.2ms (1 query, 0 cached) | GC: 0.6ms)


Started GET "/admin/vendors" for 127.0.0.1 at 2026-04-14 14:57:52 +0200
Processing by Admin::VendorsController#index as HTML
  Rendering layout layouts/application.html.erb
  Rendering admin/vendors/index.html.erb within layouts/application
  [1m[36mVendor Exists? (0.2ms)[0m  [1m[34mSELECT 1 AS one FROM "vendors" LIMIT 1 /*action='index',application='FreightSolutionBackEnd',controller='vendors'*/[0m
  ↳ app/views/admin/vendors/index.html.erb:17
  Rendered admin/vendors/index.html.erb within layouts/application (Duration: 1.2ms | GC: 0.0ms)
  Rendered layout layouts/application.html.erb (Duration: 5.3ms | GC: 2.8ms)
Completed 200 OK in 6ms (Views: 5.5ms | ActiveRecord: 0.2ms (1 query, 0 cached) | GC: 2.8ms)


Started GET "/admin/shipments" for 127.0.0.1 at 2026-04-14 14:57:54 +0200
Processing by Admin::ShipmentsController#index as HTML
  Rendering layout layouts/application.html.erb
  Rendering admin/shipments/index.html.erb within layouts/application
  [1m[36mShipment Exists? (0.3ms)[0m  [1m[34mSELECT 1 AS one FROM "shipments" LIMIT 1 /*action='index',application='FreightSolutionBackEnd',controller='shipments'*/[0m
  ↳ app/views/admin/shipments/index.html.erb:16
  Rendered admin/shipments/index.html.erb within layouts/application (Duration: 1.3ms | GC: 0.0ms)
  Rendered layout layouts/application.html.erb (Duration: 2.6ms | GC: 0.0ms)
Completed 200 OK in 3ms (Views: 2.8ms | ActiveRecord: 0.3ms (1 query, 0 cached) | GC: 0.0ms)


Started GET "/admin/invoices" for 127.0.0.1 at 2026-04-14 14:58:06 +0200
Processing by Admin::InvoicesController#index as HTML
  Rendering layout layouts/application.html.erb
  Rendering admin/invoices/index.html.erb within layouts/application
  [1m[36mInvoice Exists? (0.2ms)[0m  [1m[34mSELECT 1 AS one FROM "invoices" LIMIT 1 /*action='index',application='FreightSolutionBackEnd',controller='invoices'*/[0m
  ↳ app/views/admin/invoices/index.html.erb:9
  Rendered admin/invoices/index.html.erb within layouts/application (Duration: 1.5ms | GC: 0.0ms)
  Rendered layout layouts/application.html.erb (Duration: 3.0ms | GC: 0.0ms)
Completed 200 OK in 4ms (Views: 3.2ms | ActiveRecord: 0.2ms (1 query, 0 cached) | GC: 0.0ms)


Started GET "/admin/users" for 127.0.0.1 at 2026-04-14 14:58:16 +0200
Processing by Admin::UsersController#index as HTML
  Rendering layout layouts/application.html.erb
  Rendering admin/users/index.html.erb within layouts/application
  [1m[36mUser Exists? (0.2ms)[0m  [1m[34mSELECT 1 AS one FROM "users" LIMIT 1 /*action='index',application='FreightSolutionBackEnd',controller='users'*/[0m
  ↳ app/views/admin/users/index.html.erb:6
  [1m[36mUser Load (0.1ms)[0m  [1m[34mSELECT "users".* FROM "users" ORDER BY "users"."created_at" DESC /*action='index',application='FreightSolutionBackEnd',controller='users'*/[0m
  ↳ app/views/admin/users/index.html.erb:8
  Rendered admin/users/index.html.erb within layouts/application (Duration: 1.9ms | GC: 0.0ms)
  Rendered layout layouts/application.html.erb (Duration: 2.1ms | GC: 0.0ms)
Completed 500 Internal Server Error in 3ms (ActiveRecord: 0.3ms (2 queries, 0 cached) | GC: 0.0ms)


  
ActionView::Template::Error (wrong number of arguments (given 1, expected 0))
Caused by: ArgumentError (wrong number of arguments (given 1, expected 0))

Information for: ActionView::Template::Error (wrong number of arguments (given 1, expected 0)):
     5:     <% if @users.any? %>
     6:       <table><thead><tr><th>Name</th><th>Email</th><th>Role</th><th>Status</th><th>Actions</th></tr></thead><tbody>
     7:         <% @users.each do |u| %><tr><td><strong><%= u.first_name %> <%= u.last_name %></strong></td><td><%= u.email %></td><td><span class="badge <%= u.role=='admin'?'badge-info':'badge-warning' %>"><%= u.role %></span></td><td><span class="badge <%= u.must_update_password?'badge-error':'badge-success' %>"><%= u.must_update_password ? 'Password needed' : 'Active' %></span></td><td><div class="actions"><a href="<%= admin_user_path(u) %>" class="btn btn-sm btn-secondary">View</a><a href="<%= edit_admin_user_path(u) %>" class="btn btn-sm btn-secondary">Edit</a><%= button_to 'Delete', admin_user_path(u), method: :delete, data: { confirm: 'Sure?' }, class: 'btn btn-sm btn-danger' %></div></td></tr><% end %></tbody></table>
     8:     <% else %><div class="empty-state"><svg fill="none" stroke="currentColor" viewBox="0 0 24 24"><path stroke-linecap="round" stroke-linejoin="round" stroke-width="2" d="M12 6V4m0 2a2 2 0 100 4m0-4a2 2 0 110 4m-6 8a2 2 0 100-4m0 4a2 2 0 110-4m0 4v2m0-6V4m6 6v10m6-2a2 2 0 100-4m0 4a2 2 0 110-4m0 4v2m0-6V4"/></svg><p>No users</p></div><% end %>
     9:   </div></div>
    10: </div>
  
app/views/admin/users/index.html.erb:8
app/views/admin/users/index.html.erb:8

Information for cause: ArgumentError (wrong number of arguments (given 1, expected 0)):
  
app/views/admin/users/index.html.erb:8
app/views/admin/users/index.html.erb:8
Started GET "/admin/vendors" for 127.0.0.1 at 2026-04-14 14:58:29 +0200
Processing by Admin::VendorsController#index as */*
  Rendering layout layouts/application.html.erb
  Rendering admin/vendors/index.html.erb within layouts/application
  [1m[36mVendor Exists? (0.2ms)[0m  [1m[34mSELECT 1 AS one FROM "vendors" LIMIT 1 /*action='index',application='FreightSolutionBackEnd',controller='vendors'*/[0m
  ↳ app/views/admin/vendors/index.html.erb:17
  Rendered admin/vendors/index.html.erb within layouts/application (Duration: 3.3ms | GC: 1.8ms)
  Rendered layout layouts/application.html.erb (Duration: 4.9ms | GC: 1.9ms)
Completed 200 OK in 6ms (Views: 5.2ms | ActiveRecord: 0.2ms (1 query, 0 cached) | GC: 2.0ms)


Started GET "/admin/vendors" for 127.0.0.1 at 2026-04-14 14:58:33 +0200
Processing by Admin::VendorsController#index as */*
  Rendering layout layouts/application.html.erb
  Rendering admin/vendors/index.html.erb within layouts/application
  [1m[36mVendor Exists? (0.2ms)[0m  [1m[34mSELECT 1 AS one FROM "vendors" LIMIT 1 /*action='index',application='FreightSolutionBackEnd',controller='vendors'*/[0m
  ↳ app/views/admin/vendors/index.html.erb:17
  Rendered admin/vendors/index.html.erb within layouts/application (Duration: 1.3ms | GC: 0.0ms)
  Rendered layout layouts/application.html.erb (Duration: 3.3ms | GC: 0.8ms)
Completed 200 OK in 4ms (Views: 3.5ms | ActiveRecord: 0.2ms (1 query, 0 cached) | GC: 0.8ms)


Started GET "/admin/vendors" for 127.0.0.1 at 2026-04-14 14:58:37 +0200
Processing by Admin::VendorsController#index as */*
  Rendering layout layouts/application.html.erb
  Rendering admin/vendors/index.html.erb within layouts/application
  [1m[36mVendor Exists? (0.2ms)[0m  [1m[34mSELECT 1 AS one FROM "vendors" LIMIT 1 /*action='index',application='FreightSolutionBackEnd',controller='vendors'*/[0m
  ↳ app/views/admin/vendors/index.html.erb:17
  Rendered admin/vendors/index.html.erb within layouts/application (Duration: 1.2ms | GC: 0.0ms)
  Rendered layout layouts/application.html.erb (Duration: 2.3ms | GC: 0.0ms)
Completed 200 OK in 3ms (Views: 2.4ms | ActiveRecord: 0.2ms (1 query, 0 cached) | GC: 0.0ms)


Started GET "/admin/vendors" for 127.0.0.1 at 2026-04-14 14:58:59 +0200
Processing by Admin::VendorsController#index as */*
  Rendering layout layouts/admin.html.erb
  Rendering admin/vendors/index.html.erb within layouts/admin
  [1m[36mVendor Exists? (0.1ms)[0m  [1m[34mSELECT 1 AS one FROM "vendors" LIMIT 1 /*action='index',application='FreightSolutionBackEnd',controller='vendors'*/[0m
  ↳ app/views/admin/vendors/index.html.erb:17
  Rendered admin/vendors/index.html.erb within layouts/admin (Duration: 1.3ms | GC: 0.0ms)
  [1m[36mUser Load (0.1ms)[0m  [1m[34mSELECT "users".* FROM "users" WHERE "users"."id" = 1 LIMIT 1 /*action='index',application='FreightSolutionBackEnd',controller='vendors'*/[0m
  ↳ app/controllers/admin/base_controller.rb:14:in 'Admin::BaseController#current_user'
  Rendered layout layouts/admin.html.erb (Duration: 7.1ms | GC: 0.3ms)
Completed 200 OK in 10ms (Views: 6.7ms | ActiveRecord: 1.9ms (2 queries, 0 cached) | GC: 0.3ms)


Started GET "/admin/vendors" for 127.0.0.1 at 2026-04-14 14:59:15 +0200
Processing by Admin::VendorsController#index as */*
  Rendering layout layouts/admin.html.erb
  Rendering admin/vendors/index.html.erb within layouts/admin
  [1m[36mVendor Exists? (0.2ms)[0m  [1m[34mSELECT 1 AS one FROM "vendors" LIMIT 1 /*action='index',application='FreightSolutionBackEnd',controller='vendors'*/[0m
  ↳ app/views/admin/vendors/index.html.erb:17
  Rendered admin/vendors/index.html.erb within layouts/admin (Duration: 1.0ms | GC: 0.0ms)
  [1m[36mUser Load (0.1ms)[0m  [1m[34mSELECT "users".* FROM "users" WHERE "users"."id" = 1 LIMIT 1 /*action='index',application='FreightSolutionBackEnd',controller='vendors'*/[0m
  ↳ app/controllers/admin/base_controller.rb:14:in 'Admin::BaseController#current_user'
  Rendered layout layouts/admin.html.erb (Duration: 1.9ms | GC: 0.0ms)
Completed 200 OK in 2ms (Views: 1.9ms | ActiveRecord: 0.3ms (2 queries, 0 cached) | GC: 0.0ms)


Started GET "/admin/vendors" for 127.0.0.1 at 2026-04-14 14:59:29 +0200
Processing by Admin::VendorsController#index as */*
  Rendering layout layouts/admin.html.erb
  Rendering admin/vendors/index.html.erb within layouts/admin
  [1m[36mVendor Exists? (0.2ms)[0m  [1m[34mSELECT 1 AS one FROM "vendors" LIMIT 1 /*action='index',application='FreightSolutionBackEnd',controller='vendors'*/[0m
  ↳ app/views/admin/vendors/index.html.erb:17
  Rendered admin/vendors/index.html.erb within layouts/admin (Duration: 1.1ms | GC: 0.0ms)
  [1m[36mUser Load (0.2ms)[0m  [1m[34mSELECT "users".* FROM "users" WHERE "users"."id" = 1 LIMIT 1 /*action='index',application='FreightSolutionBackEnd',controller='vendors'*/[0m
  ↳ app/controllers/admin/base_controller.rb:14:in 'Admin::BaseController#current_user'
  Rendered layout layouts/admin.html.erb (Duration: 2.1ms | GC: 0.0ms)
Completed 200 OK in 3ms (Views: 2.1ms | ActiveRecord: 0.3ms (2 queries, 0 cached) | GC: 0.0ms)


Started GET "/admin/vendors" for 127.0.0.1 at 2026-04-14 14:59:33 +0200
Processing by Admin::VendorsController#index as */*
  Rendering layout layouts/admin.html.erb
  Rendering admin/vendors/index.html.erb within layouts/admin
  [1m[36mVendor Exists? (0.2ms)[0m  [1m[34mSELECT 1 AS one FROM "vendors" LIMIT 1 /*action='index',application='FreightSolutionBackEnd',controller='vendors'*/[0m
  ↳ app/views/admin/vendors/index.html.erb:17
  Rendered admin/vendors/index.html.erb within layouts/admin (Duration: 1.1ms | GC: 0.0ms)
  [1m[36mUser Load (0.1ms)[0m  [1m[34mSELECT "users".* FROM "users" WHERE "users"."id" = 1 LIMIT 1 /*action='index',application='FreightSolutionBackEnd',controller='vendors'*/[0m
  ↳ app/controllers/admin/base_controller.rb:14:in 'Admin::BaseController#current_user'
  Rendered layout layouts/admin.html.erb (Duration: 2.2ms | GC: 0.0ms)
Completed 200 OK in 3ms (Views: 2.1ms | ActiveRecord: 0.3ms (2 queries, 0 cached) | GC: 0.0ms)


Started GET "/admin/shipments" for 127.0.0.1 at 2026-04-14 14:59:45 +0200
Processing by Admin::ShipmentsController#index as */*
  Rendering layout layouts/admin.html.erb
  Rendering admin/shipments/index.html.erb within layouts/admin
  [1m[36mShipment Exists? (0.2ms)[0m  [1m[34mSELECT 1 AS one FROM "shipments" LIMIT 1 /*action='index',application='FreightSolutionBackEnd',controller='shipments'*/[0m
  ↳ app/views/admin/shipments/index.html.erb:16
  Rendered admin/shipments/index.html.erb within layouts/admin (Duration: 1.7ms | GC: 0.0ms)
  [1m[36mUser Load (0.2ms)[0m  [1m[34mSELECT "users".* FROM "users" WHERE "users"."id" = 1 LIMIT 1 /*action='index',application='FreightSolutionBackEnd',controller='shipments'*/[0m
  ↳ app/controllers/admin/base_controller.rb:14:in 'Admin::BaseController#current_user'
  Rendered layout layouts/admin.html.erb (Duration: 3.3ms | GC: 0.0ms)
Completed 200 OK in 6ms (Views: 3.3ms | ActiveRecord: 1.1ms (2 queries, 0 cached) | GC: 0.3ms)


Started GET "/admin/invoices" for 127.0.0.1 at 2026-04-14 14:59:49 +0200
Processing by Admin::InvoicesController#index as */*
  Rendering layout layouts/admin.html.erb
  Rendering admin/invoices/index.html.erb within layouts/admin
  [1m[36mInvoice Exists? (0.1ms)[0m  [1m[34mSELECT 1 AS one FROM "invoices" LIMIT 1 /*action='index',application='FreightSolutionBackEnd',controller='invoices'*/[0m
  ↳ app/views/admin/invoices/index.html.erb:9
  Rendered admin/invoices/index.html.erb within layouts/admin (Duration: 1.2ms | GC: 0.0ms)
  [1m[36mUser Load (0.1ms)[0m  [1m[34mSELECT "users".* FROM "users" WHERE "users"."id" = 1 LIMIT 1 /*action='index',application='FreightSolutionBackEnd',controller='invoices'*/[0m
  ↳ app/controllers/admin/base_controller.rb:14:in 'Admin::BaseController#current_user'
  Rendered layout layouts/admin.html.erb (Duration: 2.3ms | GC: 0.0ms)
Completed 200 OK in 5ms (Views: 2.4ms | ActiveRecord: 0.9ms (2 queries, 0 cached) | GC: 0.0ms)


Started GET "/admin/vendors" for 127.0.0.1 at 2026-04-14 15:00:11 +0200
Processing by Admin::VendorsController#index as */*
  Rendering layout layouts/admin.html.erb
  Rendering admin/vendors/index.html.erb within layouts/admin
  [1m[36mVendor Exists? (0.2ms)[0m  [1m[34mSELECT 1 AS one FROM "vendors" LIMIT 1 /*action='index',application='FreightSolutionBackEnd',controller='vendors'*/[0m
  ↳ app/views/admin/vendors/index.html.erb:17
  Rendered admin/vendors/index.html.erb within layouts/admin (Duration: 1.6ms | GC: 0.0ms)
  [1m[36mUser Load (0.2ms)[0m  [1m[34mSELECT "users".* FROM "users" WHERE "users"."id" = 1 LIMIT 1 /*action='index',application='FreightSolutionBackEnd',controller='vendors'*/[0m
  ↳ app/controllers/admin/base_controller.rb:14:in 'Admin::BaseController#current_user'
  Rendered layout layouts/admin.html.erb (Duration: 5.0ms | GC: 1.9ms)
Completed 200 OK in 6ms (Views: 5.0ms | ActiveRecord: 0.4ms (2 queries, 0 cached) | GC: 1.9ms)


Started POST "/admin/login?email=[FILTERED]&password=[FILTERED]" for 127.0.0.1 at 2026-04-14 15:00:32 +0200
Processing by AdminController#login as */*
  Parameters: {"email" => "[FILTERED]", "password" => "[FILTERED]"}
  [1m[36mUser Load (0.2ms)[0m  [1m[34mSELECT "users".* FROM "users" WHERE "users"."email" = 'felender7@gmail.com' LIMIT 1 /*action='login',application='FreightSolutionBackEnd',controller='admin'*/[0m
  ↳ app/controllers/admin_controller.rb:9:in 'AdminController#login'
Redirected to http://localhost:3000/admin/dashboard
↳ app/controllers/admin_controller.rb:12:in 'AdminController#login'
Completed 302 Found in 205ms (ActiveRecord: 0.2ms (1 query, 0 cached) | GC: 0.0ms)


Started POST "/admin/dashboard" for 127.0.0.1 at 2026-04-14 15:00:33 +0200
  
ActionController::RoutingError (No route matches [POST] "/admin/dashboard"):
  
Started POST "/admin/login" for 127.0.0.1 at 2026-04-14 15:00:38 +0200
Processing by AdminController#login as */*
  Parameters: {"email" => "[FILTERED]", "password" => "[FILTERED]"}
  [1m[36mUser Load (0.2ms)[0m  [1m[34mSELECT "users".* FROM "users" WHERE "users"."email" = 'felender7@gmail.com' LIMIT 1 /*action='login',application='FreightSolutionBackEnd',controller='admin'*/[0m
  ↳ app/controllers/admin_controller.rb:9:in 'AdminController#login'
Redirected to http://localhost:3000/admin/dashboard
↳ app/controllers/admin_controller.rb:12:in 'AdminController#login'
Completed 302 Found in 204ms (ActiveRecord: 0.2ms (1 query, 0 cached) | GC: 0.1ms)


Started POST "/admin/dashboard" for 127.0.0.1 at 2026-04-14 15:00:38 +0200
  
ActionController::RoutingError (No route matches [POST] "/admin/dashboard"):
  
Started GET "/admin/vendors/new" for 127.0.0.1 at 2026-04-14 15:00:58 +0200
Processing by Admin::VendorsController#new as */*
  Rendering layout layouts/admin.html.erb
  Rendering admin/vendors/new.html.erb within layouts/admin
  Rendered admin/vendors/new.html.erb within layouts/admin (Duration: 1.8ms | GC: 0.0ms)
  [1m[36mUser Load (0.3ms)[0m  [1m[34mSELECT "users".* FROM "users" WHERE "users"."id" = 1 LIMIT 1 /*action='new',application='FreightSolutionBackEnd',controller='vendors'*/[0m
  ↳ app/controllers/admin/base_controller.rb:14:in 'Admin::BaseController#current_user'
  Rendered layout layouts/admin.html.erb (Duration: 3.1ms | GC: 0.0ms)
Completed 200 OK in 10ms (Views: 3.2ms | ActiveRecord: 0.6ms (1 query, 0 cached) | GC: 3.6ms)


Started GET "/admin/shipments/new" for 127.0.0.1 at 2026-04-14 15:01:05 +0200
Processing by Admin::ShipmentsController#new as */*
  Rendering layout layouts/admin.html.erb
  Rendering admin/shipments/new.html.erb within layouts/admin
  Rendered admin/shipments/new.html.erb within layouts/admin (Duration: 2.9ms | GC: 0.9ms)
  [1m[36mUser Load (0.2ms)[0m  [1m[34mSELECT "users".* FROM "users" WHERE "users"."id" = 1 LIMIT 1 /*action='new',application='FreightSolutionBackEnd',controller='shipments'*/[0m
  ↳ app/controllers/admin/base_controller.rb:14:in 'Admin::BaseController#current_user'
  Rendered layout layouts/admin.html.erb (Duration: 4.0ms | GC: 0.9ms)
Completed 200 OK in 9ms (Views: 4.2ms | ActiveRecord: 0.6ms (1 query, 0 cached) | GC: 1.7ms)


Started POST "/admin/login" for 127.0.0.1 at 2026-04-14 15:01:14 +0200
Processing by AdminController#login as */*
  Parameters: {"email" => "[FILTERED]", "password" => "[FILTERED]"}
  [1m[36mUser Load (0.2ms)[0m  [1m[34mSELECT "users".* FROM "users" WHERE "users"."email" = 'felender7@gmail.com' LIMIT 1 /*action='login',application='FreightSolutionBackEnd',controller='admin'*/[0m
  ↳ app/controllers/admin_controller.rb:9:in 'AdminController#login'
Redirected to http://localhost:3000/admin/dashboard
↳ app/controllers/admin_controller.rb:12:in 'AdminController#login'
Completed 302 Found in 220ms (ActiveRecord: 0.2ms (1 query, 0 cached) | GC: 0.8ms)


Started POST "/admin/dashboard" for 127.0.0.1 at 2026-04-14 15:01:15 +0200
  
ActionController::RoutingError (No route matches [POST] "/admin/dashboard"):
  
Started POST "/admin/login" for 127.0.0.1 at 2026-04-14 15:01:24 +0200
Processing by AdminController#login as */*
  Parameters: {"email" => "[FILTERED]", "password" => "[FILTERED]"}
  [1m[36mUser Load (0.2ms)[0m  [1m[34mSELECT "users".* FROM "users" WHERE "users"."email" = 'felender7@gmail.com' LIMIT 1 /*action='login',application='FreightSolutionBackEnd',controller='admin'*/[0m
  ↳ app/controllers/admin_controller.rb:9:in 'AdminController#login'
Redirected to http://localhost:3000/admin/dashboard
↳ app/controllers/admin_controller.rb:12:in 'AdminController#login'
Completed 302 Found in 222ms (ActiveRecord: 0.2ms (1 query, 0 cached) | GC: 0.0ms)


Started POST "/admin/dashboard" for 127.0.0.1 at 2026-04-14 15:01:24 +0200
  
ActionController::RoutingError (No route matches [POST] "/admin/dashboard"):
  
Started POST "/admin/login" for 127.0.0.1 at 2026-04-14 15:01:34 +0200
Processing by AdminController#login as */*
  Parameters: {"email" => "[FILTERED]", "password" => "[FILTERED]"}
  [1m[36mUser Load (0.2ms)[0m  [1m[34mSELECT "users".* FROM "users" WHERE "users"."email" = 'felender7@gmail.com' LIMIT 1 /*action='login',application='FreightSolutionBackEnd',controller='admin'*/[0m
  ↳ app/controllers/admin_controller.rb:9:in 'AdminController#login'
Redirected to http://localhost:3000/admin/dashboard
↳ app/controllers/admin_controller.rb:12:in 'AdminController#login'
Completed 302 Found in 210ms (ActiveRecord: 0.2ms (1 query, 0 cached) | GC: 0.5ms)


Started POST "/admin/login" for 127.0.0.1 at 2026-04-14 15:01:49 +0200
Processing by AdminController#login as */*
  Parameters: {"email" => "[FILTERED]", "password" => "[FILTERED]"}
  [1m[36mUser Load (0.3ms)[0m  [1m[34mSELECT "users".* FROM "users" WHERE "users"."email" = 'felender7@gmail.com' LIMIT 1 /*action='login',application='FreightSolutionBackEnd',controller='admin'*/[0m
  ↳ app/controllers/admin_controller.rb:9:in 'AdminController#login'
Redirected to http://localhost:3000/admin/dashboard
↳ app/controllers/admin_controller.rb:12:in 'AdminController#login'
Completed 302 Found in 210ms (ActiveRecord: 0.3ms (1 query, 0 cached) | GC: 0.0ms)


Started GET "/admin/vendors" for 127.0.0.1 at 2026-04-14 15:01:54 +0200
Processing by Admin::VendorsController#index as */*
  Rendering layout layouts/admin.html.erb
  Rendering admin/vendors/index.html.erb within layouts/admin
  [1m[36mVendor Exists? (0.2ms)[0m  [1m[34mSELECT 1 AS one FROM "vendors" LIMIT 1 /*action='index',application='FreightSolutionBackEnd',controller='vendors'*/[0m
  ↳ app/views/admin/vendors/index.html.erb:17
  Rendered admin/vendors/index.html.erb within layouts/admin (Duration: 1.2ms | GC: 0.0ms)
  [1m[36mUser Load (0.2ms)[0m  [1m[34mSELECT "users".* FROM "users" WHERE "users"."id" = 1 LIMIT 1 /*action='index',application='FreightSolutionBackEnd',controller='vendors'*/[0m
  ↳ app/controllers/admin/base_controller.rb:14:in 'Admin::BaseController#current_user'
  Rendered layout layouts/admin.html.erb (Duration: 3.1ms | GC: 0.4ms)
Completed 200 OK in 4ms (Views: 3.0ms | ActiveRecord: 0.5ms (2 queries, 0 cached) | GC: 0.4ms)


Started GET "/admin/shipments" for 127.0.0.1 at 2026-04-14 15:02:04 +0200
Processing by Admin::ShipmentsController#index as */*
  Rendering layout layouts/admin.html.erb
  Rendering admin/shipments/index.html.erb within layouts/admin
  [1m[36mShipment Exists? (0.2ms)[0m  [1m[34mSELECT 1 AS one FROM "shipments" LIMIT 1 /*action='index',application='FreightSolutionBackEnd',controller='shipments'*/[0m
  ↳ app/views/admin/shipments/index.html.erb:16
  Rendered admin/shipments/index.html.erb within layouts/admin (Duration: 1.1ms | GC: 0.0ms)
  [1m[36mUser Load (0.1ms)[0m  [1m[34mSELECT "users".* FROM "users" WHERE "users"."id" = 1 LIMIT 1 /*action='index',application='FreightSolutionBackEnd',controller='shipments'*/[0m
  ↳ app/controllers/admin/base_controller.rb:14:in 'Admin::BaseController#current_user'
  Rendered layout layouts/admin.html.erb (Duration: 2.1ms | GC: 0.0ms)
Completed 200 OK in 3ms (Views: 2.0ms | ActiveRecord: 0.3ms (2 queries, 0 cached) | GC: 0.0ms)


Started GET "/admin/vendors" for 127.0.0.1 at 2026-04-14 15:04:18 +0200
Processing by Admin::VendorsController#index as HTML
  Rendering layout layouts/admin.html.erb
  Rendering admin/vendors/index.html.erb within layouts/admin
  [1m[36mVendor Exists? (0.2ms)[0m  [1m[34mSELECT 1 AS one FROM "vendors" LIMIT 1 /*action='index',application='FreightSolutionBackEnd',controller='vendors'*/[0m
  ↳ app/views/admin/vendors/index.html.erb:17
  Rendered admin/vendors/index.html.erb within layouts/admin (Duration: 1.4ms | GC: 0.0ms)
  [1m[36mUser Load (0.1ms)[0m  [1m[34mSELECT "users".* FROM "users" WHERE "users"."id" = 1 LIMIT 1 /*action='index',application='FreightSolutionBackEnd',controller='vendors'*/[0m
  ↳ app/controllers/admin/base_controller.rb:14:in 'Admin::BaseController#current_user'
  Rendered layout layouts/admin.html.erb (Duration: 3.0ms | GC: 0.0ms)
Completed 200 OK in 4ms (Views: 3.1ms | ActiveRecord: 0.3ms (2 queries, 0 cached) | GC: 0.0ms)


Started GET "/admin/vendors/new" for 127.0.0.1 at 2026-04-14 15:04:21 +0200
Processing by Admin::VendorsController#new as HTML
  Rendering layout layouts/admin.html.erb
  Rendering admin/vendors/new.html.erb within layouts/admin
  Rendered admin/vendors/new.html.erb within layouts/admin (Duration: 1.5ms | GC: 0.0ms)
  [1m[36mUser Load (0.3ms)[0m  [1m[34mSELECT "users".* FROM "users" WHERE "users"."id" = 1 LIMIT 1 /*action='new',application='FreightSolutionBackEnd',controller='vendors'*/[0m
  ↳ app/controllers/admin/base_controller.rb:14:in 'Admin::BaseController#current_user'
  Rendered layout layouts/admin.html.erb (Duration: 2.8ms | GC: 0.0ms)
Completed 200 OK in 3ms (Views: 2.8ms | ActiveRecord: 0.3ms (1 query, 0 cached) | GC: 0.0ms)


Started GET "/admin/shipments" for 127.0.0.1 at 2026-04-14 15:04:22 +0200
Processing by Admin::ShipmentsController#index as HTML
  Rendering layout layouts/admin.html.erb
  Rendering admin/shipments/index.html.erb within layouts/admin
  [1m[36mShipment Exists? (0.2ms)[0m  [1m[34mSELECT 1 AS one FROM "shipments" LIMIT 1 /*action='index',application='FreightSolutionBackEnd',controller='shipments'*/[0m
  ↳ app/views/admin/shipments/index.html.erb:16
  Rendered admin/shipments/index.html.erb within layouts/admin (Duration: 1.4ms | GC: 0.0ms)
  [1m[36mUser Load (0.2ms)[0m  [1m[34mSELECT "users".* FROM "users" WHERE "users"."id" = 1 LIMIT 1 /*action='index',application='FreightSolutionBackEnd',controller='shipments'*/[0m
  ↳ app/controllers/admin/base_controller.rb:14:in 'Admin::BaseController#current_user'
  Rendered layout layouts/admin.html.erb (Duration: 2.7ms | GC: 0.0ms)
Completed 200 OK in 3ms (Views: 2.7ms | ActiveRecord: 0.4ms (2 queries, 0 cached) | GC: 0.0ms)


Started GET "/admin/shipments" for 127.0.0.1 at 2026-04-14 15:04:25 +0200
Processing by Admin::ShipmentsController#index as HTML
  Rendering layout layouts/admin.html.erb
  Rendering admin/shipments/index.html.erb within layouts/admin
  [1m[36mShipment Exists? (0.3ms)[0m  [1m[34mSELECT 1 AS one FROM "shipments" LIMIT 1 /*action='index',application='FreightSolutionBackEnd',controller='shipments'*/[0m
  ↳ app/views/admin/shipments/index.html.erb:16
  Rendered admin/shipments/index.html.erb within layouts/admin (Duration: 2.9ms | GC: 1.3ms)
  [1m[36mUser Load (0.2ms)[0m  [1m[34mSELECT "users".* FROM "users" WHERE "users"."id" = 1 LIMIT 1 /*action='index',application='FreightSolutionBackEnd',controller='shipments'*/[0m
  ↳ app/controllers/admin/base_controller.rb:14:in 'Admin::BaseController#current_user'
  Rendered layout layouts/admin.html.erb (Duration: 4.1ms | GC: 1.3ms)
Completed 200 OK in 5ms (Views: 3.9ms | ActiveRecord: 0.4ms (2 queries, 0 cached) | GC: 1.3ms)


Started GET "/admin/invoices" for 127.0.0.1 at 2026-04-14 15:04:28 +0200
Processing by Admin::InvoicesController#index as HTML
  Rendering layout layouts/admin.html.erb
  Rendering admin/invoices/index.html.erb within layouts/admin
  [1m[36mInvoice Exists? (0.2ms)[0m  [1m[34mSELECT 1 AS one FROM "invoices" LIMIT 1 /*action='index',application='FreightSolutionBackEnd',controller='invoices'*/[0m
  ↳ app/views/admin/invoices/index.html.erb:9
  Rendered admin/invoices/index.html.erb within layouts/admin (Duration: 1.5ms | GC: 0.0ms)
  [1m[36mUser Load (0.2ms)[0m  [1m[34mSELECT "users".* FROM "users" WHERE "users"."id" = 1 LIMIT 1 /*action='index',application='FreightSolutionBackEnd',controller='invoices'*/[0m
  ↳ app/controllers/admin/base_controller.rb:14:in 'Admin::BaseController#current_user'
  Rendered layout layouts/admin.html.erb (Duration: 3.0ms | GC: 0.0ms)
Completed 200 OK in 4ms (Views: 3.0ms | ActiveRecord: 0.4ms (2 queries, 0 cached) | GC: 0.0ms)


Started GET "/admin/shipments" for 127.0.0.1 at 2026-04-14 15:04:30 +0200
Processing by Admin::ShipmentsController#index as HTML
  Rendering layout layouts/admin.html.erb
  Rendering admin/shipments/index.html.erb within layouts/admin
  [1m[36mShipment Exists? (0.2ms)[0m  [1m[34mSELECT 1 AS one FROM "shipments" LIMIT 1 /*action='index',application='FreightSolutionBackEnd',controller='shipments'*/[0m
  ↳ app/views/admin/shipments/index.html.erb:16
  Rendered admin/shipments/index.html.erb within layouts/admin (Duration: 1.3ms | GC: 0.0ms)
  [1m[36mUser Load (0.2ms)[0m  [1m[34mSELECT "users".* FROM "users" WHERE "users"."id" = 1 LIMIT 1 /*action='index',application='FreightSolutionBackEnd',controller='shipments'*/[0m
  ↳ app/controllers/admin/base_controller.rb:14:in 'Admin::BaseController#current_user'
  Rendered layout layouts/admin.html.erb (Duration: 2.9ms | GC: 0.0ms)
Completed 200 OK in 3ms (Views: 2.8ms | ActiveRecord: 0.4ms (2 queries, 0 cached) | GC: 0.0ms)


Started GET "/admin/invoices" for 127.0.0.1 at 2026-04-14 15:04:31 +0200
Processing by Admin::InvoicesController#index as HTML
  Rendering layout layouts/admin.html.erb
  Rendering admin/invoices/index.html.erb within layouts/admin
  [1m[36mInvoice Exists? (0.2ms)[0m  [1m[34mSELECT 1 AS one FROM "invoices" LIMIT 1 /*action='index',application='FreightSolutionBackEnd',controller='invoices'*/[0m
  ↳ app/views/admin/invoices/index.html.erb:9
  Rendered admin/invoices/index.html.erb within layouts/admin (Duration: 1.6ms | GC: 0.0ms)
  [1m[36mUser Load (0.2ms)[0m  [1m[34mSELECT "users".* FROM "users" WHERE "users"."id" = 1 LIMIT 1 /*action='index',application='FreightSolutionBackEnd',controller='invoices'*/[0m
  ↳ app/controllers/admin/base_controller.rb:14:in 'Admin::BaseController#current_user'
  Rendered layout layouts/admin.html.erb (Duration: 3.0ms | GC: 0.0ms)
Completed 200 OK in 4ms (Views: 3.0ms | ActiveRecord: 0.4ms (2 queries, 0 cached) | GC: 0.0ms)


Started GET "/admin/vendors" for 127.0.0.1 at 2026-04-14 15:04:31 +0200
Processing by Admin::VendorsController#index as HTML
  Rendering layout layouts/admin.html.erb
  Rendering admin/vendors/index.html.erb within layouts/admin
  [1m[36mVendor Exists? (0.2ms)[0m  [1m[34mSELECT 1 AS one FROM "vendors" LIMIT 1 /*action='index',application='FreightSolutionBackEnd',controller='vendors'*/[0m
  ↳ app/views/admin/vendors/index.html.erb:17
  Rendered admin/vendors/index.html.erb within layouts/admin (Duration: 1.8ms | GC: 0.0ms)
  [1m[36mUser Load (0.3ms)[0m  [1m[34mSELECT "users".* FROM "users" WHERE "users"."id" = 1 LIMIT 1 /*action='index',application='FreightSolutionBackEnd',controller='vendors'*/[0m
  ↳ app/controllers/admin/base_controller.rb:14:in 'Admin::BaseController#current_user'
  Rendered layout layouts/admin.html.erb (Duration: 3.4ms | GC: 0.0ms)
Completed 200 OK in 4ms (Views: 3.3ms | ActiveRecord: 0.4ms (2 queries, 0 cached) | GC: 0.0ms)


Started GET "/admin/vendors" for 127.0.0.1 at 2026-04-14 15:04:32 +0200
Processing by Admin::VendorsController#index as HTML
  Rendering layout layouts/admin.html.erb
  Rendering admin/vendors/index.html.erb within layouts/admin
  [1m[36mVendor Exists? (0.2ms)[0m  [1m[34mSELECT 1 AS one FROM "vendors" LIMIT 1 /*action='index',application='FreightSolutionBackEnd',controller='vendors'*/[0m
  ↳ app/views/admin/vendors/index.html.erb:17
  Rendered admin/vendors/index.html.erb within layouts/admin (Duration: 1.1ms | GC: 0.0ms)
  [1m[36mUser Load (0.1ms)[0m  [1m[34mSELECT "users".* FROM "users" WHERE "users"."id" = 1 LIMIT 1 /*action='index',application='FreightSolutionBackEnd',controller='vendors'*/[0m
  ↳ app/controllers/admin/base_controller.rb:14:in 'Admin::BaseController#current_user'
  Rendered layout layouts/admin.html.erb (Duration: 2.1ms | GC: 0.0ms)
Completed 200 OK in 3ms (Views: 2.1ms | ActiveRecord: 0.3ms (2 queries, 0 cached) | GC: 0.0ms)


Started GET "/admin/employees" for 127.0.0.1 at 2026-04-14 15:04:33 +0200
Processing by Admin::EmployeesController#index as HTML
  Rendering layout layouts/admin.html.erb
  Rendering admin/employees/index.html.erb within layouts/admin
  [1m[36mEmployee Exists? (0.1ms)[0m  [1m[34mSELECT 1 AS one FROM "employees" LIMIT 1 /*action='index',application='FreightSolutionBackEnd',controller='employees'*/[0m
  ↳ app/views/admin/employees/index.html.erb:17
  [1m[36mEmployee Load (0.1ms)[0m  [1m[34mSELECT "employees".* FROM "employees" ORDER BY "employees"."created_at" DESC /*action='index',application='FreightSolutionBackEnd',controller='employees'*/[0m
  ↳ app/views/admin/employees/index.html.erb:31
  Rendered admin/employees/index.html.erb within layouts/admin (Duration: 3.9ms | GC: 0.0ms)
  [1m[36mUser Load (0.1ms)[0m  [1m[34mSELECT "users".* FROM "users" WHERE "users"."id" = 1 LIMIT 1 /*action='index',application='FreightSolutionBackEnd',controller='employees'*/[0m
  ↳ app/controllers/admin/employees_controller.rb:55:in 'Admin::EmployeesController#current_user'
  Rendered layout layouts/admin.html.erb (Duration: 4.8ms | GC: 0.0ms)
Completed 200 OK in 8ms (Views: 4.9ms | ActiveRecord: 1.1ms (3 queries, 0 cached) | GC: 0.0ms)


Started GET "/admin/users" for 127.0.0.1 at 2026-04-14 15:04:36 +0200
Processing by Admin::UsersController#index as HTML
  Rendering layout layouts/admin.html.erb
  Rendering admin/users/index.html.erb within layouts/admin
  [1m[36mUser Exists? (0.2ms)[0m  [1m[34mSELECT 1 AS one FROM "users" LIMIT 1 /*action='index',application='FreightSolutionBackEnd',controller='users'*/[0m
  ↳ app/views/admin/users/index.html.erb:6
  [1m[36mUser Load (0.2ms)[0m  [1m[34mSELECT "users".* FROM "users" ORDER BY "users"."created_at" DESC /*action='index',application='FreightSolutionBackEnd',controller='users'*/[0m
  ↳ app/views/admin/users/index.html.erb:8
  Rendered admin/users/index.html.erb within layouts/admin (Duration: 2.6ms | GC: 0.0ms)
  Rendered layout layouts/admin.html.erb (Duration: 6.0ms | GC: 3.2ms)
Completed 500 Internal Server Error in 7ms (ActiveRecord: 0.4ms (2 queries, 0 cached) | GC: 3.2ms)


  
ActionView::Template::Error (wrong number of arguments (given 1, expected 0))
Caused by: ArgumentError (wrong number of arguments (given 1, expected 0))

Information for: ActionView::Template::Error (wrong number of arguments (given 1, expected 0)):
     5:     <% if @users.any? %>
     6:       <table><thead><tr><th>Name</th><th>Email</th><th>Role</th><th>Status</th><th>Actions</th></tr></thead><tbody>
     7:         <% @users.each do |u| %><tr><td><strong><%= u.first_name %> <%= u.last_name %></strong></td><td><%= u.email %></td><td><span class="badge <%= u.role=='admin'?'badge-info':'badge-warning' %>"><%= u.role %></span></td><td><span class="badge <%= u.must_update_password?'badge-error':'badge-success' %>"><%= u.must_update_password ? 'Password needed' : 'Active' %></span></td><td><div class="actions"><a href="<%= admin_user_path(u) %>" class="btn btn-sm btn-secondary">View</a><a href="<%= edit_admin_user_path(u) %>" class="btn btn-sm btn-secondary">Edit</a><%= button_to 'Delete', admin_user_path(u), method: :delete, data: { confirm: 'Sure?' }, class: 'btn btn-sm btn-danger' %></div></td></tr><% end %></tbody></table>
     8:     <% else %><div class="empty-state"><svg fill="none" stroke="currentColor" viewBox="0 0 24 24"><path stroke-linecap="round" stroke-linejoin="round" stroke-width="2" d="M12 6V4m0 2a2 2 0 100 4m0-4a2 2 0 110 4m-6 8a2 2 0 100-4m0 4a2 2 0 110-4m0 4v2m0-6V4m6 6v10m6-2a2 2 0 100-4m0 4a2 2 0 110-4m0 4v2m0-6V4"/></svg><p>No users</p></div><% end %>
     9:   </div></div>
    10: </div>
  
app/views/admin/users/index.html.erb:8
app/views/admin/users/index.html.erb:8

Information for cause: ArgumentError (wrong number of arguments (given 1, expected 0)):
  
app/views/admin/users/index.html.erb:8
app/views/admin/users/index.html.erb:8
Started GET "/admin/employees" for 127.0.0.1 at 2026-04-14 15:05:04 +0200
Processing by Admin::EmployeesController#index as HTML
  Rendering layout layouts/admin.html.erb
  Rendering admin/employees/index.html.erb within layouts/admin
  [1m[36mEmployee Exists? (0.1ms)[0m  [1m[34mSELECT 1 AS one FROM "employees" LIMIT 1 /*action='index',application='FreightSolutionBackEnd',controller='employees'*/[0m
  ↳ app/views/admin/employees/index.html.erb:17
  [1m[36mEmployee Load (0.1ms)[0m  [1m[34mSELECT "employees".* FROM "employees" ORDER BY "employees"."created_at" DESC /*action='index',application='FreightSolutionBackEnd',controller='employees'*/[0m
  ↳ app/views/admin/employees/index.html.erb:31
  Rendered admin/employees/index.html.erb within layouts/admin (Duration: 5.5ms | GC: 0.4ms)
  [1m[36mUser Load (0.1ms)[0m  [1m[34mSELECT "users".* FROM "users" WHERE "users"."id" = 1 LIMIT 1 /*action='index',application='FreightSolutionBackEnd',controller='employees'*/[0m
  ↳ app/controllers/admin/employees_controller.rb:55:in 'Admin::EmployeesController#current_user'
  Rendered layout layouts/admin.html.erb (Duration: 12.0ms | GC: 0.4ms)
Completed 200 OK in 15ms (Views: 10.9ms | ActiveRecord: 2.6ms (3 queries, 0 cached) | GC: 0.4ms)


Started GET "/admin/employees/new" for 127.0.0.1 at 2026-04-14 15:05:05 +0200
Processing by Admin::EmployeesController#new as HTML
  Rendering layout layouts/admin.html.erb
  Rendering admin/employees/new.html.erb within layouts/admin
  Rendered admin/employees/new.html.erb within layouts/admin (Duration: 1.7ms | GC: 0.0ms)
  [1m[36mUser Load (0.2ms)[0m  [1m[34mSELECT "users".* FROM "users" WHERE "users"."id" = 1 LIMIT 1 /*action='new',application='FreightSolutionBackEnd',controller='employees'*/[0m
  ↳ app/controllers/admin/employees_controller.rb:55:in 'Admin::EmployeesController#current_user'
  Rendered layout layouts/admin.html.erb (Duration: 3.1ms | GC: 0.0ms)
Completed 200 OK in 4ms (Views: 3.2ms | ActiveRecord: 0.2ms (1 query, 0 cached) | GC: 0.0ms)


Started GET "/admin/users" for 127.0.0.1 at 2026-04-14 15:05:06 +0200
Processing by Admin::UsersController#index as */*
  Rendering layout layouts/admin.html.erb
  Rendering admin/users/index.html.erb within layouts/admin
  [1m[36mUser Exists? (0.2ms)[0m  [1m[34mSELECT 1 AS one FROM "users" LIMIT 1 /*action='index',application='FreightSolutionBackEnd',controller='users'*/[0m
  ↳ app/views/admin/users/index.html.erb:6
  [1m[36mUser Load (0.1ms)[0m  [1m[34mSELECT "users".* FROM "users" ORDER BY "users"."created_at" DESC /*action='index',application='FreightSolutionBackEnd',controller='users'*/[0m
  ↳ app/views/admin/users/index.html.erb:8
  Rendered admin/users/index.html.erb within layouts/admin (Duration: 2.8ms | GC: 0.0ms)
  [1m[36mUser Load (0.1ms)[0m  [1m[34mSELECT "users".* FROM "users" WHERE "users"."id" = 1 LIMIT 1 /*action='index',application='FreightSolutionBackEnd',controller='users'*/[0m
  ↳ app/controllers/admin/base_controller.rb:14:in 'Admin::BaseController#current_user'
  Rendered layout layouts/admin.html.erb (Duration: 3.8ms | GC: 0.0ms)
Completed 200 OK in 5ms (Views: 4.2ms | ActiveRecord: 0.5ms (3 queries, 0 cached) | GC: 0.0ms)


Started GET "/admin/users" for 127.0.0.1 at 2026-04-14 15:05:12 +0200
Processing by Admin::UsersController#index as */*
  Rendering layout layouts/admin.html.erb
  Rendering admin/users/index.html.erb within layouts/admin
  [1m[36mUser Exists? (0.2ms)[0m  [1m[34mSELECT 1 AS one FROM "users" LIMIT 1 /*action='index',application='FreightSolutionBackEnd',controller='users'*/[0m
  ↳ app/views/admin/users/index.html.erb:6
  [1m[36mUser Load (0.1ms)[0m  [1m[34mSELECT "users".* FROM "users" ORDER BY "users"."created_at" DESC /*action='index',application='FreightSolutionBackEnd',controller='users'*/[0m
  ↳ app/views/admin/users/index.html.erb:8
  Rendered admin/users/index.html.erb within layouts/admin (Duration: 4.1ms | GC: 0.7ms)
  [1m[36mUser Load (0.2ms)[0m  [1m[34mSELECT "users".* FROM "users" WHERE "users"."id" = 1 LIMIT 1 /*action='index',application='FreightSolutionBackEnd',controller='users'*/[0m
  ↳ app/controllers/admin/base_controller.rb:14:in 'Admin::BaseController#current_user'
  Rendered layout layouts/admin.html.erb (Duration: 5.8ms | GC: 0.7ms)
Completed 200 OK in 7ms (Views: 5.6ms | ActiveRecord: 0.6ms (3 queries, 0 cached) | GC: 0.7ms)


Started GET "/admin/users" for 127.0.0.1 at 2026-04-14 15:05:16 +0200
Processing by Admin::UsersController#index as */*
  Rendering layout layouts/admin.html.erb
  Rendering admin/users/index.html.erb within layouts/admin
  [1m[36mUser Exists? (0.2ms)[0m  [1m[34mSELECT 1 AS one FROM "users" LIMIT 1 /*action='index',application='FreightSolutionBackEnd',controller='users'*/[0m
  ↳ app/views/admin/users/index.html.erb:6
  [1m[36mUser Load (0.2ms)[0m  [1m[34mSELECT "users".* FROM "users" ORDER BY "users"."created_at" DESC /*action='index',application='FreightSolutionBackEnd',controller='users'*/[0m
  ↳ app/views/admin/users/index.html.erb:8
  Rendered admin/users/index.html.erb within layouts/admin (Duration: 2.8ms | GC: 0.0ms)
  [1m[36mUser Load (0.2ms)[0m  [1m[34mSELECT "users".* FROM "users" WHERE "users"."id" = 1 LIMIT 1 /*action='index',application='FreightSolutionBackEnd',controller='users'*/[0m
  ↳ app/controllers/admin/base_controller.rb:14:in 'Admin::BaseController#current_user'
  Rendered layout layouts/admin.html.erb (Duration: 4.0ms | GC: 0.0ms)
Completed 200 OK in 5ms (Views: 3.7ms | ActiveRecord: 0.6ms (3 queries, 0 cached) | GC: 0.0ms)


Started GET "/admin/users" for 127.0.0.1 at 2026-04-14 15:05:21 +0200
Processing by Admin::UsersController#index as */*
  Rendering layout layouts/admin.html.erb
  Rendering admin/users/index.html.erb within layouts/admin
  [1m[36mUser Exists? (0.2ms)[0m  [1m[34mSELECT 1 AS one FROM "users" LIMIT 1 /*action='index',application='FreightSolutionBackEnd',controller='users'*/[0m
  ↳ app/views/admin/users/index.html.erb:6
  [1m[36mUser Load (0.2ms)[0m  [1m[34mSELECT "users".* FROM "users" ORDER BY "users"."created_at" DESC /*action='index',application='FreightSolutionBackEnd',controller='users'*/[0m
  ↳ app/views/admin/users/index.html.erb:8
  Rendered admin/users/index.html.erb within layouts/admin (Duration: 3.3ms | GC: 0.0ms)
  [1m[36mUser Load (0.3ms)[0m  [1m[34mSELECT "users".* FROM "users" WHERE "users"."id" = 1 LIMIT 1 /*action='index',application='FreightSolutionBackEnd',controller='users'*/[0m
  ↳ app/controllers/admin/base_controller.rb:14:in 'Admin::BaseController#current_user'
  Rendered layout layouts/admin.html.erb (Duration: 5.3ms | GC: 0.0ms)
Completed 200 OK in 7ms (Views: 5.6ms | ActiveRecord: 0.6ms (3 queries, 0 cached) | GC: 0.0ms)


Generating image variants require the image_processing gem. Please add `gem "image_processing", "~> 1.2"` to your Gemfile or set `config.active_storage.variant_processor = :disabled`.
  [1m[36mActiveRecord::SchemaMigration Load (0.4ms)[0m  [1m[34mSELECT "schema_migrations"."version" FROM "schema_migrations" ORDER BY "schema_migrations"."version" ASC /*application='FreightSolutionBackEnd'*/[0m
Started GET "/admin/users" for 127.0.0.1 at 2026-04-14 15:05:28 +0200
Processing by Admin::UsersController#index as */*
  Rendering layout layouts/admin.html.erb
  Rendering admin/users/index.html.erb within layouts/admin
  [1m[36mUser Exists? (0.3ms)[0m  [1m[34mSELECT 1 AS one FROM "users" LIMIT 1 /*action='index',application='FreightSolutionBackEnd',controller='users'*/[0m
  ↳ app/views/admin/users/index.html.erb:6
  [1m[36mUser Load (0.2ms)[0m  [1m[34mSELECT "users".* FROM "users" ORDER BY "users"."created_at" DESC /*action='index',application='FreightSolutionBackEnd',controller='users'*/[0m
  ↳ app/views/admin/users/index.html.erb:8
  Rendered admin/users/index.html.erb within layouts/admin (Duration: 5.4ms | GC: 2.1ms)
  [1m[36mUser Load (0.2ms)[0m  [1m[34mSELECT "users".* FROM "users" WHERE "users"."id" = 1 LIMIT 1 /*action='index',application='FreightSolutionBackEnd',controller='users'*/[0m
  ↳ app/controllers/admin/base_controller.rb:14:in 'Admin::BaseController#current_user'
  Rendered layout layouts/admin.html.erb (Duration: 7.2ms | GC: 2.1ms)
Completed 200 OK in 8ms (Views: 7.0ms | ActiveRecord: 0.8ms (3 queries, 0 cached) | GC: 2.1ms)


Generating image variants require the image_processing gem. Please add `gem "image_processing", "~> 1.2"` to your Gemfile or set `config.active_storage.variant_processor = :disabled`.
Started GET "/" for 127.0.0.1 at 2026-04-14 15:10:23 +0200
Processing by AdminController#login as HTML
  Rendering layout layouts/admin_login.html.erb
  Rendering admin/login.html.erb within layouts/admin_login
  Rendered admin/login.html.erb within layouts/admin_login (Duration: 1.1ms | GC: 0.0ms)
  Rendered layout layouts/admin_login.html.erb (Duration: 1.6ms | GC: 0.0ms)
Completed 200 OK in 3ms (Views: 2.5ms | ActiveRecord: 0.0ms (0 queries, 0 cached) | GC: 0.0ms)


Started POST "/admin/login" for 127.0.0.1 at 2026-04-14 15:10:29 +0200
Processing by AdminController#login as HTML
  Parameters: {"authenticity_token" => "[FILTERED]", "email" => "[FILTERED]", "password" => "[FILTERED]"}
  [1m[36mUser Load (0.3ms)[0m  [1m[34mSELECT "users".* FROM "users" WHERE "users"."email" = 'felender7@gmail.com' LIMIT 1 /*action='login',application='FreightSolutionBackEnd',controller='admin'*/[0m
  ↳ app/controllers/admin_controller.rb:9:in 'AdminController#login'
Redirected to http://localhost:3000/admin/dashboard
↳ app/controllers/admin_controller.rb:12:in 'AdminController#login'
Completed 302 Found in 218ms (ActiveRecord: 0.3ms (1 query, 0 cached) | GC: 0.0ms)


Started GET "/admin/dashboard" for 127.0.0.1 at 2026-04-14 15:10:29 +0200
Processing by Admin::DashboardController#index as HTML
  [1m[36mEmployee Count (0.3ms)[0m  [1m[34mSELECT COUNT(*) FROM "employees" /*action='index',application='FreightSolutionBackEnd',controller='dashboard'*/[0m
  ↳ app/controllers/admin/dashboard_controller.rb:7:in 'Admin::DashboardController#index'
  [1m[36mVendor Count (0.2ms)[0m  [1m[34mSELECT COUNT(*) FROM "vendors" /*action='index',application='FreightSolutionBackEnd',controller='dashboard'*/[0m
  ↳ app/controllers/admin/dashboard_controller.rb:8:in 'Admin::DashboardController#index'
  [1m[36mShipment Count (0.1ms)[0m  [1m[34mSELECT COUNT(*) FROM "shipments" /*action='index',application='FreightSolutionBackEnd',controller='dashboard'*/[0m
  ↳ app/controllers/admin/dashboard_controller.rb:9:in 'Admin::DashboardController#index'
  [1m[36mInvoice Count (0.1ms)[0m  [1m[34mSELECT COUNT(*) FROM "invoices" /*action='index',application='FreightSolutionBackEnd',controller='dashboard'*/[0m
  ↳ app/controllers/admin/dashboard_controller.rb:10:in 'Admin::DashboardController#index'
  [1m[36mInvoice Sum (0.1ms)[0m  [1m[34mSELECT SUM("invoices"."amount") FROM "invoices" WHERE "invoices"."status" = 'paid' /*action='index',application='FreightSolutionBackEnd',controller='dashboard'*/[0m
  ↳ app/controllers/admin/dashboard_controller.rb:11:in 'Admin::DashboardController#index'
  [1m[36mInvoice Count (0.1ms)[0m  [1m[34mSELECT COUNT(*) FROM "invoices" WHERE "invoices"."status" = 'pending' /*action='index',application='FreightSolutionBackEnd',controller='dashboard'*/[0m
  ↳ app/controllers/admin/dashboard_controller.rb:12:in 'Admin::DashboardController#index'
  Rendering layout layouts/admin.html.erb
  Rendering admin/dashboard/index.html.erb within layouts/admin
  [1m[36mShipment Exists? (0.1ms)[0m  [1m[34mSELECT 1 AS one FROM "shipments" LIMIT 1 /*action='index',application='FreightSolutionBackEnd',controller='dashboard'*/[0m
  ↳ app/views/admin/dashboard/index.html.erb:64
  [1m[36mInvoice Exists? (0.1ms)[0m  [1m[34mSELECT 1 AS one FROM "invoices" LIMIT 1 /*action='index',application='FreightSolutionBackEnd',controller='dashboard'*/[0m
  ↳ app/views/admin/dashboard/index.html.erb:102
  Rendered admin/dashboard/index.html.erb within layouts/admin (Duration: 1.7ms | GC: 0.0ms)
  [1m[36mUser Load (0.1ms)[0m  [1m[34mSELECT "users".* FROM "users" WHERE "users"."id" = 1 LIMIT 1 /*action='index',application='FreightSolutionBackEnd',controller='dashboard'*/[0m
  ↳ app/controllers/admin/dashboard_controller.rb:26:in 'Admin::DashboardController#current_user'
  Rendered layout layouts/admin.html.erb (Duration: 2.8ms | GC: 0.0ms)
Completed 200 OK in 12ms (Views: 3.5ms | ActiveRecord: 2.1ms (9 queries, 0 cached) | GC: 0.0ms)


Started GET "/admin/employees" for 127.0.0.1 at 2026-04-14 15:10:33 +0200
Processing by Admin::EmployeesController#index as HTML
  Rendering layout layouts/admin.html.erb
  Rendering admin/employees/index.html.erb within layouts/admin
  [1m[36mEmployee Exists? (0.2ms)[0m  [1m[34mSELECT 1 AS one FROM "employees" LIMIT 1 /*action='index',application='FreightSolutionBackEnd',controller='employees'*/[0m
  ↳ app/views/admin/employees/index.html.erb:17
  [1m[36mEmployee Load (0.1ms)[0m  [1m[34mSELECT "employees".* FROM "employees" ORDER BY "employees"."created_at" DESC /*action='index',application='FreightSolutionBackEnd',controller='employees'*/[0m
  ↳ app/views/admin/employees/index.html.erb:31
  Rendered admin/employees/index.html.erb within layouts/admin (Duration: 2.2ms | GC: 0.0ms)
  [1m[36mUser Load (0.2ms)[0m  [1m[34mSELECT "users".* FROM "users" WHERE "users"."id" = 1 LIMIT 1 /*action='index',application='FreightSolutionBackEnd',controller='employees'*/[0m
  ↳ app/controllers/admin/employees_controller.rb:55:in 'Admin::EmployeesController#current_user'
  Rendered layout layouts/admin.html.erb (Duration: 3.3ms | GC: 0.0ms)
Completed 200 OK in 4ms (Views: 3.0ms | ActiveRecord: 0.5ms (3 queries, 0 cached) | GC: 0.0ms)


Started GET "/admin/employees/new" for 127.0.0.1 at 2026-04-14 15:10:35 +0200
Processing by Admin::EmployeesController#new as HTML
  Rendering layout layouts/admin.html.erb
  Rendering admin/employees/new.html.erb within layouts/admin
  Rendered admin/employees/new.html.erb within layouts/admin (Duration: 1.5ms | GC: 0.0ms)
  [1m[36mUser Load (0.2ms)[0m  [1m[34mSELECT "users".* FROM "users" WHERE "users"."id" = 1 LIMIT 1 /*action='new',application='FreightSolutionBackEnd',controller='employees'*/[0m
  ↳ app/controllers/admin/employees_controller.rb:55:in 'Admin::EmployeesController#current_user'
  Rendered layout layouts/admin.html.erb (Duration: 3.2ms | GC: 0.0ms)
Completed 200 OK in 4ms (Views: 3.3ms | ActiveRecord: 0.2ms (1 query, 0 cached) | GC: 0.0ms)


Started GET "/admin/vendors" for 127.0.0.1 at 2026-04-14 15:10:37 +0200
Processing by Admin::VendorsController#index as HTML
  Rendering layout layouts/admin.html.erb
  Rendering admin/vendors/index.html.erb within layouts/admin
  [1m[36mVendor Exists? (0.2ms)[0m  [1m[34mSELECT 1 AS one FROM "vendors" LIMIT 1 /*action='index',application='FreightSolutionBackEnd',controller='vendors'*/[0m
  ↳ app/views/admin/vendors/index.html.erb:17
  Rendered admin/vendors/index.html.erb within layouts/admin (Duration: 2.1ms | GC: 0.0ms)
  [1m[36mUser Load (0.4ms)[0m  [1m[34mSELECT "users".* FROM "users" WHERE "users"."id" = 1 LIMIT 1 /*action='index',application='FreightSolutionBackEnd',controller='vendors'*/[0m
  ↳ app/controllers/admin/base_controller.rb:14:in 'Admin::BaseController#current_user'
  Rendered layout layouts/admin.html.erb (Duration: 8.6ms | GC: 4.4ms)
Completed 200 OK in 11ms (Views: 3.9ms | ActiveRecord: 5.9ms (2 queries, 0 cached) | GC: 4.4ms)


Started GET "/admin/vendors/new" for 127.0.0.1 at 2026-04-14 15:10:39 +0200
Processing by Admin::VendorsController#new as HTML
  Rendering layout layouts/admin.html.erb
  Rendering admin/vendors/new.html.erb within layouts/admin
  Rendered admin/vendors/new.html.erb within layouts/admin (Duration: 2.4ms | GC: 0.6ms)
  [1m[36mUser Load (0.3ms)[0m  [1m[34mSELECT "users".* FROM "users" WHERE "users"."id" = 1 LIMIT 1 /*action='new',application='FreightSolutionBackEnd',controller='vendors'*/[0m
  ↳ app/controllers/admin/base_controller.rb:14:in 'Admin::BaseController#current_user'
  Rendered layout layouts/admin.html.erb (Duration: 3.6ms | GC: 0.6ms)
Completed 200 OK in 7ms (Views: 3.7ms | ActiveRecord: 0.6ms (1 query, 0 cached) | GC: 0.6ms)


Started GET "/admin/vendors" for 127.0.0.1 at 2026-04-14 15:11:13 +0200
Processing by Admin::VendorsController#index as HTML
  Rendering layout layouts/admin.html.erb
  Rendering admin/vendors/index.html.erb within layouts/admin
  [1m[36mVendor Exists? (0.4ms)[0m  [1m[34mSELECT 1 AS one FROM "vendors" LIMIT 1 /*action='index',application='FreightSolutionBackEnd',controller='vendors'*/[0m
  ↳ app/views/admin/vendors/index.html.erb:17
  Rendered admin/vendors/index.html.erb within layouts/admin (Duration: 2.7ms | GC: 0.8ms)
  [1m[36mUser Load (0.2ms)[0m  [1m[34mSELECT "users".* FROM "users" WHERE "users"."id" = 1 LIMIT 1 /*action='index',application='FreightSolutionBackEnd',controller='vendors'*/[0m
  ↳ app/controllers/admin/base_controller.rb:14:in 'Admin::BaseController#current_user'
  Rendered layout layouts/admin.html.erb (Duration: 4.0ms | GC: 0.8ms)
Completed 200 OK in 5ms (Views: 3.8ms | ActiveRecord: 0.5ms (2 queries, 0 cached) | GC: 0.8ms)


Started GET "/admin/employees" for 127.0.0.1 at 2026-04-14 15:11:14 +0200
Processing by Admin::EmployeesController#index as HTML
  Rendering layout layouts/admin.html.erb
  Rendering admin/employees/index.html.erb within layouts/admin
  [1m[36mEmployee Exists? (0.2ms)[0m  [1m[34mSELECT 1 AS one FROM "employees" LIMIT 1 /*action='index',application='FreightSolutionBackEnd',controller='employees'*/[0m
  ↳ app/views/admin/employees/index.html.erb:17
  [1m[36mEmployee Load (0.2ms)[0m  [1m[34mSELECT "employees".* FROM "employees" ORDER BY "employees"."created_at" DESC /*action='index',application='FreightSolutionBackEnd',controller='employees'*/[0m
  ↳ app/views/admin/employees/index.html.erb:31
  Rendered admin/employees/index.html.erb within layouts/admin (Duration: 2.5ms | GC: 0.0ms)
  [1m[36mUser Load (0.2ms)[0m  [1m[34mSELECT "users".* FROM "users" WHERE "users"."id" = 1 LIMIT 1 /*action='index',application='FreightSolutionBackEnd',controller='employees'*/[0m
  ↳ app/controllers/admin/employees_controller.rb:55:in 'Admin::EmployeesController#current_user'
  Rendered layout layouts/admin.html.erb (Duration: 3.6ms | GC: 0.0ms)
Completed 200 OK in 4ms (Views: 3.4ms | ActiveRecord: 0.6ms (3 queries, 0 cached) | GC: 0.0ms)


Started GET "/admin/employees/1/edit" for 127.0.0.1 at 2026-04-14 15:11:17 +0200
Processing by Admin::EmployeesController#edit as HTML
  Parameters: {"id" => "1"}
  [1m[36mEmployee Load (0.3ms)[0m  [1m[34mSELECT "employees".* FROM "employees" WHERE "employees"."id" = 1 LIMIT 1 /*action='edit',application='FreightSolutionBackEnd',controller='employees'*/[0m
  ↳ app/controllers/admin/employees_controller.rb:28:in 'Admin::EmployeesController#edit'
  Rendering layout layouts/admin.html.erb
  Rendering admin/employees/edit.html.erb within layouts/admin
  Rendered admin/employees/edit.html.erb within layouts/admin (Duration: 1.9ms | GC: 0.0ms)
  [1m[36mUser Load (0.2ms)[0m  [1m[34mSELECT "users".* FROM "users" WHERE "users"."id" = 1 LIMIT 1 /*action='edit',application='FreightSolutionBackEnd',controller='employees'*/[0m
  ↳ app/controllers/admin/employees_controller.rb:55:in 'Admin::EmployeesController#current_user'
  Rendered layout layouts/admin.html.erb (Duration: 3.6ms | GC: 0.5ms)
Completed 200 OK in 6ms (Views: 3.7ms | ActiveRecord: 0.5ms (2 queries, 0 cached) | GC: 0.5ms)


Started GET "/admin/employees" for 127.0.0.1 at 2026-04-14 15:11:19 +0200
Processing by Admin::EmployeesController#index as HTML
  Rendering layout layouts/admin.html.erb
  Rendering admin/employees/index.html.erb within layouts/admin
  [1m[36mEmployee Exists? (0.2ms)[0m  [1m[34mSELECT 1 AS one FROM "employees" LIMIT 1 /*action='index',application='FreightSolutionBackEnd',controller='employees'*/[0m
  ↳ app/views/admin/employees/index.html.erb:17
  [1m[36mEmployee Load (0.1ms)[0m  [1m[34mSELECT "employees".* FROM "employees" ORDER BY "employees"."created_at" DESC /*action='index',application='FreightSolutionBackEnd',controller='employees'*/[0m
  ↳ app/views/admin/employees/index.html.erb:31
  Rendered admin/employees/index.html.erb within layouts/admin (Duration: 2.0ms | GC: 0.0ms)
  [1m[36mUser Load (0.2ms)[0m  [1m[34mSELECT "users".* FROM "users" WHERE "users"."id" = 1 LIMIT 1 /*action='index',application='FreightSolutionBackEnd',controller='employees'*/[0m
  ↳ app/controllers/admin/employees_controller.rb:55:in 'Admin::EmployeesController#current_user'
  Rendered layout layouts/admin.html.erb (Duration: 3.1ms | GC: 0.0ms)
Completed 200 OK in 4ms (Views: 2.9ms | ActiveRecord: 0.5ms (3 queries, 0 cached) | GC: 0.0ms)


Started GET "/admin/employees/1" for 127.0.0.1 at 2026-04-14 15:11:20 +0200
Processing by Admin::EmployeesController#show as HTML
  Parameters: {"id" => "1"}
  [1m[36mEmployee Load (0.3ms)[0m  [1m[34mSELECT "employees".* FROM "employees" WHERE "employees"."id" = 1 LIMIT 1 /*action='show',application='FreightSolutionBackEnd',controller='employees'*/[0m
  ↳ app/controllers/admin/employees_controller.rb:11:in 'Admin::EmployeesController#show'
  Rendering layout layouts/admin.html.erb
  Rendering admin/employees/show.html.erb within layouts/admin
  Rendered admin/employees/show.html.erb within layouts/admin (Duration: 0.8ms | GC: 0.0ms)
  [1m[36mUser Load (0.3ms)[0m  [1m[34mSELECT "users".* FROM "users" WHERE "users"."id" = 1 LIMIT 1 /*action='show',application='FreightSolutionBackEnd',controller='employees'*/[0m
  ↳ app/controllers/admin/employees_controller.rb:55:in 'Admin::EmployeesController#current_user'
  Rendered layout layouts/admin.html.erb (Duration: 2.5ms | GC: 0.0ms)
Completed 200 OK in 5ms (Views: 2.7ms | ActiveRecord: 0.6ms (2 queries, 0 cached) | GC: 0.2ms)


Started GET "/admin/employees" for 127.0.0.1 at 2026-04-14 15:11:26 +0200
Processing by Admin::EmployeesController#index as HTML
  Rendering layout layouts/admin.html.erb
  Rendering admin/employees/index.html.erb within layouts/admin
  [1m[36mEmployee Exists? (0.2ms)[0m  [1m[34mSELECT 1 AS one FROM "employees" LIMIT 1 /*action='index',application='FreightSolutionBackEnd',controller='employees'*/[0m
  ↳ app/views/admin/employees/index.html.erb:17
  [1m[36mEmployee Load (0.2ms)[0m  [1m[34mSELECT "employees".* FROM "employees" ORDER BY "employees"."created_at" DESC /*action='index',application='FreightSolutionBackEnd',controller='employees'*/[0m
  ↳ app/views/admin/employees/index.html.erb:31
  Rendered admin/employees/index.html.erb within layouts/admin (Duration: 2.5ms | GC: 0.0ms)
  [1m[36mUser Load (0.2ms)[0m  [1m[34mSELECT "users".* FROM "users" WHERE "users"."id" = 1 LIMIT 1 /*action='index',application='FreightSolutionBackEnd',controller='employees'*/[0m
  ↳ app/controllers/admin/employees_controller.rb:55:in 'Admin::EmployeesController#current_user'
  Rendered layout layouts/admin.html.erb (Duration: 3.7ms | GC: 0.1ms)
Completed 200 OK in 4ms (Views: 3.5ms | ActiveRecord: 0.6ms (3 queries, 0 cached) | GC: 0.1ms)


Started GET "/admin/employees/new" for 127.0.0.1 at 2026-04-14 15:11:57 +0200
Processing by Admin::EmployeesController#new as HTML
  Rendering layout layouts/admin.html.erb
  Rendering admin/employees/new.html.erb within layouts/admin
  Rendered admin/employees/new.html.erb within layouts/admin (Duration: 1.8ms | GC: 0.0ms)
  [1m[36mUser Load (0.3ms)[0m  [1m[34mSELECT "users".* FROM "users" WHERE "users"."id" = 1 LIMIT 1 /*action='new',application='FreightSolutionBackEnd',controller='employees'*/[0m
  ↳ app/controllers/admin/employees_controller.rb:55:in 'Admin::EmployeesController#current_user'
  Rendered layout layouts/admin.html.erb (Duration: 3.7ms | GC: 0.0ms)
Completed 200 OK in 4ms (Views: 3.6ms | ActiveRecord: 0.3ms (1 query, 0 cached) | GC: 0.0ms)


Started GET "/admin/employees/new" for 127.0.0.1 at 2026-04-14 15:12:38 +0200
Processing by Admin::EmployeesController#new as HTML
  Rendering layout layouts/admin.html.erb
  Rendering admin/employees/new.html.erb within layouts/admin
  Rendered admin/employees/new.html.erb within layouts/admin (Duration: 1.5ms | GC: 0.0ms)
  [1m[36mUser Load (0.1ms)[0m  [1m[34mSELECT "users".* FROM "users" WHERE "users"."id" = 1 LIMIT 1 /*action='new',application='FreightSolutionBackEnd',controller='employees'*/[0m
  ↳ app/controllers/admin/employees_controller.rb:55:in 'Admin::EmployeesController#current_user'
  Rendered layout layouts/admin.html.erb (Duration: 6.2ms | GC: 0.0ms)
Completed 200 OK in 12ms (Views: 6.1ms | ActiveRecord: 2.0ms (1 query, 0 cached) | GC: 0.0ms)


Started GET "/admin/employees" for 127.0.0.1 at 2026-04-14 15:12:40 +0200
Processing by Admin::EmployeesController#index as HTML
  Rendering layout layouts/admin.html.erb
  Rendering admin/employees/index.html.erb within layouts/admin
  [1m[36mEmployee Exists? (0.2ms)[0m  [1m[34mSELECT 1 AS one FROM "employees" LIMIT 1 /*action='index',application='FreightSolutionBackEnd',controller='employees'*/[0m
  ↳ app/views/admin/employees/index.html.erb:17
  [1m[36mEmployee Load (0.2ms)[0m  [1m[34mSELECT "employees".* FROM "employees" ORDER BY "employees"."created_at" DESC /*action='index',application='FreightSolutionBackEnd',controller='employees'*/[0m
  ↳ app/views/admin/employees/index.html.erb:31
  Rendered admin/employees/index.html.erb within layouts/admin (Duration: 2.6ms | GC: 0.0ms)
  [1m[36mUser Load (0.1ms)[0m  [1m[34mSELECT "users".* FROM "users" WHERE "users"."id" = 1 LIMIT 1 /*action='index',application='FreightSolutionBackEnd',controller='employees'*/[0m
  ↳ app/controllers/admin/employees_controller.rb:55:in 'Admin::EmployeesController#current_user'
  Rendered layout layouts/admin.html.erb (Duration: 3.6ms | GC: 0.0ms)
Completed 200 OK in 5ms (Views: 3.5ms | ActiveRecord: 0.5ms (3 queries, 0 cached) | GC: 0.0ms)


Started GET "/admin/employees/new" for 127.0.0.1 at 2026-04-14 15:12:49 +0200
Processing by Admin::EmployeesController#new as HTML
  Rendering layout layouts/admin.html.erb
  Rendering admin/employees/new.html.erb within layouts/admin
  Rendered admin/employees/new.html.erb within layouts/admin (Duration: 1.6ms | GC: 0.0ms)
  [1m[36mUser Load (0.2ms)[0m  [1m[34mSELECT "users".* FROM "users" WHERE "users"."id" = 1 LIMIT 1 /*action='new',application='FreightSolutionBackEnd',controller='employees'*/[0m
  ↳ app/controllers/admin/employees_controller.rb:55:in 'Admin::EmployeesController#current_user'
  Rendered layout layouts/admin.html.erb (Duration: 6.9ms | GC: 0.2ms)
Completed 200 OK in 12ms (Views: 6.8ms | ActiveRecord: 2.1ms (1 query, 0 cached) | GC: 0.3ms)


Started GET "/admin/employees" for 127.0.0.1 at 2026-04-14 15:12:52 +0200
Processing by Admin::EmployeesController#index as HTML
  Rendering layout layouts/admin.html.erb
  Rendering admin/employees/index.html.erb within layouts/admin
  [1m[36mEmployee Exists? (0.2ms)[0m  [1m[34mSELECT 1 AS one FROM "employees" LIMIT 1 /*action='index',application='FreightSolutionBackEnd',controller='employees'*/[0m
  ↳ app/views/admin/employees/index.html.erb:17
  [1m[36mEmployee Load (0.1ms)[0m  [1m[34mSELECT "employees".* FROM "employees" ORDER BY "employees"."created_at" DESC /*action='index',application='FreightSolutionBackEnd',controller='employees'*/[0m
  ↳ app/views/admin/employees/index.html.erb:31
  Rendered admin/employees/index.html.erb within layouts/admin (Duration: 2.5ms | GC: 0.0ms)
  [1m[36mUser Load (0.1ms)[0m  [1m[34mSELECT "users".* FROM "users" WHERE "users"."id" = 1 LIMIT 1 /*action='index',application='FreightSolutionBackEnd',controller='employees'*/[0m
  ↳ app/controllers/admin/employees_controller.rb:55:in 'Admin::EmployeesController#current_user'
  Rendered layout layouts/admin.html.erb (Duration: 3.5ms | GC: 0.0ms)
Completed 200 OK in 5ms (Views: 3.4ms | ActiveRecord: 0.5ms (3 queries, 0 cached) | GC: 0.0ms)


Started GET "/admin/employees/1/edit" for 127.0.0.1 at 2026-04-14 15:12:57 +0200
Processing by Admin::EmployeesController#edit as HTML
  Parameters: {"id" => "1"}
  [1m[36mEmployee Load (0.3ms)[0m  [1m[34mSELECT "employees".* FROM "employees" WHERE "employees"."id" = 1 LIMIT 1 /*action='edit',application='FreightSolutionBackEnd',controller='employees'*/[0m
  ↳ app/controllers/admin/employees_controller.rb:28:in 'Admin::EmployeesController#edit'
  Rendering layout layouts/admin.html.erb
  Rendering admin/employees/edit.html.erb within layouts/admin
  Rendered admin/employees/edit.html.erb within layouts/admin (Duration: 1.6ms | GC: 0.0ms)
  [1m[36mUser Load (0.3ms)[0m  [1m[34mSELECT "users".* FROM "users" WHERE "users"."id" = 1 LIMIT 1 /*action='edit',application='FreightSolutionBackEnd',controller='employees'*/[0m
  ↳ app/controllers/admin/employees_controller.rb:55:in 'Admin::EmployeesController#current_user'
  Rendered layout layouts/admin.html.erb (Duration: 2.9ms | GC: 0.0ms)
Completed 200 OK in 5ms (Views: 3.0ms | ActiveRecord: 0.5ms (2 queries, 0 cached) | GC: 0.0ms)


Started GET "/admin/users" for 127.0.0.1 at 2026-04-14 15:14:01 +0200
Processing by Admin::UsersController#index as HTML
  Rendering layout layouts/admin.html.erb
  Rendering admin/users/index.html.erb within layouts/admin
  [1m[36mUser Exists? (0.1ms)[0m  [1m[34mSELECT 1 AS one FROM "users" LIMIT 1 /*action='index',application='FreightSolutionBackEnd',controller='users'*/[0m
  ↳ app/views/admin/users/index.html.erb:6
  [1m[36mUser Load (0.2ms)[0m  [1m[34mSELECT "users".* FROM "users" ORDER BY "users"."created_at" DESC /*action='index',application='FreightSolutionBackEnd',controller='users'*/[0m
  ↳ app/views/admin/users/index.html.erb:8
  Rendered admin/users/index.html.erb within layouts/admin (Duration: 5.0ms | GC: 0.0ms)
  [1m[36mUser Load (0.2ms)[0m  [1m[34mSELECT "users".* FROM "users" WHERE "users"."id" = 1 LIMIT 1 /*action='index',application='FreightSolutionBackEnd',controller='users'*/[0m
  ↳ app/controllers/admin/base_controller.rb:14:in 'Admin::BaseController#current_user'
  Rendered layout layouts/admin.html.erb (Duration: 6.8ms | GC: 0.0ms)
Completed 200 OK in 10ms (Views: 6.4ms | ActiveRecord: 1.8ms (3 queries, 0 cached) | GC: 0.0ms)


Started GET "/admin/users/1/edit" for 127.0.0.1 at 2026-04-14 15:14:05 +0200
Processing by Admin::UsersController#edit as HTML
  Parameters: {"id" => "1"}
  [1m[36mUser Load (0.3ms)[0m  [1m[34mSELECT "users".* FROM "users" WHERE "users"."id" = 1 LIMIT 1 /*action='edit',application='FreightSolutionBackEnd',controller='users'*/[0m
  ↳ app/controllers/admin/users_controller.rb:24:in 'Admin::UsersController#edit'
  Rendering layout layouts/admin.html.erb
  Rendering admin/users/edit.html.erb within layouts/admin
  Rendered admin/users/edit.html.erb within layouts/admin (Duration: 2.0ms | GC: 0.0ms)
  [1m[36mCACHE User Load (0.0ms)[0m  [1m[34mSELECT "users".* FROM "users" WHERE "users"."id" = 1 LIMIT 1[0m
  ↳ app/controllers/admin/base_controller.rb:14:in 'Admin::BaseController#current_user'
  Rendered layout layouts/admin.html.erb (Duration: 2.9ms | GC: 0.0ms)
Completed 200 OK in 15ms (Views: 3.3ms | ActiveRecord: 0.3ms (2 queries, 1 cached) | GC: 0.0ms)


Started GET "/admin/dashboard" for 127.0.0.1 at 2026-04-14 15:14:10 +0200
Processing by Admin::DashboardController#index as HTML
  [1m[36mEmployee Count (0.2ms)[0m  [1m[34mSELECT COUNT(*) FROM "employees" /*action='index',application='FreightSolutionBackEnd',controller='dashboard'*/[0m
  ↳ app/controllers/admin/dashboard_controller.rb:7:in 'Admin::DashboardController#index'
  [1m[36mVendor Count (0.1ms)[0m  [1m[34mSELECT COUNT(*) FROM "vendors" /*action='index',application='FreightSolutionBackEnd',controller='dashboard'*/[0m
  ↳ app/controllers/admin/dashboard_controller.rb:8:in 'Admin::DashboardController#index'
  [1m[36mShipment Count (0.1ms)[0m  [1m[34mSELECT COUNT(*) FROM "shipments" /*action='index',application='FreightSolutionBackEnd',controller='dashboard'*/[0m
  ↳ app/controllers/admin/dashboard_controller.rb:9:in 'Admin::DashboardController#index'
  [1m[36mInvoice Count (0.1ms)[0m  [1m[34mSELECT COUNT(*) FROM "invoices" /*action='index',application='FreightSolutionBackEnd',controller='dashboard'*/[0m
  ↳ app/controllers/admin/dashboard_controller.rb:10:in 'Admin::DashboardController#index'
  [1m[36mInvoice Sum (0.1ms)[0m  [1m[34mSELECT SUM("invoices"."amount") FROM "invoices" WHERE "invoices"."status" = 'paid' /*action='index',application='FreightSolutionBackEnd',controller='dashboard'*/[0m
  ↳ app/controllers/admin/dashboard_controller.rb:11:in 'Admin::DashboardController#index'
  [1m[36mInvoice Count (0.1ms)[0m  [1m[34mSELECT COUNT(*) FROM "invoices" WHERE "invoices"."status" = 'pending' /*action='index',application='FreightSolutionBackEnd',controller='dashboard'*/[0m
  ↳ app/controllers/admin/dashboard_controller.rb:12:in 'Admin::DashboardController#index'
  Rendering layout layouts/admin.html.erb
  Rendering admin/dashboard/index.html.erb within layouts/admin
  [1m[36mShipment Exists? (0.1ms)[0m  [1m[34mSELECT 1 AS one FROM "shipments" LIMIT 1 /*action='index',application='FreightSolutionBackEnd',controller='dashboard'*/[0m
  ↳ app/views/admin/dashboard/index.html.erb:64
  [1m[36mInvoice Exists? (0.1ms)[0m  [1m[34mSELECT 1 AS one FROM "invoices" LIMIT 1 /*action='index',application='FreightSolutionBackEnd',controller='dashboard'*/[0m
  ↳ app/views/admin/dashboard/index.html.erb:102
  Rendered admin/dashboard/index.html.erb within layouts/admin (Duration: 6.1ms | GC: 4.1ms)
  [1m[36mUser Load (0.2ms)[0m  [1m[34mSELECT "users".* FROM "users" WHERE "users"."id" = 1 LIMIT 1 /*action='index',application='FreightSolutionBackEnd',controller='dashboard'*/[0m
  ↳ app/controllers/admin/dashboard_controller.rb:26:in 'Admin::DashboardController#current_user'
  Rendered layout layouts/admin.html.erb (Duration: 7.4ms | GC: 4.1ms)
Completed 200 OK in 17ms (Views: 7.6ms | ActiveRecord: 2.0ms (9 queries, 0 cached) | GC: 4.1ms)


Started GET "/admin/employees" for 127.0.0.1 at 2026-04-14 15:14:11 +0200
Processing by Admin::EmployeesController#index as HTML
  Rendering layout layouts/admin.html.erb
  Rendering admin/employees/index.html.erb within layouts/admin
  [1m[36mEmployee Exists? (0.2ms)[0m  [1m[34mSELECT 1 AS one FROM "employees" LIMIT 1 /*action='index',application='FreightSolutionBackEnd',controller='employees'*/[0m
  ↳ app/views/admin/employees/index.html.erb:17
  [1m[36mEmployee Load (0.1ms)[0m  [1m[34mSELECT "employees".* FROM "employees" ORDER BY "employees"."created_at" DESC /*action='index',application='FreightSolutionBackEnd',controller='employees'*/[0m
  ↳ app/views/admin/employees/index.html.erb:31
  Rendered admin/employees/index.html.erb within layouts/admin (Duration: 5.0ms | GC: 0.0ms)
  [1m[36mUser Load (0.2ms)[0m  [1m[34mSELECT "users".* FROM "users" WHERE "users"."id" = 1 LIMIT 1 /*action='index',application='FreightSolutionBackEnd',controller='employees'*/[0m
  ↳ app/controllers/admin/employees_controller.rb:55:in 'Admin::EmployeesController#current_user'
  Rendered layout layouts/admin.html.erb (Duration: 6.7ms | GC: 0.6ms)
Completed 200 OK in 10ms (Views: 7.5ms | ActiveRecord: 1.3ms (3 queries, 0 cached) | GC: 1.3ms)


Started GET "/admin/employees" for 127.0.0.1 at 2026-04-14 15:14:17 +0200
Processing by Admin::EmployeesController#index as HTML
  Rendering layout layouts/admin.html.erb
  Rendering admin/employees/index.html.erb within layouts/admin
  [1m[36mEmployee Exists? (0.2ms)[0m  [1m[34mSELECT 1 AS one FROM "employees" LIMIT 1 /*action='index',application='FreightSolutionBackEnd',controller='employees'*/[0m
  ↳ app/views/admin/employees/index.html.erb:17
  [1m[36mEmployee Load (0.2ms)[0m  [1m[34mSELECT "employees".* FROM "employees" ORDER BY "employees"."created_at" DESC /*action='index',application='FreightSolutionBackEnd',controller='employees'*/[0m
  ↳ app/views/admin/employees/index.html.erb:31
  Rendered admin/employees/index.html.erb within layouts/admin (Duration: 2.0ms | GC: 0.0ms)
  [1m[36mUser Load (0.2ms)[0m  [1m[34mSELECT "users".* FROM "users" WHERE "users"."id" = 1 LIMIT 1 /*action='index',application='FreightSolutionBackEnd',controller='employees'*/[0m
  ↳ app/controllers/admin/employees_controller.rb:55:in 'Admin::EmployeesController#current_user'
  Rendered layout layouts/admin.html.erb (Duration: 3.1ms | GC: 0.0ms)
Completed 200 OK in 4ms (Views: 2.9ms | ActiveRecord: 0.5ms (3 queries, 0 cached) | GC: 0.0ms)


Started GET "/admin/employees/1" for 127.0.0.1 at 2026-04-14 15:14:21 +0200
Processing by Admin::EmployeesController#show as HTML
  Parameters: {"id" => "1"}
  [1m[36mEmployee Load (0.3ms)[0m  [1m[34mSELECT "employees".* FROM "employees" WHERE "employees"."id" = 1 LIMIT 1 /*action='show',application='FreightSolutionBackEnd',controller='employees'*/[0m
  ↳ app/controllers/admin/employees_controller.rb:11:in 'Admin::EmployeesController#show'
  Rendering layout layouts/admin.html.erb
  Rendering admin/employees/show.html.erb within layouts/admin
  Rendered admin/employees/show.html.erb within layouts/admin (Duration: 0.5ms | GC: 0.0ms)
  [1m[36mUser Load (0.2ms)[0m  [1m[34mSELECT "users".* FROM "users" WHERE "users"."id" = 1 LIMIT 1 /*action='show',application='FreightSolutionBackEnd',controller='employees'*/[0m
  ↳ app/controllers/admin/employees_controller.rb:55:in 'Admin::EmployeesController#current_user'
  Rendered layout layouts/admin.html.erb (Duration: 1.8ms | GC: 0.0ms)
Completed 200 OK in 4ms (Views: 1.9ms | ActiveRecord: 0.5ms (2 queries, 0 cached) | GC: 0.0ms)


Started GET "/.well-known/appspecific/com.chrome.devtools.json" for 127.0.0.1 at 2026-04-14 15:14:26 +0200
  
ActionController::RoutingError (No route matches [GET] "/.well-known/appspecific/com.chrome.devtools.json"):
  
Started GET "/admin/employees/1" for 127.0.0.1 at 2026-04-14 15:16:30 +0200
Processing by Admin::EmployeesController#show as HTML
  Parameters: {"id" => "1"}
  [1m[36mEmployee Load (0.2ms)[0m  [1m[34mSELECT "employees".* FROM "employees" WHERE "employees"."id" = 1 LIMIT 1 /*action='show',application='FreightSolutionBackEnd',controller='employees'*/[0m
  ↳ app/controllers/admin/employees_controller.rb:11:in 'Admin::EmployeesController#show'
  Rendering layout layouts/admin.html.erb
  Rendering admin/employees/show.html.erb within layouts/admin
  Rendered admin/employees/show.html.erb within layouts/admin (Duration: 0.7ms | GC: 0.0ms)
  [1m[36mUser Load (0.2ms)[0m  [1m[34mSELECT "users".* FROM "users" WHERE "users"."id" = 1 LIMIT 1 /*action='show',application='FreightSolutionBackEnd',controller='employees'*/[0m
  ↳ app/controllers/admin/employees_controller.rb:55:in 'Admin::EmployeesController#current_user'
  Rendered layout layouts/admin.html.erb (Duration: 7.3ms | GC: 0.6ms)
Completed 200 OK in 26ms (Views: 17.1ms | ActiveRecord: 2.6ms (2 queries, 0 cached) | GC: 1.1ms)


Started GET "/admin/vendors" for 127.0.0.1 at 2026-04-14 15:16:36 +0200
Processing by Admin::VendorsController#index as HTML
  Rendering layout layouts/admin.html.erb
  Rendering admin/vendors/index.html.erb within layouts/admin
  [1m[36mVendor Exists? (0.2ms)[0m  [1m[34mSELECT 1 AS one FROM "vendors" LIMIT 1 /*action='index',application='FreightSolutionBackEnd',controller='vendors'*/[0m
  ↳ app/views/admin/vendors/index.html.erb:17
  Rendered admin/vendors/index.html.erb within layouts/admin (Duration: 1.5ms | GC: 0.0ms)
  [1m[36mUser Load (0.1ms)[0m  [1m[34mSELECT "users".* FROM "users" WHERE "users"."id" = 1 LIMIT 1 /*action='index',application='FreightSolutionBackEnd',controller='vendors'*/[0m
  ↳ app/controllers/admin/base_controller.rb:14:in 'Admin::BaseController#current_user'
  Rendered layout layouts/admin.html.erb (Duration: 7.0ms | GC: 0.0ms)
Completed 200 OK in 10ms (Views: 6.6ms | ActiveRecord: 2.0ms (2 queries, 0 cached) | GC: 0.0ms)


Started GET "/admin/users" for 127.0.0.1 at 2026-04-14 15:16:36 +0200
Processing by Admin::UsersController#index as HTML
  Rendering layout layouts/admin.html.erb
  Rendering admin/users/index.html.erb within layouts/admin
  [1m[36mUser Exists? (0.3ms)[0m  [1m[34mSELECT 1 AS one FROM "users" LIMIT 1 /*action='index',application='FreightSolutionBackEnd',controller='users'*/[0m
  ↳ app/views/admin/users/index.html.erb:6
  [1m[36mUser Load (0.2ms)[0m  [1m[34mSELECT "users".* FROM "users" ORDER BY "users"."created_at" DESC /*action='index',application='FreightSolutionBackEnd',controller='users'*/[0m
  ↳ app/views/admin/users/index.html.erb:8
  Rendered admin/users/index.html.erb within layouts/admin (Duration: 3.2ms | GC: 0.0ms)
  [1m[36mUser Load (0.4ms)[0m  [1m[34mSELECT "users".* FROM "users" WHERE "users"."id" = 1 LIMIT 1 /*action='index',application='FreightSolutionBackEnd',controller='users'*/[0m
  ↳ app/controllers/admin/base_controller.rb:14:in 'Admin::BaseController#current_user'
  Rendered layout layouts/admin.html.erb (Duration: 5.0ms | GC: 0.0ms)
Completed 200 OK in 6ms (Views: 4.6ms | ActiveRecord: 0.8ms (3 queries, 0 cached) | GC: 0.0ms)


Started GET "/admin/dashboard" for 127.0.0.1 at 2026-04-14 15:16:38 +0200
Processing by Admin::DashboardController#index as HTML
  [1m[36mEmployee Count (0.2ms)[0m  [1m[34mSELECT COUNT(*) FROM "employees" /*action='index',application='FreightSolutionBackEnd',controller='dashboard'*/[0m
  ↳ app/controllers/admin/dashboard_controller.rb:7:in 'Admin::DashboardController#index'
  [1m[36mVendor Count (0.1ms)[0m  [1m[34mSELECT COUNT(*) FROM "vendors" /*action='index',application='FreightSolutionBackEnd',controller='dashboard'*/[0m
  ↳ app/controllers/admin/dashboard_controller.rb:8:in 'Admin::DashboardController#index'
  [1m[36mShipment Count (0.1ms)[0m  [1m[34mSELECT COUNT(*) FROM "shipments" /*action='index',application='FreightSolutionBackEnd',controller='dashboard'*/[0m
  ↳ app/controllers/admin/dashboard_controller.rb:9:in 'Admin::DashboardController#index'
  [1m[36mInvoice Count (0.1ms)[0m  [1m[34mSELECT COUNT(*) FROM "invoices" /*action='index',application='FreightSolutionBackEnd',controller='dashboard'*/[0m
  ↳ app/controllers/admin/dashboard_controller.rb:10:in 'Admin::DashboardController#index'
  [1m[36mInvoice Sum (0.1ms)[0m  [1m[34mSELECT SUM("invoices"."amount") FROM "invoices" WHERE "invoices"."status" = 'paid' /*action='index',application='FreightSolutionBackEnd',controller='dashboard'*/[0m
  ↳ app/controllers/admin/dashboard_controller.rb:11:in 'Admin::DashboardController#index'
  [1m[36mInvoice Count (0.1ms)[0m  [1m[34mSELECT COUNT(*) FROM "invoices" WHERE "invoices"."status" = 'pending' /*action='index',application='FreightSolutionBackEnd',controller='dashboard'*/[0m
  ↳ app/controllers/admin/dashboard_controller.rb:12:in 'Admin::DashboardController#index'
  Rendering layout layouts/admin.html.erb
  Rendering admin/dashboard/index.html.erb within layouts/admin
  [1m[36mShipment Exists? (0.2ms)[0m  [1m[34mSELECT 1 AS one FROM "shipments" LIMIT 1 /*action='index',application='FreightSolutionBackEnd',controller='dashboard'*/[0m
  ↳ app/views/admin/dashboard/index.html.erb:64
  [1m[36mInvoice Exists? (0.1ms)[0m  [1m[34mSELECT 1 AS one FROM "invoices" LIMIT 1 /*action='index',application='FreightSolutionBackEnd',controller='dashboard'*/[0m
  ↳ app/views/admin/dashboard/index.html.erb:102
  Rendered admin/dashboard/index.html.erb within layouts/admin (Duration: 2.3ms | GC: 0.0ms)
  [1m[36mUser Load (0.1ms)[0m  [1m[34mSELECT "users".* FROM "users" WHERE "users"."id" = 1 LIMIT 1 /*action='index',application='FreightSolutionBackEnd',controller='dashboard'*/[0m
  ↳ app/controllers/admin/dashboard_controller.rb:26:in 'Admin::DashboardController#current_user'
  Rendered layout layouts/admin.html.erb (Duration: 3.5ms | GC: 0.0ms)
Completed 200 OK in 12ms (Views: 3.8ms | ActiveRecord: 2.0ms (9 queries, 0 cached) | GC: 0.0ms)


Started GET "/admin/dashboard" for 127.0.0.1 at 2026-04-14 15:16:40 +0200
Processing by Admin::DashboardController#index as HTML
  [1m[36mEmployee Count (0.2ms)[0m  [1m[34mSELECT COUNT(*) FROM "employees" /*action='index',application='FreightSolutionBackEnd',controller='dashboard'*/[0m
  ↳ app/controllers/admin/dashboard_controller.rb:7:in 'Admin::DashboardController#index'
  [1m[36mVendor Count (0.2ms)[0m  [1m[34mSELECT COUNT(*) FROM "vendors" /*action='index',application='FreightSolutionBackEnd',controller='dashboard'*/[0m
  ↳ app/controllers/admin/dashboard_controller.rb:8:in 'Admin::DashboardController#index'
  [1m[36mShipment Count (0.1ms)[0m  [1m[34mSELECT COUNT(*) FROM "shipments" /*action='index',application='FreightSolutionBackEnd',controller='dashboard'*/[0m
  ↳ app/controllers/admin/dashboard_controller.rb:9:in 'Admin::DashboardController#index'
  [1m[36mInvoice Count (0.1ms)[0m  [1m[34mSELECT COUNT(*) FROM "invoices" /*action='index',application='FreightSolutionBackEnd',controller='dashboard'*/[0m
  ↳ app/controllers/admin/dashboard_controller.rb:10:in 'Admin::DashboardController#index'
  [1m[36mInvoice Sum (0.1ms)[0m  [1m[34mSELECT SUM("invoices"."amount") FROM "invoices" WHERE "invoices"."status" = 'paid' /*action='index',application='FreightSolutionBackEnd',controller='dashboard'*/[0m
  ↳ app/controllers/admin/dashboard_controller.rb:11:in 'Admin::DashboardController#index'
  [1m[36mInvoice Count (0.1ms)[0m  [1m[34mSELECT COUNT(*) FROM "invoices" WHERE "invoices"."status" = 'pending' /*action='index',application='FreightSolutionBackEnd',controller='dashboard'*/[0m
  ↳ app/controllers/admin/dashboard_controller.rb:12:in 'Admin::DashboardController#index'
  Rendering layout layouts/admin.html.erb
  Rendering admin/dashboard/index.html.erb within layouts/admin
  [1m[36mShipment Exists? (0.1ms)[0m  [1m[34mSELECT 1 AS one FROM "shipments" LIMIT 1 /*action='index',application='FreightSolutionBackEnd',controller='dashboard'*/[0m
  ↳ app/views/admin/dashboard/index.html.erb:64
  [1m[36mInvoice Exists? (0.1ms)[0m  [1m[34mSELECT 1 AS one FROM "invoices" LIMIT 1 /*action='index',application='FreightSolutionBackEnd',controller='dashboard'*/[0m
  ↳ app/views/admin/dashboard/index.html.erb:102
  Rendered admin/dashboard/index.html.erb within layouts/admin (Duration: 1.3ms | GC: 0.0ms)
  [1m[36mUser Load (0.1ms)[0m  [1m[34mSELECT "users".* FROM "users" WHERE "users"."id" = 1 LIMIT 1 /*action='index',application='FreightSolutionBackEnd',controller='dashboard'*/[0m
  ↳ app/controllers/admin/dashboard_controller.rb:26:in 'Admin::DashboardController#current_user'
  Rendered layout layouts/admin.html.erb (Duration: 2.3ms | GC: 0.0ms)
Completed 200 OK in 7ms (Views: 2.4ms | ActiveRecord: 0.9ms (9 queries, 0 cached) | GC: 0.0ms)


Started GET "/admin/vendors" for 127.0.0.1 at 2026-04-14 15:16:40 +0200
Processing by Admin::VendorsController#index as */*
  Rendering layout layouts/admin.html.erb
  Rendering admin/vendors/index.html.erb within layouts/admin
  [1m[36mVendor Exists? (0.2ms)[0m  [1m[34mSELECT 1 AS one FROM "vendors" LIMIT 1 /*action='index',application='FreightSolutionBackEnd',controller='vendors'*/[0m
  ↳ app/views/admin/vendors/index.html.erb:17
  Rendered admin/vendors/index.html.erb within layouts/admin (Duration: 1.2ms | GC: 0.0ms)
  [1m[36mUser Load (0.2ms)[0m  [1m[34mSELECT "users".* FROM "users" WHERE "users"."id" = 1 LIMIT 1 /*action='index',application='FreightSolutionBackEnd',controller='vendors'*/[0m
  ↳ app/controllers/admin/base_controller.rb:14:in 'Admin::BaseController#current_user'
  Rendered layout layouts/admin.html.erb (Duration: 2.2ms | GC: 0.0ms)
Completed 200 OK in 3ms (Views: 2.4ms | ActiveRecord: 0.4ms (2 queries, 0 cached) | GC: 0.0ms)


Started GET "/admin/employees" for 127.0.0.1 at 2026-04-14 15:17:23 +0200
Processing by Admin::EmployeesController#index as HTML
  Rendering layout layouts/admin.html.erb
  Rendering admin/employees/index.html.erb within layouts/admin
  [1m[36mEmployee Exists? (0.2ms)[0m  [1m[34mSELECT 1 AS one FROM "employees" LIMIT 1 /*action='index',application='FreightSolutionBackEnd',controller='employees'*/[0m
  ↳ app/views/admin/employees/index.html.erb:17
  [1m[36mEmployee Load (0.1ms)[0m  [1m[34mSELECT "employees".* FROM "employees" ORDER BY "employees"."created_at" DESC /*action='index',application='FreightSolutionBackEnd',controller='employees'*/[0m
  ↳ app/views/admin/employees/index.html.erb:31
  Rendered admin/employees/index.html.erb within layouts/admin (Duration: 4.8ms | GC: 0.0ms)
  [1m[36mUser Load (0.1ms)[0m  [1m[34mSELECT "users".* FROM "users" WHERE "users"."id" = 1 LIMIT 1 /*action='index',application='FreightSolutionBackEnd',controller='employees'*/[0m
  ↳ app/controllers/admin/employees_controller.rb:55:in 'Admin::EmployeesController#current_user'
  Rendered layout layouts/admin.html.erb (Duration: 6.5ms | GC: 0.6ms)
Completed 200 OK in 10ms (Views: 7.7ms | ActiveRecord: 1.5ms (3 queries, 0 cached) | GC: 1.7ms)


Started GET "/admin/employees/new" for 127.0.0.1 at 2026-04-14 15:17:28 +0200
Processing by Admin::EmployeesController#new as HTML
  Rendering layout layouts/admin.html.erb
  Rendering admin/employees/new.html.erb within layouts/admin
  Rendered admin/employees/new.html.erb within layouts/admin (Duration: 2.5ms | GC: 0.6ms)
  [1m[36mUser Load (0.2ms)[0m  [1m[34mSELECT "users".* FROM "users" WHERE "users"."id" = 1 LIMIT 1 /*action='new',application='FreightSolutionBackEnd',controller='employees'*/[0m
  ↳ app/controllers/admin/employees_controller.rb:55:in 'Admin::EmployeesController#current_user'
  Rendered layout layouts/admin.html.erb (Duration: 3.8ms | GC: 0.6ms)
Completed 200 OK in 5ms (Views: 3.9ms | ActiveRecord: 0.2ms (1 query, 0 cached) | GC: 0.6ms)


Started GET "/admin/employees" for 127.0.0.1 at 2026-04-14 15:17:31 +0200
Processing by Admin::EmployeesController#index as HTML
  Rendering layout layouts/admin.html.erb
  Rendering admin/employees/index.html.erb within layouts/admin
  [1m[36mEmployee Exists? (0.2ms)[0m  [1m[34mSELECT 1 AS one FROM "employees" LIMIT 1 /*action='index',application='FreightSolutionBackEnd',controller='employees'*/[0m
  ↳ app/views/admin/employees/index.html.erb:17
  [1m[36mEmployee Load (0.2ms)[0m  [1m[34mSELECT "employees".* FROM "employees" ORDER BY "employees"."created_at" DESC /*action='index',application='FreightSolutionBackEnd',controller='employees'*/[0m
  ↳ app/views/admin/employees/index.html.erb:31
  Rendered admin/employees/index.html.erb within layouts/admin (Duration: 2.2ms | GC: 0.0ms)
  [1m[36mUser Load (0.2ms)[0m  [1m[34mSELECT "users".* FROM "users" WHERE "users"."id" = 1 LIMIT 1 /*action='index',application='FreightSolutionBackEnd',controller='employees'*/[0m
  ↳ app/controllers/admin/employees_controller.rb:55:in 'Admin::EmployeesController#current_user'
  Rendered layout layouts/admin.html.erb (Duration: 3.4ms | GC: 0.0ms)
Completed 200 OK in 4ms (Views: 3.1ms | ActiveRecord: 0.5ms (3 queries, 0 cached) | GC: 0.0ms)


Started GET "/admin/employees/1/edit" for 127.0.0.1 at 2026-04-14 15:17:32 +0200
Processing by Admin::EmployeesController#edit as HTML
  Parameters: {"id" => "1"}
  [1m[36mEmployee Load (0.2ms)[0m  [1m[34mSELECT "employees".* FROM "employees" WHERE "employees"."id" = 1 LIMIT 1 /*action='edit',application='FreightSolutionBackEnd',controller='employees'*/[0m
  ↳ app/controllers/admin/employees_controller.rb:28:in 'Admin::EmployeesController#edit'
  Rendering layout layouts/admin.html.erb
  Rendering admin/employees/edit.html.erb within layouts/admin
  Rendered admin/employees/edit.html.erb within layouts/admin (Duration: 1.6ms | GC: 0.0ms)
  [1m[36mUser Load (0.2ms)[0m  [1m[34mSELECT "users".* FROM "users" WHERE "users"."id" = 1 LIMIT 1 /*action='edit',application='FreightSolutionBackEnd',controller='employees'*/[0m
  ↳ app/controllers/admin/employees_controller.rb:55:in 'Admin::EmployeesController#current_user'
  Rendered layout layouts/admin.html.erb (Duration: 2.9ms | GC: 0.0ms)
Completed 200 OK in 5ms (Views: 3.0ms | ActiveRecord: 0.4ms (2 queries, 0 cached) | GC: 0.0ms)


Started GET "/admin/vendors" for 127.0.0.1 at 2026-04-14 15:17:34 +0200
Processing by Admin::VendorsController#index as HTML
  Rendering layout layouts/admin.html.erb
  Rendering admin/vendors/index.html.erb within layouts/admin
  [1m[36mVendor Exists? (0.3ms)[0m  [1m[34mSELECT 1 AS one FROM "vendors" LIMIT 1 /*action='index',application='FreightSolutionBackEnd',controller='vendors'*/[0m
  ↳ app/views/admin/vendors/index.html.erb:17
  Rendered admin/vendors/index.html.erb within layouts/admin (Duration: 1.2ms | GC: 0.0ms)
  [1m[36mUser Load (0.2ms)[0m  [1m[34mSELECT "users".* FROM "users" WHERE "users"."id" = 1 LIMIT 1 /*action='index',application='FreightSolutionBackEnd',controller='vendors'*/[0m
  ↳ app/controllers/admin/base_controller.rb:14:in 'Admin::BaseController#current_user'
  Rendered layout layouts/admin.html.erb (Duration: 2.3ms | GC: 0.0ms)
Completed 200 OK in 3ms (Views: 2.2ms | ActiveRecord: 0.4ms (2 queries, 0 cached) | GC: 0.0ms)


Started GET "/admin/vendors/new" for 127.0.0.1 at 2026-04-14 15:17:36 +0200
Processing by Admin::VendorsController#new as HTML
  Rendering layout layouts/admin.html.erb
  Rendering admin/vendors/new.html.erb within layouts/admin
  Rendered admin/vendors/new.html.erb within layouts/admin (Duration: 1.9ms | GC: 0.0ms)
  [1m[36mUser Load (0.3ms)[0m  [1m[34mSELECT "users".* FROM "users" WHERE "users"."id" = 1 LIMIT 1 /*action='new',application='FreightSolutionBackEnd',controller='vendors'*/[0m
  ↳ app/controllers/admin/base_controller.rb:14:in 'Admin::BaseController#current_user'
  Rendered layout layouts/admin.html.erb (Duration: 3.2ms | GC: 0.0ms)
Completed 200 OK in 7ms (Views: 3.3ms | ActiveRecord: 0.6ms (1 query, 0 cached) | GC: 0.5ms)


Started GET "/admin/shipments" for 127.0.0.1 at 2026-04-14 15:17:53 +0200
Processing by Admin::ShipmentsController#index as HTML
  Rendering layout layouts/admin.html.erb
  Rendering admin/shipments/index.html.erb within layouts/admin
  [1m[36mShipment Exists? (0.3ms)[0m  [1m[34mSELECT 1 AS one FROM "shipments" LIMIT 1 /*action='index',application='FreightSolutionBackEnd',controller='shipments'*/[0m
  ↳ app/views/admin/shipments/index.html.erb:16
  Rendered admin/shipments/index.html.erb within layouts/admin (Duration: 1.9ms | GC: 0.0ms)
  [1m[36mUser Load (0.2ms)[0m  [1m[34mSELECT "users".* FROM "users" WHERE "users"."id" = 1 LIMIT 1 /*action='index',application='FreightSolutionBackEnd',controller='shipments'*/[0m
  ↳ app/controllers/admin/base_controller.rb:14:in 'Admin::BaseController#current_user'
  Rendered layout layouts/admin.html.erb (Duration: 3.1ms | GC: 0.0ms)
Completed 200 OK in 4ms (Views: 2.9ms | ActiveRecord: 0.5ms (2 queries, 0 cached) | GC: 0.0ms)


Started GET "/admin/vendors" for 127.0.0.1 at 2026-04-14 15:17:55 +0200
Processing by Admin::VendorsController#index as HTML
  Rendering layout layouts/admin.html.erb
  Rendering admin/vendors/index.html.erb within layouts/admin
  [1m[36mVendor Exists? (0.2ms)[0m  [1m[34mSELECT 1 AS one FROM "vendors" LIMIT 1 /*action='index',application='FreightSolutionBackEnd',controller='vendors'*/[0m
  ↳ app/views/admin/vendors/index.html.erb:17
  Rendered admin/vendors/index.html.erb within layouts/admin (Duration: 1.2ms | GC: 0.0ms)
  [1m[36mUser Load (0.2ms)[0m  [1m[34mSELECT "users".* FROM "users" WHERE "users"."id" = 1 LIMIT 1 /*action='index',application='FreightSolutionBackEnd',controller='vendors'*/[0m
  ↳ app/controllers/admin/base_controller.rb:14:in 'Admin::BaseController#current_user'
  Rendered layout layouts/admin.html.erb (Duration: 2.3ms | GC: 0.0ms)
Completed 200 OK in 3ms (Views: 2.5ms | ActiveRecord: 0.4ms (2 queries, 0 cached) | GC: 0.3ms)


Started GET "/admin/shipments" for 127.0.0.1 at 2026-04-14 15:17:56 +0200
Processing by Admin::ShipmentsController#index as HTML
  Rendering layout layouts/admin.html.erb
  Rendering admin/shipments/index.html.erb within layouts/admin
  [1m[36mShipment Exists? (0.2ms)[0m  [1m[34mSELECT 1 AS one FROM "shipments" LIMIT 1 /*action='index',application='FreightSolutionBackEnd',controller='shipments'*/[0m
  ↳ app/views/admin/shipments/index.html.erb:16
  Rendered admin/shipments/index.html.erb within layouts/admin (Duration: 1.4ms | GC: 0.0ms)
  [1m[36mUser Load (0.2ms)[0m  [1m[34mSELECT "users".* FROM "users" WHERE "users"."id" = 1 LIMIT 1 /*action='index',application='FreightSolutionBackEnd',controller='shipments'*/[0m
  ↳ app/controllers/admin/base_controller.rb:14:in 'Admin::BaseController#current_user'
  Rendered layout layouts/admin.html.erb (Duration: 2.6ms | GC: 0.0ms)
Completed 200 OK in 3ms (Views: 2.5ms | ActiveRecord: 0.4ms (2 queries, 0 cached) | GC: 0.0ms)


Started GET "/admin/invoices" for 127.0.0.1 at 2026-04-14 15:17:56 +0200
Processing by Admin::InvoicesController#index as HTML
  Rendering layout layouts/admin.html.erb
  Rendering admin/invoices/index.html.erb within layouts/admin
  [1m[36mInvoice Exists? (0.3ms)[0m  [1m[34mSELECT 1 AS one FROM "invoices" LIMIT 1 /*action='index',application='FreightSolutionBackEnd',controller='invoices'*/[0m
  ↳ app/views/admin/invoices/index.html.erb:9
  Rendered admin/invoices/index.html.erb within layouts/admin (Duration: 2.5ms | GC: 0.0ms)
  [1m[36mUser Load (0.4ms)[0m  [1m[34mSELECT "users".* FROM "users" WHERE "users"."id" = 1 LIMIT 1 /*action='index',application='FreightSolutionBackEnd',controller='invoices'*/[0m
  ↳ app/controllers/admin/base_controller.rb:14:in 'Admin::BaseController#current_user'
  Rendered layout layouts/admin.html.erb (Duration: 5.1ms | GC: 0.3ms)
Completed 200 OK in 7ms (Views: 5.4ms | ActiveRecord: 0.7ms (2 queries, 0 cached) | GC: 0.3ms)


Started GET "/admin/invoices/new" for 127.0.0.1 at 2026-04-14 15:17:58 +0200
Processing by Admin::InvoicesController#new as HTML
  Rendering layout layouts/admin.html.erb
  Rendering admin/invoices/new.html.erb within layouts/admin
  [1m[36mVendor Load (0.2ms)[0m  [1m[34mSELECT "vendors".* FROM "vendors" /*action='new',application='FreightSolutionBackEnd',controller='invoices'*/[0m
  ↳ app/views/admin/invoices/new.html.erb:7
  Rendered admin/invoices/new.html.erb within layouts/admin (Duration: 3.4ms | GC: 0.3ms)
  [1m[36mUser Load (0.3ms)[0m  [1m[34mSELECT "users".* FROM "users" WHERE "users"."id" = 1 LIMIT 1 /*action='new',application='FreightSolutionBackEnd',controller='invoices'*/[0m
  ↳ app/controllers/admin/base_controller.rb:14:in 'Admin::BaseController#current_user'
  Rendered layout layouts/admin.html.erb (Duration: 4.8ms | GC: 0.3ms)
Completed 200 OK in 8ms (Views: 4.6ms | ActiveRecord: 0.8ms (2 queries, 0 cached) | GC: 0.3ms)


